0
SECTION
2
ENTITIES
0
CIRCLE
8
STATOR_STEEL
10
0.0000
20
0.0000
40
112.5000
0
CIRCLE
8
STATOR_STEEL
10
0.0000
20
0.0000
40
80.5000
0
LWPOLYLINE
8
SLOT_AIR
90
18
70
1
10
80.0000
20
-0.9500
10
81.5000
20
-0.9500
10
81.5000
20
-1.9415
10
98.5000
20
-1.9415
10
98.8090
20
-1.8925
10
99.0878
20
-1.7505
10
99.3090
20
-1.5293
10
99.4511
20
-1.2505
10
99.5000
20
-0.9415
10
99.5000
20
0.9415
10
99.4511
20
1.2505
10
99.3090
20
1.5293
10
99.0878
20
1.7505
10
98.8090
20
1.8925
10
98.5000
20
1.9415
10
81.5000
20
1.9415
10
81.5000
20
0.9500
10
80.0000
20
0.9500
0
LWPOLYLINE
8
SLOT_AIR
90
18
70
1
10
79.5694
20
8.3439
10
81.0592
20
8.5180
10
81.1743
20
7.5332
10
98.0594
20
9.5068
10
98.3606
20
9.5913
10
98.6210
20
9.7647
10
98.8151
20
10.0102
10
98.9238
20
10.3035
10
98.9365
20
10.6161
10
98.7179
20
12.4864
10
98.6334
20
12.7876
10
98.4600
20
13.0480
10
98.2146
20
13.2420
10
97.9212
20
13.3508
10
97.6086
20
13.3635
10
80.7235
20
11.3899
10
80.8386
20
10.4051
10
79.3488
20
10.2310
0
LWPOLYLINE
8
SLOT_AIR
90
18
70
1
10
78.0627
20
17.5249
10
79.5222
20
17.8708
10
79.7509
20
16.9060
10
96.2927
20
20.8265
10
96.5821
20
20.9454
10
96.8206
20
21.1479
10
96.9848
20
21.4142
10
97.0587
20
21.7182
10
97.0351
20
22.0302
10
96.6008
20
23.8624
10
96.4820
20
24.1518
10
96.2795
20
24.3903
10
96.0132
20
24.5545
10
95.7092
20
24.6284
10
95.3972
20
24.6048
10
78.8554
20
20.6843
10
79.0841
20
19.7196
10
77.6245
20
19.3737
0
LWPOLYLINE
8
SLOT_AIR
90
18
70
1
10
75.5003
20
26.4689
10
76.9099
20
26.9819
10
77.2490
20
26.0502
10
93.2237
20
31.8646
10
93.4974
20
32.0163
10
93.7108
20
32.2451
10
93.8430
20
32.5286
10
93.8811
20
32.8392
10
93.8214
20
33.1463
10
93.1774
20
34.9157
10
93.0257
20
35.1893
10
92.7969
20
35.4027
10
92.5134
20
35.5349
10
92.2028
20
35.5731
10
91.8957
20
35.5134
10
75.9209
20
29.6990
10
76.2600
20
28.7673
10
74.8505
20
28.2543
0
LWPOLYLINE
8
SLOT_AIR
90
18
70
1
10
71.9170
20
35.0550
10
73.2574
20
35.7282
10
73.7024
20
34.8422
10
88.8941
20
42.4718
10
89.1483
20
42.6542
10
89.3337
20
42.9062
10
89.4321
20
43.2032
10
89.4339
20
43.5161
10
89.3390
20
43.8142
10
88.4939
20
45.4969
10
88.3115
20
45.7510
10
88.0594
20
45.9364
10
87.7625
20
46.0348
10
87.4496
20
46.0366
10
87.1515
20
45.9417
10
71.9597
20
38.3121
10
72.4047
20
37.4261
10
71.0643
20
36.7529
0
LWPOLYLINE
8
SLOT_AIR
90
18
70
1
10
67.3611
20
43.1670
10
68.6143
20
43.9913
10
69.1591
20
43.1629
10
83.3624
20
52.5046
10
83.5937
20
52.7153
10
83.7485
20
52.9871
10
83.8118
20
53.2935
10
83.7773
20
53.6045
10
83.6484
20
53.8895
10
82.6137
20
55.4627
10
82.4030
20
55.6940
10
82.1311
20
55.8489
10
81.8247
20
55.9121
10
81.5138
20
55.8776
10
81.2287
20
55.7487
10
67.0254
20
46.4071
10
67.5702
20
45.5787
10
66.3170
20
44.7544
0
LWPOLYLINE
8
SLOT_AIR
90
18
70
1
10
61.8942
20
50.6953
10
63.0433
20
51.6594
10
63.6806
20
50.8999
10
76.7033
20
61.8273
10
76.9086
20
62.0634
10
77.0308
20
62.3514
10
77.0581
20
62.6631
10
76.9877
20
62.9680
10
76.8266
20
63.2362
10
75.6163
20
64.6786
10
75.3801
20
64.8838
10
75.0921
20
65.0061
10
74.7805
20
65.0334
10
74.4756
20
64.9630
10
74.2074
20
64.8018
10
61.1847
20
53.8744
10
61.8220
20
53.1149
10
60.6729
20
52.1508
0
LWPOLYLINE
8
SLOT_AIR
90
18
70
1
10
55.5903
20
57.5380
10
56.6197
20
58.6290
10
57.3409
20
57.9486
10
69.0070
20
70.3140
10
69.1834
20
70.5723
10
69.2714
20
70.8726
10
69.2623
20
71.1853
10
69.1570
20
71.4799
10
68.9658
20
71.7276
10
67.5962
20
73.0198
10
67.3379
20
73.1962
10
67.0376
20
73.2842
10
66.7249
20
73.2751
10
66.4303
20
73.1698
10
66.1826
20
72.9786
10
54.5165
20
60.6133
10
55.2377
20
59.9329
10
54.2083
20
58.8418
0
LWPOLYLINE
8
SLOT_AIR
90
18
70
1
10
48.5347
20
63.6026
10
49.4304
20
64.8057
10
50.2257
20
64.2137
10
60.3774
20
77.8498
10
60.5227
20
78.1269
10
60.5752
20
78.4353
10
60.5299
20
78.7449
10
60.3911
20
79.0253
10
60.1725
20
79.2490
10
58.6621
20
80.3735
10
58.3850
20
80.5187
10
58.0766
20
80.5713
10
57.7670
20
80.5259
10
57.4866
20
80.3871
10
57.2628
20
80.1685
10
47.1111
20
66.5324
10
47.9064
20
65.9403
10
47.0107
20
64.7372
0
LWPOLYLINE
8
SLOT_AIR
90
18
70
1
10
40.8227
20
68.8070
10
41.5727
20
70.1061
10
42.4314
20
69.6103
10
50.9314
20
84.3328
10
51.0435
20
84.6249
10
51.0599
20
84.9373
10
50.9789
20
85.2395
10
50.8085
20
85.5019
10
50.5653
20
85.6988
10
48.9347
20
86.6403
10
48.6426
20
86.7524
10
48.3301
20
86.7688
10
48.0279
20
86.6878
10
47.7655
20
86.5174
10
47.5686
20
86.2742
10
39.0686
20
71.5518
10
39.9273
20
71.0561
10
39.1773
20
69.7570
0
LWPOLYLINE
8
SLOT_AIR
90
18
70
1
10
32.5587
20
73.0810
10
33.1528
20
74.4583
10
34.0632
20
74.0656
10
40.7966
20
89.6753
10
40.8740
20
89.9784
10
40.8540
20
90.2907
10
40.7385
20
90.5814
10
40.5388
20
90.8223
10
40.2744
20
90.9896
10
38.5455
20
91.7354
10
38.2423
20
91.8129
10
37.9301
20
91.7928
10
37.6393
20
91.6773
10
37.3985
20
91.4776
10
37.2312
20
91.2133
10
30.4978
20
75.6036
10
31.4082
20
75.2109
10
30.8141
20
73.8336
0
LWPOLYLINE
8
SLOT_AIR
90
18
70
1
10
23.8543
20
76.3667
10
24.2846
20
77.8037
10
25.2344
20
77.5193
10
30.1100
20
93.8051
10
30.1518
20
94.1152
10
30.0957
20
94.4230
10
29.9472
20
94.6984
10
29.7208
20
94.9144
10
29.4388
20
95.0499
10
27.6350
20
95.5900
10
27.3249
20
95.6317
10
27.0171
20
95.5756
10
26.7417
20
95.4271
10
26.5257
20
95.2008
10
26.3902
20
94.9188
10
21.5145
20
78.6330
10
22.4644
20
78.3486
10
22.0342
20
76.9116
0
LWPOLYLINE
8
SLOT_AIR
90
18
70
1
10
14.8274
20
78.6197
10
15.0879
20
80.0969
10
16.0643
20
79.9247
10
19.0163
20
96.6664
10
19.0218
20
96.9793
10
18.9303
20
97.2784
10
18.7509
20
97.5347
10
18.5010
20
97.7230
10
18.2052
20
97.8249
10
16.3508
20
98.1519
10
16.0380
20
98.1573
10
15.7388
20
98.0658
10
15.4825
20
97.8864
10
15.2942
20
97.6365
10
15.1924
20
97.3407
10
12.2403
20
80.5990
10
13.2168
20
80.4268
10
12.9563
20
78.9496
0
LWPOLYLINE
8
SLOT_AIR
90
18
70
1
10
5.6000
20
79.8094
10
5.6872
20
81.3069
10
6.6770
20
81.2492
10
7.6655
20
98.2205
10
7.6346
20
98.5318
10
7.5090
20
98.8184
10
7.3010
20
99.0521
10
7.0309
20
99.2101
10
6.7253
20
99.2769
10
4.8455
20
99.3864
10
4.5342
20
99.3555
10
4.2476
20
99.2299
10
4.0139
20
99.0219
10
3.8559
20
98.7519
10
3.7891
20
98.4462
10
2.8006
20
81.4750
10
3.7904
20
81.4174
10
3.7032
20
79.9199
0
LWPOLYLINE
8
SLOT_AIR
90
18
70
1
10
-3.7032
20
79.9199
10
-3.7904
20
81.4174
10
-2.8006
20
81.4750
10
-3.7891
20
98.4462
10
-3.8559
20
98.7519
10
-4.0139
20
99.0219
10
-4.2476
20
99.2299
10
-4.5342
20
99.3555
10
-4.8455
20
99.3864
10
-6.7253
20
99.2769
10
-7.0309
20
99.2101
10
-7.3010
20
99.0521
10
-7.5090
20
98.8184
10
-7.6346
20
98.5318
10
-7.6655
20
98.2205
10
-6.6770
20
81.2492
10
-5.6872
20
81.3069
10
-5.6000
20
79.8094
0
LWPOLYLINE
8
SLOT_AIR
90
18
70
1
10
-12.9563
20
78.9496
10
-13.2168
20
80.4268
10
-12.2403
20
80.5990
10
-15.1924
20
97.3407
10
-15.2942
20
97.6365
10
-15.4825
20
97.8864
10
-15.7388
20
98.0658
10
-16.0380
20
98.1573
10
-16.3508
20
98.1519
10
-18.2052
20
97.8249
10
-18.5010
20
97.7230
10
-18.7509
20
97.5347
10
-18.9303
20
97.2784
10
-19.0218
20
96.9793
10
-19.0163
20
96.6664
10
-16.0643
20
79.9247
10
-15.0879
20
80.0969
10
-14.8274
20
78.6197
0
LWPOLYLINE
8
SLOT_AIR
90
18
70
1
10
-22.0342
20
76.9116
10
-22.4644
20
78.3486
10
-21.5145
20
78.6330
10
-26.3902
20
94.9188
10
-26.5257
20
95.2008
10
-26.7417
20
95.4271
10
-27.0171
20
95.5756
10
-27.3249
20
95.6317
10
-27.6350
20
95.5900
10
-29.4388
20
95.0499
10
-29.7208
20
94.9144
10
-29.9472
20
94.6984
10
-30.0957
20
94.4230
10
-30.1518
20
94.1152
10
-30.1100
20
93.8051
10
-25.2344
20
77.5193
10
-24.2846
20
77.8037
10
-23.8543
20
76.3667
0
LWPOLYLINE
8
SLOT_AIR
90
18
70
1
10
-30.8141
20
73.8336
10
-31.4082
20
75.2109
10
-30.4978
20
75.6036
10
-37.2312
20
91.2133
10
-37.3985
20
91.4776
10
-37.6393
20
91.6773
10
-37.9301
20
91.7928
10
-38.2423
20
91.8129
10
-38.5455
20
91.7354
10
-40.2744
20
90.9896
10
-40.5388
20
90.8223
10
-40.7385
20
90.5814
10
-40.8540
20
90.2907
10
-40.8740
20
89.9784
10
-40.7966
20
89.6753
10
-34.0632
20
74.0656
10
-33.1528
20
74.4583
10
-32.5587
20
73.0810
0
LWPOLYLINE
8
SLOT_AIR
90
18
70
1
10
-39.1773
20
69.7570
10
-39.9273
20
71.0561
10
-39.0686
20
71.5518
10
-47.5686
20
86.2742
10
-47.7655
20
86.5174
10
-48.0279
20
86.6878
10
-48.3301
20
86.7688
10
-48.6426
20
86.7524
10
-48.9347
20
86.6403
10
-50.5653
20
85.6988
10
-50.8085
20
85.5019
10
-50.9789
20
85.2395
10
-51.0599
20
84.9373
10
-51.0435
20
84.6249
10
-50.9314
20
84.3328
10
-42.4314
20
69.6103
10
-41.5727
20
70.1061
10
-40.8227
20
68.8070
0
LWPOLYLINE
8
SLOT_AIR
90
18
70
1
10
-47.0107
20
64.7372
10
-47.9064
20
65.9403
10
-47.1111
20
66.5324
10
-57.2628
20
80.1685
10
-57.4866
20
80.3871
10
-57.7670
20
80.5259
10
-58.0766
20
80.5713
10
-58.3850
20
80.5187
10
-58.6621
20
80.3735
10
-60.1725
20
79.2490
10
-60.3911
20
79.0253
10
-60.5299
20
78.7449
10
-60.5752
20
78.4353
10
-60.5227
20
78.1269
10
-60.3774
20
77.8498
10
-50.2257
20
64.2137
10
-49.4304
20
64.8057
10
-48.5347
20
63.6026
0
LWPOLYLINE
8
SLOT_AIR
90
18
70
1
10
-54.2083
20
58.8418
10
-55.2377
20
59.9329
10
-54.5165
20
60.6133
10
-66.1826
20
72.9786
10
-66.4303
20
73.1698
10
-66.7249
20
73.2751
10
-67.0376
20
73.2842
10
-67.3379
20
73.1962
10
-67.5962
20
73.0198
10
-68.9658
20
71.7276
10
-69.1570
20
71.4799
10
-69.2623
20
71.1853
10
-69.2714
20
70.8726
10
-69.1834
20
70.5723
10
-69.0070
20
70.3140
10
-57.3409
20
57.9486
10
-56.6197
20
58.6290
10
-55.5903
20
57.5380
0
LWPOLYLINE
8
SLOT_AIR
90
18
70
1
10
-60.6729
20
52.1508
10
-61.8220
20
53.1149
10
-61.1847
20
53.8744
10
-74.2074
20
64.8018
10
-74.4756
20
64.9630
10
-74.7805
20
65.0334
10
-75.0921
20
65.0061
10
-75.3801
20
64.8838
10
-75.6163
20
64.6786
10
-76.8266
20
63.2362
10
-76.9877
20
62.9680
10
-77.0581
20
62.6631
10
-77.0308
20
62.3514
10
-76.9086
20
62.0634
10
-76.7033
20
61.8273
10
-63.6806
20
50.8999
10
-63.0433
20
51.6594
10
-61.8942
20
50.6953
0
LWPOLYLINE
8
SLOT_AIR
90
18
70
1
10
-66.3170
20
44.7544
10
-67.5702
20
45.5787
10
-67.0254
20
46.4071
10
-81.2287
20
55.7487
10
-81.5138
20
55.8776
10
-81.8247
20
55.9121
10
-82.1311
20
55.8489
10
-82.4030
20
55.6940
10
-82.6137
20
55.4627
10
-83.6484
20
53.8895
10
-83.7773
20
53.6045
10
-83.8118
20
53.2935
10
-83.7485
20
52.9871
10
-83.5937
20
52.7153
10
-83.3624
20
52.5046
10
-69.1591
20
43.1629
10
-68.6143
20
43.9913
10
-67.3611
20
43.1670
0
LWPOLYLINE
8
SLOT_AIR
90
18
70
1
10
-71.0643
20
36.7529
10
-72.4047
20
37.4261
10
-71.9597
20
38.3121
10
-87.1515
20
45.9417
10
-87.4496
20
46.0366
10
-87.7625
20
46.0348
10
-88.0594
20
45.9364
10
-88.3115
20
45.7510
10
-88.4939
20
45.4969
10
-89.3390
20
43.8142
10
-89.4339
20
43.5161
10
-89.4321
20
43.2032
10
-89.3337
20
42.9062
10
-89.1483
20
42.6542
10
-88.8941
20
42.4718
10
-73.7024
20
34.8422
10
-73.2574
20
35.7282
10
-71.9170
20
35.0550
0
LWPOLYLINE
8
SLOT_AIR
90
18
70
1
10
-74.8505
20
28.2543
10
-76.2600
20
28.7673
10
-75.9209
20
29.6990
10
-91.8957
20
35.5134
10
-92.2028
20
35.5731
10
-92.5134
20
35.5349
10
-92.7969
20
35.4027
10
-93.0257
20
35.1893
10
-93.1774
20
34.9157
10
-93.8214
20
33.1463
10
-93.8811
20
32.8392
10
-93.8430
20
32.5286
10
-93.7108
20
32.2451
10
-93.4974
20
32.0163
10
-93.2237
20
31.8646
10
-77.2490
20
26.0502
10
-76.9099
20
26.9819
10
-75.5003
20
26.4689
0
LWPOLYLINE
8
SLOT_AIR
90
18
70
1
10
-77.6245
20
19.3737
10
-79.0841
20
19.7196
10
-78.8554
20
20.6843
10
-95.3972
20
24.6048
10
-95.7092
20
24.6284
10
-96.0132
20
24.5545
10
-96.2795
20
24.3903
10
-96.4820
20
24.1518
10
-96.6008
20
23.8624
10
-97.0351
20
22.0302
10
-97.0587
20
21.7182
10
-96.9848
20
21.4142
10
-96.8206
20
21.1479
10
-96.5821
20
20.9454
10
-96.2927
20
20.8265
10
-79.7509
20
16.9060
10
-79.5222
20
17.8708
10
-78.0627
20
17.5249
0
LWPOLYLINE
8
SLOT_AIR
90
18
70
1
10
-79.3488
20
10.2310
10
-80.8386
20
10.4051
10
-80.7235
20
11.3899
10
-97.6086
20
13.3635
10
-97.9212
20
13.3508
10
-98.2146
20
13.2420
10
-98.4600
20
13.0480
10
-98.6334
20
12.7876
10
-98.7179
20
12.4864
10
-98.9365
20
10.6161
10
-98.9238
20
10.3035
10
-98.8151
20
10.0102
10
-98.6210
20
9.7647
10
-98.3606
20
9.5913
10
-98.0594
20
9.5068
10
-81.1743
20
7.5332
10
-81.0592
20
8.5180
10
-79.5694
20
8.3439
0
LWPOLYLINE
8
SLOT_AIR
90
18
70
1
10
-80.0000
20
0.9500
10
-81.5000
20
0.9500
10
-81.5000
20
1.9415
10
-98.5000
20
1.9415
10
-98.8090
20
1.8925
10
-99.0878
20
1.7505
10
-99.3090
20
1.5293
10
-99.4511
20
1.2505
10
-99.5000
20
0.9415
10
-99.5000
20
-0.9415
10
-99.4511
20
-1.2505
10
-99.3090
20
-1.5293
10
-99.0878
20
-1.7505
10
-98.8090
20
-1.8925
10
-98.5000
20
-1.9415
10
-81.5000
20
-1.9415
10
-81.5000
20
-0.9500
10
-80.0000
20
-0.9500
0
LWPOLYLINE
8
SLOT_AIR
90
18
70
1
10
-79.5694
20
-8.3439
10
-81.0592
20
-8.5180
10
-81.1743
20
-7.5332
10
-98.0594
20
-9.5068
10
-98.3606
20
-9.5913
10
-98.6210
20
-9.7647
10
-98.8151
20
-10.0102
10
-98.9238
20
-10.3035
10
-98.9365
20
-10.6161
10
-98.7179
20
-12.4864
10
-98.6334
20
-12.7876
10
-98.4600
20
-13.0480
10
-98.2146
20
-13.2420
10
-97.9212
20
-13.3508
10
-97.6086
20
-13.3635
10
-80.7235
20
-11.3899
10
-80.8386
20
-10.4051
10
-79.3488
20
-10.2310
0
LWPOLYLINE
8
SLOT_AIR
90
18
70
1
10
-78.0627
20
-17.5249
10
-79.5222
20
-17.8708
10
-79.7509
20
-16.9060
10
-96.2927
20
-20.8265
10
-96.5821
20
-20.9454
10
-96.8206
20
-21.1479
10
-96.9848
20
-21.4142
10
-97.0587
20
-21.7182
10
-97.0351
20
-22.0302
10
-96.6008
20
-23.8624
10
-96.4820
20
-24.1518
10
-96.2795
20
-24.3903
10
-96.0132
20
-24.5545
10
-95.7092
20
-24.6284
10
-95.3972
20
-24.6048
10
-78.8554
20
-20.6843
10
-79.0841
20
-19.7196
10
-77.6245
20
-19.3737
0
LWPOLYLINE
8
SLOT_AIR
90
18
70
1
10
-75.5003
20
-26.4689
10
-76.9099
20
-26.9819
10
-77.2490
20
-26.0502
10
-93.2237
20
-31.8646
10
-93.4974
20
-32.0163
10
-93.7108
20
-32.2451
10
-93.8430
20
-32.5286
10
-93.8811
20
-32.8392
10
-93.8214
20
-33.1463
10
-93.1774
20
-34.9157
10
-93.0257
20
-35.1893
10
-92.7969
20
-35.4027
10
-92.5134
20
-35.5349
10
-92.2028
20
-35.5731
10
-91.8957
20
-35.5134
10
-75.9209
20
-29.6990
10
-76.2600
20
-28.7673
10
-74.8505
20
-28.2543
0
LWPOLYLINE
8
SLOT_AIR
90
18
70
1
10
-71.9170
20
-35.0550
10
-73.2574
20
-35.7282
10
-73.7024
20
-34.8422
10
-88.8941
20
-42.4718
10
-89.1483
20
-42.6542
10
-89.3337
20
-42.9062
10
-89.4321
20
-43.2032
10
-89.4339
20
-43.5161
10
-89.3390
20
-43.8142
10
-88.4939
20
-45.4969
10
-88.3115
20
-45.7510
10
-88.0594
20
-45.9364
10
-87.7625
20
-46.0348
10
-87.4496
20
-46.0366
10
-87.1515
20
-45.9417
10
-71.9597
20
-38.3121
10
-72.4047
20
-37.4261
10
-71.0643
20
-36.7529
0
LWPOLYLINE
8
SLOT_AIR
90
18
70
1
10
-67.3611
20
-43.1670
10
-68.6143
20
-43.9913
10
-69.1591
20
-43.1629
10
-83.3624
20
-52.5046
10
-83.5937
20
-52.7153
10
-83.7485
20
-52.9871
10
-83.8118
20
-53.2935
10
-83.7773
20
-53.6045
10
-83.6484
20
-53.8895
10
-82.6137
20
-55.4627
10
-82.4030
20
-55.6940
10
-82.1311
20
-55.8489
10
-81.8247
20
-55.9121
10
-81.5138
20
-55.8776
10
-81.2287
20
-55.7487
10
-67.0254
20
-46.4071
10
-67.5702
20
-45.5787
10
-66.3170
20
-44.7544
0
LWPOLYLINE
8
SLOT_AIR
90
18
70
1
10
-61.8942
20
-50.6953
10
-63.0433
20
-51.6594
10
-63.6806
20
-50.8999
10
-76.7033
20
-61.8273
10
-76.9086
20
-62.0634
10
-77.0308
20
-62.3514
10
-77.0581
20
-62.6631
10
-76.9877
20
-62.9680
10
-76.8266
20
-63.2362
10
-75.6163
20
-64.6786
10
-75.3801
20
-64.8838
10
-75.0921
20
-65.0061
10
-74.7805
20
-65.0334
10
-74.4756
20
-64.9630
10
-74.2074
20
-64.8018
10
-61.1847
20
-53.8744
10
-61.8220
20
-53.1149
10
-60.6729
20
-52.1508
0
LWPOLYLINE
8
SLOT_AIR
90
18
70
1
10
-55.5903
20
-57.5380
10
-56.6197
20
-58.6290
10
-57.3409
20
-57.9486
10
-69.0070
20
-70.3140
10
-69.1834
20
-70.5723
10
-69.2714
20
-70.8726
10
-69.2623
20
-71.1853
10
-69.1570
20
-71.4799
10
-68.9658
20
-71.7276
10
-67.5962
20
-73.0198
10
-67.3379
20
-73.1962
10
-67.0376
20
-73.2842
10
-66.7249
20
-73.2751
10
-66.4303
20
-73.1698
10
-66.1826
20
-72.9786
10
-54.5165
20
-60.6133
10
-55.2377
20
-59.9329
10
-54.2083
20
-58.8418
0
LWPOLYLINE
8
SLOT_AIR
90
18
70
1
10
-48.5347
20
-63.6026
10
-49.4304
20
-64.8057
10
-50.2257
20
-64.2137
10
-60.3774
20
-77.8498
10
-60.5227
20
-78.1269
10
-60.5752
20
-78.4353
10
-60.5299
20
-78.7449
10
-60.3911
20
-79.0253
10
-60.1725
20
-79.2490
10
-58.6621
20
-80.3735
10
-58.3850
20
-80.5187
10
-58.0766
20
-80.5713
10
-57.7670
20
-80.5259
10
-57.4866
20
-80.3871
10
-57.2628
20
-80.1685
10
-47.1111
20
-66.5324
10
-47.9064
20
-65.9403
10
-47.0107
20
-64.7372
0
LWPOLYLINE
8
SLOT_AIR
90
18
70
1
10
-40.8227
20
-68.8070
10
-41.5727
20
-70.1061
10
-42.4314
20
-69.6103
10
-50.9314
20
-84.3328
10
-51.0435
20
-84.6249
10
-51.0599
20
-84.9373
10
-50.9789
20
-85.2395
10
-50.8085
20
-85.5019
10
-50.5653
20
-85.6988
10
-48.9347
20
-86.6403
10
-48.6426
20
-86.7524
10
-48.3301
20
-86.7688
10
-48.0279
20
-86.6878
10
-47.7655
20
-86.5174
10
-47.5686
20
-86.2742
10
-39.0686
20
-71.5518
10
-39.9273
20
-71.0561
10
-39.1773
20
-69.7570
0
LWPOLYLINE
8
SLOT_AIR
90
18
70
1
10
-32.5587
20
-73.0810
10
-33.1528
20
-74.4583
10
-34.0632
20
-74.0656
10
-40.7966
20
-89.6753
10
-40.8740
20
-89.9784
10
-40.8540
20
-90.2907
10
-40.7385
20
-90.5814
10
-40.5388
20
-90.8223
10
-40.2744
20
-90.9896
10
-38.5455
20
-91.7354
10
-38.2423
20
-91.8129
10
-37.9301
20
-91.7928
10
-37.6393
20
-91.6773
10
-37.3985
20
-91.4776
10
-37.2312
20
-91.2133
10
-30.4978
20
-75.6036
10
-31.4082
20
-75.2109
10
-30.8141
20
-73.8336
0
LWPOLYLINE
8
SLOT_AIR
90
18
70
1
10
-23.8543
20
-76.3667
10
-24.2846
20
-77.8037
10
-25.2344
20
-77.5193
10
-30.1100
20
-93.8051
10
-30.1518
20
-94.1152
10
-30.0957
20
-94.4230
10
-29.9472
20
-94.6984
10
-29.7208
20
-94.9144
10
-29.4388
20
-95.0499
10
-27.6350
20
-95.5900
10
-27.3249
20
-95.6317
10
-27.0171
20
-95.5756
10
-26.7417
20
-95.4271
10
-26.5257
20
-95.2008
10
-26.3902
20
-94.9188
10
-21.5145
20
-78.6330
10
-22.4644
20
-78.3486
10
-22.0342
20
-76.9116
0
LWPOLYLINE
8
SLOT_AIR
90
18
70
1
10
-14.8274
20
-78.6197
10
-15.0879
20
-80.0969
10
-16.0643
20
-79.9247
10
-19.0163
20
-96.6664
10
-19.0218
20
-96.9793
10
-18.9303
20
-97.2784
10
-18.7509
20
-97.5347
10
-18.5010
20
-97.7230
10
-18.2052
20
-97.8249
10
-16.3508
20
-98.1519
10
-16.0380
20
-98.1573
10
-15.7388
20
-98.0658
10
-15.4825
20
-97.8864
10
-15.2942
20
-97.6365
10
-15.1924
20
-97.3407
10
-12.2403
20
-80.5990
10
-13.2168
20
-80.4268
10
-12.9563
20
-78.9496
0
LWPOLYLINE
8
SLOT_AIR
90
18
70
1
10
-5.6000
20
-79.8094
10
-5.6872
20
-81.3069
10
-6.6770
20
-81.2492
10
-7.6655
20
-98.2205
10
-7.6346
20
-98.5318
10
-7.5090
20
-98.8184
10
-7.3010
20
-99.0521
10
-7.0309
20
-99.2101
10
-6.7253
20
-99.2769
10
-4.8455
20
-99.3864
10
-4.5342
20
-99.3555
10
-4.2476
20
-99.2299
10
-4.0139
20
-99.0219
10
-3.8559
20
-98.7519
10
-3.7891
20
-98.4462
10
-2.8006
20
-81.4750
10
-3.7904
20
-81.4174
10
-3.7032
20
-79.9199
0
LWPOLYLINE
8
SLOT_AIR
90
18
70
1
10
3.7032
20
-79.9199
10
3.7904
20
-81.4174
10
2.8006
20
-81.4750
10
3.7891
20
-98.4462
10
3.8559
20
-98.7519
10
4.0139
20
-99.0219
10
4.2476
20
-99.2299
10
4.5342
20
-99.3555
10
4.8455
20
-99.3864
10
6.7253
20
-99.2769
10
7.0309
20
-99.2101
10
7.3010
20
-99.0521
10
7.5090
20
-98.8184
10
7.6346
20
-98.5318
10
7.6655
20
-98.2205
10
6.6770
20
-81.2492
10
5.6872
20
-81.3069
10
5.6000
20
-79.8094
0
LWPOLYLINE
8
SLOT_AIR
90
18
70
1
10
12.9563
20
-78.9496
10
13.2168
20
-80.4268
10
12.2403
20
-80.5990
10
15.1924
20
-97.3407
10
15.2942
20
-97.6365
10
15.4825
20
-97.8864
10
15.7388
20
-98.0658
10
16.0380
20
-98.1573
10
16.3508
20
-98.1519
10
18.2052
20
-97.8249
10
18.5010
20
-97.7230
10
18.7509
20
-97.5347
10
18.9303
20
-97.2784
10
19.0218
20
-96.9793
10
19.0163
20
-96.6664
10
16.0643
20
-79.9247
10
15.0879
20
-80.0969
10
14.8274
20
-78.6197
0
LWPOLYLINE
8
SLOT_AIR
90
18
70
1
10
22.0342
20
-76.9116
10
22.4644
20
-78.3486
10
21.5145
20
-78.6330
10
26.3902
20
-94.9188
10
26.5257
20
-95.2008
10
26.7417
20
-95.4271
10
27.0171
20
-95.5756
10
27.3249
20
-95.6317
10
27.6350
20
-95.5900
10
29.4388
20
-95.0499
10
29.7208
20
-94.9144
10
29.9472
20
-94.6984
10
30.0957
20
-94.4230
10
30.1518
20
-94.1152
10
30.1100
20
-93.8051
10
25.2344
20
-77.5193
10
24.2846
20
-77.8037
10
23.8543
20
-76.3667
0
LWPOLYLINE
8
SLOT_AIR
90
18
70
1
10
30.8141
20
-73.8336
10
31.4082
20
-75.2109
10
30.4978
20
-75.6036
10
37.2312
20
-91.2133
10
37.3985
20
-91.4776
10
37.6393
20
-91.6773
10
37.9301
20
-91.7928
10
38.2423
20
-91.8129
10
38.5455
20
-91.7354
10
40.2744
20
-90.9896
10
40.5388
20
-90.8223
10
40.7385
20
-90.5814
10
40.8540
20
-90.2907
10
40.8740
20
-89.9784
10
40.7966
20
-89.6753
10
34.0632
20
-74.0656
10
33.1528
20
-74.4583
10
32.5587
20
-73.0810
0
LWPOLYLINE
8
SLOT_AIR
90
18
70
1
10
39.1773
20
-69.7570
10
39.9273
20
-71.0561
10
39.0686
20
-71.5518
10
47.5686
20
-86.2742
10
47.7655
20
-86.5174
10
48.0279
20
-86.6878
10
48.3301
20
-86.7688
10
48.6426
20
-86.7524
10
48.9347
20
-86.6403
10
50.5653
20
-85.6988
10
50.8085
20
-85.5019
10
50.9789
20
-85.2395
10
51.0599
20
-84.9373
10
51.0435
20
-84.6249
10
50.9314
20
-84.3328
10
42.4314
20
-69.6103
10
41.5727
20
-70.1061
10
40.8227
20
-68.8070
0
LWPOLYLINE
8
SLOT_AIR
90
18
70
1
10
47.0107
20
-64.7372
10
47.9064
20
-65.9403
10
47.1111
20
-66.5324
10
57.2628
20
-80.1685
10
57.4866
20
-80.3871
10
57.7670
20
-80.5259
10
58.0766
20
-80.5713
10
58.3850
20
-80.5187
10
58.6621
20
-80.3735
10
60.1725
20
-79.2490
10
60.3911
20
-79.0253
10
60.5299
20
-78.7449
10
60.5752
20
-78.4353
10
60.5227
20
-78.1269
10
60.3774
20
-77.8498
10
50.2257
20
-64.2137
10
49.4304
20
-64.8057
10
48.5347
20
-63.6026
0
LWPOLYLINE
8
SLOT_AIR
90
18
70
1
10
54.2083
20
-58.8418
10
55.2377
20
-59.9329
10
54.5165
20
-60.6133
10
66.1826
20
-72.9786
10
66.4303
20
-73.1698
10
66.7249
20
-73.2751
10
67.0376
20
-73.2842
10
67.3379
20
-73.1962
10
67.5962
20
-73.0198
10
68.9658
20
-71.7276
10
69.1570
20
-71.4799
10
69.2623
20
-71.1853
10
69.2714
20
-70.8726
10
69.1834
20
-70.5723
10
69.0070
20
-70.3140
10
57.3409
20
-57.9486
10
56.6197
20
-58.6290
10
55.5903
20
-57.5380
0
LWPOLYLINE
8
SLOT_AIR
90
18
70
1
10
60.6729
20
-52.1508
10
61.8220
20
-53.1149
10
61.1847
20
-53.8744
10
74.2074
20
-64.8018
10
74.4756
20
-64.9630
10
74.7805
20
-65.0334
10
75.0921
20
-65.0061
10
75.3801
20
-64.8838
10
75.6163
20
-64.6786
10
76.8266
20
-63.2362
10
76.9877
20
-62.9680
10
77.0581
20
-62.6631
10
77.0308
20
-62.3514
10
76.9086
20
-62.0634
10
76.7033
20
-61.8273
10
63.6806
20
-50.8999
10
63.0433
20
-51.6594
10
61.8942
20
-50.6953
0
LWPOLYLINE
8
SLOT_AIR
90
18
70
1
10
66.3170
20
-44.7544
10
67.5702
20
-45.5787
10
67.0254
20
-46.4071
10
81.2287
20
-55.7487
10
81.5138
20
-55.8776
10
81.8247
20
-55.9121
10
82.1311
20
-55.8489
10
82.4030
20
-55.6940
10
82.6137
20
-55.4627
10
83.6484
20
-53.8895
10
83.7773
20
-53.6045
10
83.8118
20
-53.2935
10
83.7485
20
-52.9871
10
83.5937
20
-52.7153
10
83.3624
20
-52.5046
10
69.1591
20
-43.1629
10
68.6143
20
-43.9913
10
67.3611
20
-43.1670
0
LWPOLYLINE
8
SLOT_AIR
90
18
70
1
10
71.0643
20
-36.7529
10
72.4047
20
-37.4261
10
71.9597
20
-38.3121
10
87.1515
20
-45.9417
10
87.4496
20
-46.0366
10
87.7625
20
-46.0348
10
88.0594
20
-45.9364
10
88.3115
20
-45.7510
10
88.4939
20
-45.4969
10
89.3390
20
-43.8142
10
89.4339
20
-43.5161
10
89.4321
20
-43.2032
10
89.3337
20
-42.9062
10
89.1483
20
-42.6542
10
88.8941
20
-42.4718
10
73.7024
20
-34.8422
10
73.2574
20
-35.7282
10
71.9170
20
-35.0550
0
LWPOLYLINE
8
SLOT_AIR
90
18
70
1
10
74.8505
20
-28.2543
10
76.2600
20
-28.7673
10
75.9209
20
-29.6990
10
91.8957
20
-35.5134
10
92.2028
20
-35.5731
10
92.5134
20
-35.5349
10
92.7969
20
-35.4027
10
93.0257
20
-35.1893
10
93.1774
20
-34.9157
10
93.8214
20
-33.1463
10
93.8811
20
-32.8392
10
93.8430
20
-32.5286
10
93.7108
20
-32.2451
10
93.4974
20
-32.0163
10
93.2237
20
-31.8646
10
77.2490
20
-26.0502
10
76.9099
20
-26.9819
10
75.5003
20
-26.4689
0
LWPOLYLINE
8
SLOT_AIR
90
18
70
1
10
77.6245
20
-19.3737
10
79.0841
20
-19.7196
10
78.8554
20
-20.6843
10
95.3972
20
-24.6048
10
95.7092
20
-24.6284
10
96.0132
20
-24.5545
10
96.2795
20
-24.3903
10
96.4820
20
-24.1518
10
96.6008
20
-23.8624
10
97.0351
20
-22.0302
10
97.0587
20
-21.7182
10
96.9848
20
-21.4142
10
96.8206
20
-21.1479
10
96.5821
20
-20.9454
10
96.2927
20
-20.8265
10
79.7509
20
-16.9060
10
79.5222
20
-17.8708
10
78.0627
20
-17.5249
0
LWPOLYLINE
8
SLOT_AIR
90
18
70
1
10
79.3488
20
-10.2310
10
80.8386
20
-10.4051
10
80.7235
20
-11.3899
10
97.6086
20
-13.3635
10
97.9212
20
-13.3508
10
98.2146
20
-13.2420
10
98.4600
20
-13.0480
10
98.6334
20
-12.7876
10
98.7179
20
-12.4864
10
98.9365
20
-10.6161
10
98.9238
20
-10.3035
10
98.8151
20
-10.0102
10
98.6210
20
-9.7647
10
98.3606
20
-9.5913
10
98.0594
20
-9.5068
10
81.1743
20
-7.5332
10
81.0592
20
-8.5180
10
79.5694
20
-8.3439
0
CIRCLE
8
ROTOR_STEEL
10
0.0000
20
0.0000
40
79.8000
0
CIRCLE
8
ROTOR_STEEL
10
0.0000
20
0.0000
40
22.5000
0
LWPOLYLINE
8
POCKET_AIR
90
24
70
1
10
58.1495
20
2.3908
10
58.0095
20
2.4606
10
57.8979
20
2.5702
10
57.8257
20
2.7090
10
57.7999
20
2.8633
10
57.8230
20
3.0180
10
66.2428
20
29.7221
10
66.3126
20
29.8620
10
66.4222
20
29.9736
10
66.5610
20
30.0459
10
66.7153
20
30.0717
10
66.8700
20
30.0486
10
70.4941
20
28.9059
10
70.6341
20
28.8361
10
70.7457
20
28.7264
10
70.8179
20
28.5877
10
70.8437
20
28.4334
10
70.8206
20
28.2787
10
62.4009
20
1.5746
10
62.3311
20
1.4346
10
62.2214
20
1.3230
10
62.0827
20
1.2508
10
61.9284
20
1.2250
10
61.7736
20
1.2481
0
LWPOLYLINE
8
POCKET_AIR
90
24
70
1
10
27.0043
20
51.5543
10
26.8738
20
51.4680
10
26.7231
20
51.4262
10
26.5668
20
51.4330
10
26.4203
20
51.4878
10
26.2979
20
51.5852
10
7.3813
20
72.2290
10
7.2950
20
72.3594
10
7.2532
20
72.5101
10
7.2600
20
72.6664
10
7.3148
20
72.8130
10
7.4122
20
72.9354
10
10.2138
20
75.5026
10
10.3443
20
75.5890
10
10.4950
20
75.6308
10
10.6513
20
75.6240
10
10.7978
20
75.5692
10
10.9203
20
75.4718
10
29.8368
20
54.8280
10
29.9231
20
54.6976
10
29.9649
20
54.5468
10
29.9581
20
54.3905
10
29.9033
20
54.2440
10
29.8060
20
54.1216
0
LWPOLYLINE
8
POCKET_AIR
90
24
70
1
10
-31.1452
20
49.1636
10
-31.1357
20
49.0074
10
-31.1748
20
48.8560
10
-31.2589
20
48.7241
10
-31.3796
20
48.6245
10
-31.5252
20
48.5672
10
-58.8614
20
42.5069
10
-59.0176
20
42.4974
10
-59.1690
20
42.5365
10
-59.3010
20
42.6206
10
-59.4005
20
42.7413
10
-59.4578
20
42.8868
10
-60.2803
20
46.5968
10
-60.2898
20
46.7529
10
-60.2507
20
46.9044
10
-60.1666
20
47.0363
10
-60.0459
20
47.1358
10
-59.9004
20
47.1931
10
-32.5641
20
53.2534
10
-32.4079
20
53.2630
10
-32.2565
20
53.2238
10
-32.1245
20
53.1398
10
-32.0250
20
53.0191
10
-31.9677
20
52.8735
0
LWPOLYLINE
8
POCKET_AIR
90
24
70
1
10
-58.1495
20
-2.3908
10
-58.0095
20
-2.4606
10
-57.8979
20
-2.5702
10
-57.8257
20
-2.7090
10
-57.7999
20
-2.8633
10
-57.8230
20
-3.0180
10
-66.2428
20
-29.7221
10
-66.3126
20
-29.8620
10
-66.4222
20
-29.9736
10
-66.5610
20
-30.0459
10
-66.7153
20
-30.0717
10
-66.8700
20
-30.0486
10
-70.4941
20
-28.9059
10
-70.6341
20
-28.8361
10
-70.7457
20
-28.7264
10
-70.8179
20
-28.5877
10
-70.8437
20
-28.4334
10
-70.8206
20
-28.2787
10
-62.4009
20
-1.5746
10
-62.3311
20
-1.4346
10
-62.2214
20
-1.3230
10
-62.0827
20
-1.2508
10
-61.9284
20
-1.2250
10
-61.7736
20
-1.2481
0
LWPOLYLINE
8
POCKET_AIR
90
24
70
1
10
-27.0043
20
-51.5543
10
-26.8738
20
-51.4680
10
-26.7231
20
-51.4262
10
-26.5668
20
-51.4330
10
-26.4203
20
-51.4878
10
-26.2979
20
-51.5852
10
-7.3813
20
-72.2290
10
-7.2950
20
-72.3594
10
-7.2532
20
-72.5101
10
-7.2600
20
-72.6664
10
-7.3148
20
-72.8130
10
-7.4122
20
-72.9354
10
-10.2138
20
-75.5026
10
-10.3443
20
-75.5890
10
-10.4950
20
-75.6308
10
-10.6513
20
-75.6240
10
-10.7978
20
-75.5692
10
-10.9203
20
-75.4718
10
-29.8368
20
-54.8280
10
-29.9231
20
-54.6976
10
-29.9649
20
-54.5468
10
-29.9581
20
-54.3905
10
-29.9033
20
-54.2440
10
-29.8060
20
-54.1216
0
LWPOLYLINE
8
POCKET_AIR
90
24
70
1
10
31.1452
20
-49.1636
10
31.1357
20
-49.0074
10
31.1748
20
-48.8560
10
31.2589
20
-48.7241
10
31.3796
20
-48.6245
10
31.5252
20
-48.5672
10
58.8614
20
-42.5069
10
59.0176
20
-42.4974
10
59.1690
20
-42.5365
10
59.3010
20
-42.6206
10
59.4005
20
-42.7413
10
59.4578
20
-42.8868
10
60.2803
20
-46.5968
10
60.2898
20
-46.7529
10
60.2507
20
-46.9044
10
60.1666
20
-47.0363
10
60.0459
20
-47.1358
10
59.9004
20
-47.1931
10
32.5641
20
-53.2534
10
32.4079
20
-53.2630
10
32.2565
20
-53.2238
10
32.1245
20
-53.1398
10
32.0250
20
-53.0191
10
31.9677
20
-52.8735
0
LWPOLYLINE
8
POCKET_AIR
90
24
70
1
10
58.1495
20
-2.3908
10
58.0095
20
-2.4606
10
57.8979
20
-2.5702
10
57.8257
20
-2.7090
10
57.7999
20
-2.8633
10
57.8230
20
-3.0180
10
66.2428
20
-29.7221
10
66.3126
20
-29.8620
10
66.4222
20
-29.9736
10
66.5610
20
-30.0459
10
66.7153
20
-30.0717
10
66.8700
20
-30.0486
10
70.4941
20
-28.9059
10
70.6341
20
-28.8361
10
70.7457
20
-28.7264
10
70.8179
20
-28.5877
10
70.8437
20
-28.4334
10
70.8206
20
-28.2787
10
62.4009
20
-1.5746
10
62.3311
20
-1.4346
10
62.2214
20
-1.3230
10
62.0827
20
-1.2508
10
61.9284
20
-1.2250
10
61.7736
20
-1.2481
0
LWPOLYLINE
8
POCKET_AIR
90
24
70
1
10
31.1452
20
49.1636
10
31.1357
20
49.0074
10
31.1748
20
48.8560
10
31.2589
20
48.7241
10
31.3796
20
48.6245
10
31.5252
20
48.5672
10
58.8614
20
42.5069
10
59.0176
20
42.4974
10
59.1690
20
42.5365
10
59.3010
20
42.6206
10
59.4005
20
42.7413
10
59.4578
20
42.8868
10
60.2803
20
46.5968
10
60.2898
20
46.7529
10
60.2507
20
46.9044
10
60.1666
20
47.0363
10
60.0459
20
47.1358
10
59.9004
20
47.1931
10
32.5641
20
53.2534
10
32.4079
20
53.2630
10
32.2565
20
53.2238
10
32.1245
20
53.1398
10
32.0250
20
53.0191
10
31.9677
20
52.8735
0
LWPOLYLINE
8
POCKET_AIR
90
24
70
1
10
-27.0043
20
51.5543
10
-26.8738
20
51.4680
10
-26.7231
20
51.4262
10
-26.5668
20
51.4330
10
-26.4203
20
51.4878
10
-26.2979
20
51.5852
10
-7.3813
20
72.2290
10
-7.2950
20
72.3594
10
-7.2532
20
72.5101
10
-7.2600
20
72.6664
10
-7.3148
20
72.8130
10
-7.4122
20
72.9354
10
-10.2138
20
75.5026
10
-10.3443
20
75.5890
10
-10.4950
20
75.6308
10
-10.6513
20
75.6240
10
-10.7978
20
75.5692
10
-10.9203
20
75.4718
10
-29.8368
20
54.8280
10
-29.9231
20
54.6976
10
-29.9649
20
54.5468
10
-29.9581
20
54.3905
10
-29.9033
20
54.2440
10
-29.8060
20
54.1216
0
LWPOLYLINE
8
POCKET_AIR
90
24
70
1
10
-58.1495
20
2.3908
10
-58.0095
20
2.4606
10
-57.8979
20
2.5702
10
-57.8257
20
2.7090
10
-57.7999
20
2.8633
10
-57.8230
20
3.0180
10
-66.2428
20
29.7221
10
-66.3126
20
29.8621
10
-66.4222
20
29.9736
10
-66.5610
20
30.0459
10
-66.7153
20
30.0717
10
-66.8700
20
30.0486
10
-70.4941
20
28.9059
10
-70.6341
20
28.8361
10
-70.7457
20
28.7264
10
-70.8179
20
28.5877
10
-70.8437
20
28.4334
10
-70.8206
20
28.2787
10
-62.4009
20
1.5746
10
-62.3311
20
1.4346
10
-62.2214
20
1.3230
10
-62.0827
20
1.2508
10
-61.9284
20
1.2250
10
-61.7736
20
1.2481
0
LWPOLYLINE
8
POCKET_AIR
90
24
70
1
10
-31.1452
20
-49.1636
10
-31.1357
20
-49.0074
10
-31.1748
20
-48.8560
10
-31.2589
20
-48.7241
10
-31.3796
20
-48.6245
10
-31.5252
20
-48.5672
10
-58.8614
20
-42.5069
10
-59.0176
20
-42.4974
10
-59.1690
20
-42.5365
10
-59.3010
20
-42.6206
10
-59.4005
20
-42.7413
10
-59.4578
20
-42.8868
10
-60.2803
20
-46.5968
10
-60.2898
20
-46.7529
10
-60.2507
20
-46.9044
10
-60.1666
20
-47.0363
10
-60.0459
20
-47.1358
10
-59.9004
20
-47.1931
10
-32.5641
20
-53.2534
10
-32.4079
20
-53.2630
10
-32.2565
20
-53.2238
10
-32.1245
20
-53.1398
10
-32.0250
20
-53.0191
10
-31.9677
20
-52.8735
0
LWPOLYLINE
8
POCKET_AIR
90
24
70
1
10
27.0043
20
-51.5543
10
26.8738
20
-51.4680
10
26.7231
20
-51.4262
10
26.5668
20
-51.4330
10
26.4203
20
-51.4878
10
26.2979
20
-51.5852
10
7.3813
20
-72.2290
10
7.2950
20
-72.3594
10
7.2532
20
-72.5101
10
7.2600
20
-72.6664
10
7.3148
20
-72.8130
10
7.4122
20
-72.9354
10
10.2138
20
-75.5026
10
10.3443
20
-75.5890
10
10.4950
20
-75.6308
10
10.6513
20
-75.6240
10
10.7978
20
-75.5692
10
10.9203
20
-75.4718
10
29.8368
20
-54.8280
10
29.9231
20
-54.6976
10
29.9649
20
-54.5468
10
29.9581
20
-54.3905
10
29.9033
20
-54.2440
10
29.8060
20
-54.1216
0
LWPOLYLINE
8
MAGNET
90
4
70
1
10
58.2668
20
3.9266
10
66.0851
20
28.7232
10
70.3769
20
27.3701
10
62.5585
20
2.5734
0
LWPOLYLINE
8
MAGNET
90
4
70
1
10
25.7329
20
52.4238
10
8.1675
20
71.5930
10
11.4853
20
74.6332
10
29.0506
20
55.4640
0
LWPOLYLINE
8
MAGNET
90
4
70
1
10
-32.5339
20
48.4972
10
-57.9176
20
42.8698
10
-58.8916
20
47.2631
10
-33.5079
20
52.8906
0
LWPOLYLINE
8
MAGNET
90
4
70
1
10
-58.2668
20
-3.9266
10
-66.0851
20
-28.7232
10
-70.3769
20
-27.3701
10
-62.5585
20
-2.5734
0
LWPOLYLINE
8
MAGNET
90
4
70
1
10
-25.7329
20
-52.4238
10
-8.1675
20
-71.5930
10
-11.4853
20
-74.6332
10
-29.0506
20
-55.4640
0
LWPOLYLINE
8
MAGNET
90
4
70
1
10
32.5339
20
-48.4972
10
57.9176
20
-42.8698
10
58.8916
20
-47.2631
10
33.5079
20
-52.8906
0
LWPOLYLINE
8
MAGNET
90
4
70
1
10
58.2668
20
3.9266
10
66.0851
20
28.7232
10
70.3769
20
27.3701
10
62.5585
20
2.5734
0
LWPOLYLINE
8
MAGNET
90
4
70
1
10
25.7329
20
52.4238
10
8.1675
20
71.5930
10
11.4853
20
74.6332
10
29.0506
20
55.4640
0
LWPOLYLINE
8
MAGNET
90
4
70
1
10
-32.5339
20
48.4972
10
-57.9176
20
42.8698
10
-58.8916
20
47.2631
10
-33.5079
20
52.8906
0
LWPOLYLINE
8
MAGNET
90
4
70
1
10
-58.2668
20
-3.9266
10
-66.0851
20
-28.7232
10
-70.3769
20
-27.3701
10
-62.5585
20
-2.5734
0
LWPOLYLINE
8
MAGNET
90
4
70
1
10
-25.7329
20
-52.4238
10
-8.1675
20
-71.5930
10
-11.4853
20
-74.6332
10
-29.0506
20
-55.4640
0
LWPOLYLINE
8
MAGNET
90
4
70
1
10
32.5339
20
-48.4972
10
57.9176
20
-42.8698
10
58.8916
20
-47.2631
10
33.5079
20
-52.8906
0
LWPOLYLINE
8
MAGNET
90
4
70
1
10
58.2668
20
3.9266
10
66.0851
20
28.7232
10
70.3769
20
27.3701
10
62.5585
20
2.5734
0
LWPOLYLINE
8
MAGNET
90
4
70
1
10
25.7329
20
52.4238
10
8.1675
20
71.5930
10
11.4853
20
74.6332
10
29.0506
20
55.4640
0
LWPOLYLINE
8
MAGNET
90
4
70
1
10
-32.5339
20
48.4972
10
-57.9176
20
42.8698
10
-58.8916
20
47.2631
10
-33.5079
20
52.8906
0
LWPOLYLINE
8
MAGNET
90
4
70
1
10
-58.2668
20
-3.9266
10
-66.0851
20
-28.7232
10
-70.3769
20
-27.3701
10
-62.5585
20
-2.5734
0
LWPOLYLINE
8
MAGNET
90
4
70
1
10
-25.7329
20
-52.4238
10
-8.1675
20
-71.5930
10
-11.4853
20
-74.6332
10
-29.0506
20
-55.4640
0
LWPOLYLINE
8
MAGNET
90
4
70
1
10
32.5339
20
-48.4972
10
57.9176
20
-42.8698
10
58.8916
20
-47.2631
10
33.5079
20
-52.8906
0
LWPOLYLINE
8
MAGNET
90
4
70
1
10
58.2668
20
3.9266
10
66.0851
20
28.7232
10
70.3769
20
27.3701
10
62.5585
20
2.5734
0
LWPOLYLINE
8
MAGNET
90
4
70
1
10
25.7329
20
52.4238
10
8.1675
20
71.5930
10
11.4853
20
74.6332
10
29.0506
20
55.4640
0
LWPOLYLINE
8
MAGNET
90
4
70
1
10
-32.5339
20
48.4972
10
-57.9176
20
42.8698
10
-58.8916
20
47.2631
10
-33.5079
20
52.8906
0
LWPOLYLINE
8
MAGNET
90
4
70
1
10
-58.2668
20
-3.9266
10
-66.0851
20
-28.7232
10
-70.3769
20
-27.3701
10
-62.5585
20
-2.5734
0
LWPOLYLINE
8
MAGNET
90
4
70
1
10
-25.7329
20
-52.4238
10
-8.1675
20
-71.5930
10
-11.4853
20
-74.6332
10
-29.0506
20
-55.4640
0
LWPOLYLINE
8
MAGNET
90
4
70
1
10
32.5339
20
-48.4972
10
57.9176
20
-42.8698
10
58.8916
20
-47.2631
10
33.5079
20
-52.8906
0
LWPOLYLINE
8
MAGNET
90
4
70
1
10
58.2668
20
-3.9266
10
66.0851
20
-28.7232
10
70.3769
20
-27.3701
10
62.5585
20
-2.5734
0
LWPOLYLINE
8
MAGNET
90
4
70
1
10
32.5339
20
48.4972
10
57.9176
20
42.8698
10
58.8916
20
47.2631
10
33.5079
20
52.8906
0
LWPOLYLINE
8
MAGNET
90
4
70
1
10
-25.7329
20
52.4238
10
-8.1675
20
71.5930
10
-11.4853
20
74.6332
10
-29.0506
20
55.4640
0
LWPOLYLINE
8
MAGNET
90
4
70
1
10
-58.2668
20
3.9266
10
-66.0851
20
28.7232
10
-70.3769
20
27.3701
10
-62.5585
20
2.5734
0
LWPOLYLINE
8
MAGNET
90
4
70
1
10
-32.5339
20
-48.4972
10
-57.9176
20
-42.8698
10
-58.8916
20
-47.2631
10
-33.5079
20
-52.8906
0
LWPOLYLINE
8
MAGNET
90
4
70
1
10
25.7329
20
-52.4238
10
8.1675
20
-71.5930
10
11.4853
20
-74.6332
10
29.0506
20
-55.4640
0
LWPOLYLINE
8
MAGNET
90
4
70
1
10
58.2668
20
-3.9266
10
66.0851
20
-28.7232
10
70.3769
20
-27.3701
10
62.5585
20
-2.5734
0
LWPOLYLINE
8
MAGNET
90
4
70
1
10
32.5339
20
48.4972
10
57.9176
20
42.8698
10
58.8916
20
47.2631
10
33.5079
20
52.8906
0
LWPOLYLINE
8
MAGNET
90
4
70
1
10
-25.7329
20
52.4238
10
-8.1675
20
71.5930
10
-11.4853
20
74.6332
10
-29.0506
20
55.4640
0
LWPOLYLINE
8
MAGNET
90
4
70
1
10
-58.2668
20
3.9266
10
-66.0851
20
28.7232
10
-70.3769
20
27.3701
10
-62.5585
20
2.5734
0
LWPOLYLINE
8
MAGNET
90
4
70
1
10
-32.5339
20
-48.4972
10
-57.9176
20
-42.8698
10
-58.8916
20
-47.2631
10
-33.5079
20
-52.8906
0
LWPOLYLINE
8
MAGNET
90
4
70
1
10
25.7329
20
-52.4238
10
8.1675
20
-71.5930
10
11.4853
20
-74.6332
10
29.0506
20
-55.4640
0
LWPOLYLINE
8
MAGNET
90
4
70
1
10
58.2668
20
-3.9266
10
66.0851
20
-28.7232
10
70.3769
20
-27.3701
10
62.5585
20
-2.5734
0
LWPOLYLINE
8
MAGNET
90
4
70
1
10
32.5339
20
48.4972
10
57.9176
20
42.8698
10
58.8916
20
47.2631
10
33.5079
20
52.8906
0
LWPOLYLINE
8
MAGNET
90
4
70
1
10
-25.7329
20
52.4238
10
-8.1675
20
71.5930
10
-11.4853
20
74.6332
10
-29.0506
20
55.4640
0
LWPOLYLINE
8
MAGNET
90
4
70
1
10
-58.2668
20
3.9266
10
-66.0851
20
28.7232
10
-70.3769
20
27.3701
10
-62.5585
20
2.5734
0
LWPOLYLINE
8
MAGNET
90
4
70
1
10
-32.5339
20
-48.4972
10
-57.9176
20
-42.8698
10
-58.8916
20
-47.2631
10
-33.5079
20
-52.8906
0
LWPOLYLINE
8
MAGNET
90
4
70
1
10
25.7329
20
-52.4238
10
8.1675
20
-71.5930
10
11.4853
20
-74.6332
10
29.0506
20
-55.4640
0
LWPOLYLINE
8
MAGNET
90
4
70
1
10
58.2668
20
-3.9266
10
66.0851
20
-28.7232
10
70.3769
20
-27.3701
10
62.5585
20
-2.5734
0
LWPOLYLINE
8
MAGNET
90
4
70
1
10
32.5339
20
48.4972
10
57.9176
20
42.8698
10
58.8916
20
47.2631
10
33.5079
20
52.8906
0
LWPOLYLINE
8
MAGNET
90
4
70
1
10
-25.7329
20
52.4238
10
-8.1675
20
71.5930
10
-11.4853
20
74.6332
10
-29.0506
20
55.4640
0
LWPOLYLINE
8
MAGNET
90
4
70
1
10
-58.2668
20
3.9266
10
-66.0851
20
28.7232
10
-70.3769
20
27.3701
10
-62.5585
20
2.5734
0
LWPOLYLINE
8
MAGNET
90
4
70
1
10
-32.5339
20
-48.4972
10
-57.9176
20
-42.8698
10
-58.8916
20
-47.2631
10
-33.5079
20
-52.8906
0
LWPOLYLINE
8
MAGNET
90
4
70
1
10
25.7329
20
-52.4238
10
8.1675
20
-71.5930
10
11.4853
20
-74.6332
10
29.0506
20
-55.4640
0
LWPOLYLINE
8
COPPER
90
24
70
1
10
81.9500
20
-0.6915
10
81.9892
20
-0.9387
10
82.1028
20
-1.1617
10
82.2798
20
-1.3387
10
82.5028
20
-1.4523
10
82.7500
20
-1.4915
10
82.8937
20
-1.4915
10
83.1410
20
-1.4523
10
83.3640
20
-1.3387
10
83.5410
20
-1.1617
10
83.6546
20
-0.9387
10
83.6937
20
-0.6915
10
83.6937
20
0.6915
10
83.6546
20
0.9387
10
83.5410
20
1.1617
10
83.3640
20
1.3387
10
83.1410
20
1.4523
10
82.8937
20
1.4915
10
82.7500
20
1.4915
10
82.5028
20
1.4523
10
82.2798
20
1.3387
10
82.1028
20
1.1617
10
81.9892
20
0.9387
10
81.9500
20
0.6915
0
LWPOLYLINE
8
COPPER
90
24
70
1
10
81.4762
20
8.8270
10
81.5437
20
8.5860
10
81.6825
20
8.3777
10
81.8788
20
8.2225
10
82.1135
20
8.1355
10
82.3636
20
8.1253
10
82.5064
20
8.1420
10
82.7474
20
8.2096
10
82.9557
20
8.3483
10
83.1110
20
8.5447
10
83.1979
20
8.7794
10
83.2081
20
9.0294
10
83.0476
20
10.4031
10
82.9800
20
10.6440
10
82.8412
20
10.8524
10
82.6449
20
11.0076
10
82.4102
20
11.0946
10
82.1601
20
11.1048
10
82.0173
20
11.0881
10
81.7763
20
11.0205
10
81.5680
20
10.8817
10
81.4128
20
10.6854
10
81.3258
20
10.4507
10
81.3156
20
10.2006
0
LWPOLYLINE
8
COPPER
90
24
70
1
10
79.9005
20
18.2261
10
79.9956
20
17.9946
10
80.1576
20
17.8038
10
80.3706
20
17.6724
10
80.6138
20
17.6133
10
80.8634
20
17.6322
10
81.0033
20
17.6653
10
81.2348
20
17.7605
10
81.4256
20
17.9224
10
81.5570
20
18.1355
10
81.6162
20
18.3787
10
81.5972
20
18.6283
10
81.2783
20
19.9739
10
81.1832
20
20.2055
10
81.0212
20
20.3963
10
80.8082
20
20.5277
10
80.5650
20
20.5868
10
80.3154
20
20.5679
10
80.1755
20
20.5347
10
79.9440
20
20.4396
10
79.7532
20
20.2776
10
79.6218
20
20.0646
10
79.5626
20
19.8214
10
79.5816
20
19.5718
0
LWPOLYLINE
8
COPPER
90
24
70
1
10
77.2443
20
27.3788
10
77.3657
20
27.1599
10
77.5487
20
26.9892
10
77.7756
20
26.8834
10
78.0240
20
26.8529
10
78.2697
20
26.9006
10
78.4048
20
26.9498
10
78.6237
20
27.0711
10
78.7944
20
27.2542
10
78.9002
20
27.4810
10
78.9307
20
27.7295
10
78.8829
20
27.9752
10
78.4099
20
29.2747
10
78.2886
20
29.4936
10
78.1055
20
29.6643
10
77.8787
20
29.7701
10
77.6302
20
29.8006
10
77.3845
20
29.7529
10
77.2494
20
29.7037
10
77.0305
20
29.5824
10
76.8598
20
29.3993
10
76.7541
20
29.1725
10
76.7236
20
28.9240
10
76.7713
20
28.6783
0
LWPOLYLINE
8
COPPER
90
24
70
1
10
73.5435
20
36.1612
10
73.6895
20
35.9578
10
73.8911
20
35.8095
10
74.1287
20
35.7308
10
74.3790
20
35.7293
10
74.6175
20
35.8053
10
74.7459
20
35.8698
10
74.9493
20
36.0158
10
75.0976
20
36.2174
10
75.1763
20
36.4550
10
75.1778
20
36.7053
10
75.1018
20
36.9438
10
74.4811
20
38.1796
10
74.3352
20
38.3830
10
74.1336
20
38.5313
10
73.8960
20
38.6100
10
73.6457
20
38.6114
10
73.4072
20
38.5355
10
73.2787
20
38.4710
10
73.0754
20
38.3250
10
72.9271
20
38.1234
10
72.8484
20
37.8858
10
72.8469
20
37.6355
10
72.9229
20
37.3970
0
LWPOLYLINE
8
COPPER
90
24
70
1
10
68.8482
20
44.4545
10
69.0168
20
44.2695
10
69.2342
20
44.1456
10
69.4794
20
44.0950
10
69.7281
20
44.1226
10
69.9562
20
44.2258
10
70.0763
20
44.3047
10
70.2613
20
44.4733
10
70.3852
20
44.6908
10
70.4358
20
44.9359
10
70.4082
20
45.1847
10
70.3051
20
45.4127
10
69.5451
20
46.5682
10
69.3766
20
46.7532
10
69.1591
20
46.8771
10
68.9140
20
46.9277
10
68.6652
20
46.9001
10
68.4371
20
46.7970
10
68.3170
20
46.7180
10
68.1320
20
46.5494
10
68.0081
20
46.3319
10
67.9575
20
46.0868
10
67.9851
20
45.8380
10
68.0883
20
45.6100
0
LWPOLYLINE
8
COPPER
90
24
70
1
10
63.2218
20
52.1467
10
63.4107
20
51.9825
10
63.6411
20
51.8847
10
63.8905
20
51.8629
10
64.1343
20
51.9192
10
64.3489
20
52.0481
10
64.4590
20
52.1405
10
64.6232
20
52.3294
10
64.7210
20
52.5598
10
64.7428
20
52.8092
10
64.6865
20
53.0531
10
64.5576
20
53.2676
10
63.6687
20
54.3270
10
63.4798
20
54.4912
10
63.2494
20
54.5890
10
63.0000
20
54.6108
10
62.7561
20
54.5545
10
62.5416
20
54.4256
10
62.4315
20
54.3332
10
62.2673
20
54.1443
10
62.1695
20
53.9139
10
62.1477
20
53.6646
10
62.2040
20
53.4207
10
62.3329
20
53.2061
0
LWPOLYLINE
8
COPPER
90
24
70
1
10
56.7405
20
59.1337
10
56.9472
20
58.9926
10
57.1873
20
58.9222
10
57.4375
20
58.9295
10
57.6732
20
59.0137
10
57.8714
20
59.1667
10
57.9700
20
59.2712
10
58.1112
20
59.4779
10
58.1816
20
59.7181
10
58.1743
20
59.9683
10
58.0900
20
60.2040
10
57.9371
20
60.4021
10
56.9312
20
61.3511
10
56.7245
20
61.4923
10
56.4843
20
61.5627
10
56.2341
20
61.5554
10
55.9984
20
61.4712
10
55.8003
20
61.3182
10
55.7016
20
61.2137
10
55.5605
20
61.0070
10
55.4901
20
60.7668
10
55.4974
20
60.5166
10
55.5816
20
60.2809
10
55.7345
20
60.0828
0
LWPOLYLINE
8
COPPER
90
24
70
1
10
49.4918
20
65.3211
10
49.7135
20
65.2049
10
49.9602
20
65.1628
10
50.2079
20
65.1991
10
50.4322
20
65.3101
10
50.6112
20
65.4850
10
50.6971
20
65.6004
10
50.8133
20
65.8220
10
50.8553
20
66.0688
10
50.8190
20
66.3164
10
50.7080
20
66.5407
10
50.5331
20
66.7198
10
49.4238
20
67.5456
10
49.2021
20
67.6618
10
48.9554
20
67.7039
10
48.7077
20
67.6676
10
48.4834
20
67.5566
10
48.3044
20
67.3816
10
48.2185
20
67.2663
10
48.1023
20
67.0447
10
48.0603
20
66.7979
10
48.0966
20
66.5503
10
48.2076
20
66.3260
10
48.3825
20
66.1469
0
LWPOLYLINE
8
COPPER
90
24
70
1
10
41.5738
20
70.6250
10
41.8075
20
70.5353
10
42.0575
20
70.5222
10
42.2992
20
70.5870
10
42.5091
20
70.7233
10
42.6667
20
70.9179
10
42.7385
20
71.0424
10
42.8282
20
71.2760
10
42.8413
20
71.5260
10
42.7765
20
71.7677
10
42.6402
20
71.9777
10
42.4457
20
72.1352
10
41.2480
20
72.8267
10
41.0144
20
72.9163
10
40.7644
20
72.9295
10
40.5226
20
72.8647
10
40.3127
20
72.7283
10
40.1552
20
72.5338
10
40.0833
20
72.4093
10
39.9936
20
72.1757
10
39.9805
20
71.9257
10
40.0453
20
71.6840
10
40.1816
20
71.4740
10
40.3762
20
71.3165
0
LWPOLYLINE
8
COPPER
90
24
70
1
10
33.0937
20
74.9739
10
33.3362
20
74.9120
10
33.5859
20
74.9280
10
33.8186
20
75.0204
10
34.0112
20
75.1802
10
34.1451
20
75.3916
10
34.2020
20
75.5236
10
34.2640
20
75.7661
10
34.2480
20
76.0159
10
34.1556
20
76.2485
10
33.9958
20
76.4412
10
33.7843
20
76.5751
10
32.5145
20
77.1228
10
32.2720
20
77.1848
10
32.0222
20
77.1688
10
31.7896
20
77.0764
10
31.5969
20
76.9166
10
31.4630
20
76.7051
10
31.4061
20
76.5731
10
31.3441
20
76.3306
10
31.3601
20
76.0808
10
31.4526
20
75.8482
10
31.6123
20
75.6556
10
31.8238
20
75.5217
0
LWPOLYLINE
8
COPPER
90
24
70
1
10
24.1660
20
78.3089
10
24.4140
20
78.2755
10
24.6602
20
78.3204
10
24.8806
20
78.4392
10
25.0534
20
78.6203
10
25.1618
20
78.8459
10
25.2030
20
78.9836
10
25.2364
20
79.2316
10
25.1915
20
79.4779
10
25.0727
20
79.6982
10
24.8917
20
79.8710
10
24.6661
20
79.9794
10
23.3412
20
80.3761
10
23.0932
20
80.4094
10
22.8469
20
80.3645
10
22.6266
20
80.2458
10
22.4538
20
80.0647
10
22.3454
20
79.8391
10
22.3041
20
79.7014
10
22.2708
20
79.4533
10
22.3157
20
79.2071
10
22.4344
20
78.9868
10
22.6155
20
78.8140
10
22.8411
20
78.7056
0
LWPOLYLINE
8
COPPER
90
24
70
1
10
14.9114
20
80.5849
10
15.1617
20
80.5806
10
15.4011
20
80.6537
10
15.6061
20
80.7973
10
15.7567
20
80.9972
10
15.8382
20
81.2338
10
15.8632
20
81.3754
10
15.8675
20
81.6257
10
15.7944
20
81.8650
10
15.6508
20
82.0701
10
15.4509
20
82.2207
10
15.2142
20
82.3022
10
13.8523
20
82.5423
10
13.6020
20
82.5467
10
13.3627
20
82.4735
10
13.1576
20
82.3300
10
13.0070
20
82.1301
10
12.9255
20
81.8934
10
12.9006
20
81.7518
10
12.8962
20
81.5016
10
12.9694
20
81.2622
10
13.1129
20
81.0572
10
13.3128
20
80.9066
10
13.5495
20
80.8251
0
LWPOLYLINE
8
COPPER
90
24
70
1
10
5.4553
20
81.7711
10
5.7043
20
81.7959
10
5.9336
20
81.8963
10
6.1206
20
82.0627
10
6.2470
20
82.2788
10
6.3004
20
82.5233
10
6.3088
20
82.6668
10
6.2841
20
82.9159
10
6.1836
20
83.1451
10
6.0172
20
83.3321
10
5.8012
20
83.4585
10
5.5567
20
83.5119
10
4.1761
20
83.5924
10
3.9270
20
83.5676
10
3.6977
20
83.4672
10
3.5108
20
83.3008
10
3.3844
20
83.0847
10
3.3309
20
82.8402
10
3.3225
20
82.6967
10
3.3472
20
82.4476
10
3.4477
20
82.2184
10
3.6141
20
82.0314
10
3.8301
20
81.9050
10
4.0747
20
81.8516
0
LWPOLYLINE
8
COPPER
90
24
70
1
10
-4.0747
20
81.8516
10
-3.8301
20
81.9050
10
-3.6141
20
82.0314
10
-3.4477
20
82.2184
10
-3.3472
20
82.4476
10
-3.3225
20
82.6967
10
-3.3309
20
82.8402
10
-3.3844
20
83.0847
10
-3.5108
20
83.3008
10
-3.6977
20
83.4672
10
-3.9270
20
83.5676
10
-4.1761
20
83.5924
10
-5.5567
20
83.5119
10
-5.8012
20
83.4585
10
-6.0172
20
83.3321
10
-6.1836
20
83.1451
10
-6.2841
20
82.9159
10
-6.3088
20
82.6668
10
-6.3004
20
82.5233
10
-6.2470
20
82.2788
10
-6.1206
20
82.0627
10
-5.9336
20
81.8963
10
-5.7043
20
81.7959
10
-5.4553
20
81.7711
0
LWPOLYLINE
8
COPPER
90
24
70
1
10
-13.5495
20
80.8251
10
-13.3128
20
80.9066
10
-13.1129
20
81.0572
10
-12.9694
20
81.2622
10
-12.8962
20
81.5016
10
-12.9006
20
81.7518
10
-12.9255
20
81.8934
10
-13.0070
20
82.1301
10
-13.1576
20
82.3300
10
-13.3627
20
82.4735
10
-13.6020
20
82.5467
10
-13.8523
20
82.5423
10
-15.2142
20
82.3022
10
-15.4509
20
82.2207
10
-15.6508
20
82.0701
10
-15.7944
20
81.8650
10
-15.8675
20
81.6257
10
-15.8632
20
81.3754
10
-15.8382
20
81.2338
10
-15.7567
20
80.9972
10
-15.6061
20
80.7973
10
-15.4011
20
80.6537
10
-15.1617
20
80.5806
10
-14.9114
20
80.5849
0
LWPOLYLINE
8
COPPER
90
24
70
1
10
-22.8411
20
78.7056
10
-22.6155
20
78.8140
10
-22.4344
20
78.9868
10
-22.3157
20
79.2071
10
-22.2708
20
79.4533
10
-22.3041
20
79.7014
10
-22.3454
20
79.8391
10
-22.4538
20
80.0647
10
-22.6266
20
80.2458
10
-22.8469
20
80.3645
10
-23.0932
20
80.4094
10
-23.3412
20
80.3761
10
-24.6661
20
79.9794
10
-24.8917
20
79.8710
10
-25.0727
20
79.6982
10
-25.1915
20
79.4779
10
-25.2364
20
79.2316
10
-25.2030
20
78.9836
10
-25.1618
20
78.8459
10
-25.0534
20
78.6203
10
-24.8806
20
78.4392
10
-24.6602
20
78.3204
10
-24.4140
20
78.2755
10
-24.1660
20
78.3089
0
LWPOLYLINE
8
COPPER
90
24
70
1
10
-31.8238
20
75.5217
10
-31.6123
20
75.6556
10
-31.4526
20
75.8482
10
-31.3601
20
76.0808
10
-31.3441
20
76.3306
10
-31.4061
20
76.5731
10
-31.4630
20
76.7051
10
-31.5969
20
76.9166
10
-31.7896
20
77.0764
10
-32.0222
20
77.1688
10
-32.2720
20
77.1848
10
-32.5145
20
77.1228
10
-33.7843
20
76.5751
10
-33.9958
20
76.4412
10
-34.1556
20
76.2485
10
-34.2480
20
76.0159
10
-34.2640
20
75.7661
10
-34.2020
20
75.5236
10
-34.1451
20
75.3916
10
-34.0112
20
75.1802
10
-33.8186
20
75.0204
10
-33.5859
20
74.9280
10
-33.3362
20
74.9120
10
-33.0937
20
74.9739
0
LWPOLYLINE
8
COPPER
90
24
70
1
10
-40.3762
20
71.3165
10
-40.1816
20
71.4740
10
-40.0453
20
71.6840
10
-39.9805
20
71.9257
10
-39.9936
20
72.1757
10
-40.0833
20
72.4093
10
-40.1552
20
72.5338
10
-40.3127
20
72.7283
10
-40.5226
20
72.8647
10
-40.7644
20
72.9295
10
-41.0144
20
72.9163
10
-41.2480
20
72.8267
10
-42.4457
20
72.1352
10
-42.6402
20
71.9777
10
-42.7765
20
71.7677
10
-42.8413
20
71.5260
10
-42.8282
20
71.2760
10
-42.7385
20
71.0424
10
-42.6667
20
70.9179
10
-42.5091
20
70.7233
10
-42.2992
20
70.5870
10
-42.0575
20
70.5222
10
-41.8075
20
70.5353
10
-41.5738
20
70.6250
0
LWPOLYLINE
8
COPPER
90
24
70
1
10
-48.3825
20
66.1469
10
-48.2076
20
66.3260
10
-48.0966
20
66.5503
10
-48.0603
20
66.7979
10
-48.1023
20
67.0447
10
-48.2185
20
67.2663
10
-48.3044
20
67.3816
10
-48.4834
20
67.5566
10
-48.7077
20
67.6676
10
-48.9554
20
67.7039
10
-49.2021
20
67.6618
10
-49.4238
20
67.5456
10
-50.5331
20
66.7198
10
-50.7080
20
66.5407
10
-50.8190
20
66.3164
10
-50.8553
20
66.0688
10
-50.8133
20
65.8220
10
-50.6971
20
65.6004
10
-50.6112
20
65.4850
10
-50.4322
20
65.3101
10
-50.2079
20
65.1991
10
-49.9602
20
65.1628
10
-49.7135
20
65.2049
10
-49.4918
20
65.3211
0
LWPOLYLINE
8
COPPER
90
24
70
1
10
-55.7345
20
60.0828
10
-55.5816
20
60.2809
10
-55.4974
20
60.5166
10
-55.4901
20
60.7668
10
-55.5605
20
61.0070
10
-55.7016
20
61.2137
10
-55.8003
20
61.3182
10
-55.9984
20
61.4712
10
-56.2341
20
61.5554
10
-56.4843
20
61.5627
10
-56.7245
20
61.4923
10
-56.9312
20
61.3511
10
-57.9371
20
60.4021
10
-58.0900
20
60.2040
10
-58.1743
20
59.9683
10
-58.1816
20
59.7181
10
-58.1112
20
59.4779
10
-57.9700
20
59.2712
10
-57.8714
20
59.1667
10
-57.6732
20
59.0137
10
-57.4375
20
58.9295
10
-57.1873
20
58.9222
10
-56.9472
20
58.9926
10
-56.7405
20
59.1337
0
LWPOLYLINE
8
COPPER
90
24
70
1
10
-62.3329
20
53.2061
10
-62.2040
20
53.4207
10
-62.1477
20
53.6646
10
-62.1695
20
53.9139
10
-62.2673
20
54.1443
10
-62.4315
20
54.3332
10
-62.5416
20
54.4256
10
-62.7561
20
54.5545
10
-63.0000
20
54.6108
10
-63.2494
20
54.5890
10
-63.4798
20
54.4912
10
-63.6687
20
54.3270
10
-64.5576
20
53.2676
10
-64.6865
20
53.0531
10
-64.7428
20
52.8092
10
-64.7210
20
52.5598
10
-64.6232
20
52.3294
10
-64.4590
20
52.1405
10
-64.3489
20
52.0481
10
-64.1343
20
51.9192
10
-63.8905
20
51.8629
10
-63.6411
20
51.8847
10
-63.4107
20
51.9825
10
-63.2218
20
52.1467
0
LWPOLYLINE
8
COPPER
90
24
70
1
10
-68.0883
20
45.6100
10
-67.9851
20
45.8380
10
-67.9575
20
46.0868
10
-68.0081
20
46.3319
10
-68.1320
20
46.5494
10
-68.3170
20
46.7180
10
-68.4371
20
46.7970
10
-68.6652
20
46.9001
10
-68.9140
20
46.9277
10
-69.1591
20
46.8771
10
-69.3766
20
46.7532
10
-69.5451
20
46.5682
10
-70.3051
20
45.4127
10
-70.4082
20
45.1847
10
-70.4358
20
44.9359
10
-70.3852
20
44.6908
10
-70.2613
20
44.4733
10
-70.0763
20
44.3047
10
-69.9562
20
44.2258
10
-69.7281
20
44.1226
10
-69.4794
20
44.0950
10
-69.2342
20
44.1456
10
-69.0168
20
44.2695
10
-68.8482
20
44.4545
0
LWPOLYLINE
8
COPPER
90
24
70
1
10
-72.9229
20
37.3970
10
-72.8469
20
37.6355
10
-72.8484
20
37.8858
10
-72.9271
20
38.1234
10
-73.0754
20
38.3250
10
-73.2787
20
38.4710
10
-73.4072
20
38.5355
10
-73.6457
20
38.6114
10
-73.8960
20
38.6100
10
-74.1336
20
38.5313
10
-74.3352
20
38.3830
10
-74.4811
20
38.1796
10
-75.1018
20
36.9438
10
-75.1778
20
36.7053
10
-75.1763
20
36.4550
10
-75.0976
20
36.2174
10
-74.9493
20
36.0158
10
-74.7459
20
35.8698
10
-74.6175
20
35.8053
10
-74.3790
20
35.7293
10
-74.1287
20
35.7308
10
-73.8911
20
35.8095
10
-73.6895
20
35.9578
10
-73.5435
20
36.1612
0
LWPOLYLINE
8
COPPER
90
24
70
1
10
-76.7713
20
28.6783
10
-76.7236
20
28.9240
10
-76.7541
20
29.1725
10
-76.8598
20
29.3993
10
-77.0305
20
29.5824
10
-77.2494
20
29.7037
10
-77.3845
20
29.7529
10
-77.6302
20
29.8006
10
-77.8787
20
29.7701
10
-78.1055
20
29.6643
10
-78.2886
20
29.4936
10
-78.4099
20
29.2747
10
-78.8829
20
27.9752
10
-78.9307
20
27.7295
10
-78.9002
20
27.4810
10
-78.7944
20
27.2542
10
-78.6237
20
27.0711
10
-78.4048
20
26.9498
10
-78.2697
20
26.9006
10
-78.0240
20
26.8529
10
-77.7756
20
26.8834
10
-77.5487
20
26.9892
10
-77.3657
20
27.1599
10
-77.2443
20
27.3788
0
LWPOLYLINE
8
COPPER
90
24
70
1
10
-79.5816
20
19.5718
10
-79.5626
20
19.8214
10
-79.6218
20
20.0646
10
-79.7532
20
20.2776
10
-79.9440
20
20.4396
10
-80.1755
20
20.5347
10
-80.3154
20
20.5679
10
-80.5650
20
20.5868
10
-80.8082
20
20.5277
10
-81.0212
20
20.3963
10
-81.1832
20
20.2055
10
-81.2783
20
19.9739
10
-81.5972
20
18.6283
10
-81.6162
20
18.3787
10
-81.5570
20
18.1355
10
-81.4256
20
17.9224
10
-81.2348
20
17.7605
10
-81.0033
20
17.6653
10
-80.8634
20
17.6322
10
-80.6138
20
17.6133
10
-80.3706
20
17.6724
10
-80.1576
20
17.8038
10
-79.9956
20
17.9946
10
-79.9005
20
18.2261
0
LWPOLYLINE
8
COPPER
90
24
70
1
10
-81.3156
20
10.2006
10
-81.3258
20
10.4507
10
-81.4128
20
10.6854
10
-81.5680
20
10.8817
10
-81.7763
20
11.0205
10
-82.0173
20
11.0881
10
-82.1601
20
11.1048
10
-82.4102
20
11.0946
10
-82.6449
20
11.0076
10
-82.8412
20
10.8524
10
-82.9800
20
10.6440
10
-83.0476
20
10.4031
10
-83.2081
20
9.0294
10
-83.1979
20
8.7794
10
-83.1110
20
8.5447
10
-82.9557
20
8.3483
10
-82.7474
20
8.2096
10
-82.5064
20
8.1420
10
-82.3636
20
8.1253
10
-82.1135
20
8.1355
10
-81.8788
20
8.2225
10
-81.6825
20
8.3777
10
-81.5437
20
8.5860
10
-81.4762
20
8.8270
0
LWPOLYLINE
8
COPPER
90
24
70
1
10
-81.9500
20
0.6915
10
-81.9892
20
0.9387
10
-82.1028
20
1.1617
10
-82.2798
20
1.3387
10
-82.5028
20
1.4523
10
-82.7500
20
1.4915
10
-82.8937
20
1.4915
10
-83.1410
20
1.4523
10
-83.3640
20
1.3387
10
-83.5410
20
1.1617
10
-83.6546
20
0.9387
10
-83.6937
20
0.6915
10
-83.6937
20
-0.6915
10
-83.6546
20
-0.9387
10
-83.5410
20
-1.1617
10
-83.3640
20
-1.3387
10
-83.1410
20
-1.4523
10
-82.8937
20
-1.4915
10
-82.7500
20
-1.4915
10
-82.5028
20
-1.4523
10
-82.2798
20
-1.3387
10
-82.1028
20
-1.1617
10
-81.9892
20
-0.9387
10
-81.9500
20
-0.6915
0
LWPOLYLINE
8
COPPER
90
24
70
1
10
-81.4762
20
-8.8270
10
-81.5437
20
-8.5860
10
-81.6825
20
-8.3777
10
-81.8788
20
-8.2225
10
-82.1135
20
-8.1355
10
-82.3636
20
-8.1253
10
-82.5064
20
-8.1420
10
-82.7474
20
-8.2096
10
-82.9557
20
-8.3483
10
-83.1110
20
-8.5447
10
-83.1979
20
-8.7794
10
-83.2081
20
-9.0294
10
-83.0476
20
-10.4031
10
-82.9800
20
-10.6440
10
-82.8412
20
-10.8524
10
-82.6449
20
-11.0076
10
-82.4102
20
-11.0946
10
-82.1601
20
-11.1048
10
-82.0173
20
-11.0881
10
-81.7763
20
-11.0205
10
-81.5680
20
-10.8817
10
-81.4128
20
-10.6854
10
-81.3258
20
-10.4507
10
-81.3156
20
-10.2006
0
LWPOLYLINE
8
COPPER
90
24
70
1
10
-79.9005
20
-18.2261
10
-79.9956
20
-17.9946
10
-80.1576
20
-17.8038
10
-80.3706
20
-17.6724
10
-80.6138
20
-17.6133
10
-80.8634
20
-17.6322
10
-81.0033
20
-17.6653
10
-81.2348
20
-17.7605
10
-81.4256
20
-17.9224
10
-81.5570
20
-18.1355
10
-81.6162
20
-18.3787
10
-81.5972
20
-18.6283
10
-81.2783
20
-19.9739
10
-81.1832
20
-20.2055
10
-81.0212
20
-20.3963
10
-80.8082
20
-20.5277
10
-80.5650
20
-20.5868
10
-80.3154
20
-20.5679
10
-80.1755
20
-20.5347
10
-79.9440
20
-20.4396
10
-79.7532
20
-20.2776
10
-79.6218
20
-20.0646
10
-79.5626
20
-19.8214
10
-79.5816
20
-19.5718
0
LWPOLYLINE
8
COPPER
90
24
70
1
10
-77.2443
20
-27.3788
10
-77.3657
20
-27.1599
10
-77.5487
20
-26.9892
10
-77.7756
20
-26.8834
10
-78.0240
20
-26.8529
10
-78.2697
20
-26.9006
10
-78.4048
20
-26.9498
10
-78.6237
20
-27.0711
10
-78.7944
20
-27.2542
10
-78.9002
20
-27.4810
10
-78.9307
20
-27.7295
10
-78.8829
20
-27.9752
10
-78.4099
20
-29.2747
10
-78.2886
20
-29.4936
10
-78.1055
20
-29.6643
10
-77.8787
20
-29.7701
10
-77.6302
20
-29.8006
10
-77.3845
20
-29.7529
10
-77.2494
20
-29.7037
10
-77.0305
20
-29.5824
10
-76.8598
20
-29.3993
10
-76.7541
20
-29.1725
10
-76.7236
20
-28.9240
10
-76.7713
20
-28.6783
0
LWPOLYLINE
8
COPPER
90
24
70
1
10
-73.5435
20
-36.1612
10
-73.6895
20
-35.9578
10
-73.8911
20
-35.8095
10
-74.1287
20
-35.7308
10
-74.3790
20
-35.7293
10
-74.6175
20
-35.8053
10
-74.7459
20
-35.8698
10
-74.9493
20
-36.0158
10
-75.0976
20
-36.2174
10
-75.1763
20
-36.4550
10
-75.1778
20
-36.7053
10
-75.1018
20
-36.9438
10
-74.4811
20
-38.1796
10
-74.3352
20
-38.3830
10
-74.1336
20
-38.5313
10
-73.8960
20
-38.6100
10
-73.6457
20
-38.6114
10
-73.4072
20
-38.5355
10
-73.2787
20
-38.4710
10
-73.0754
20
-38.3250
10
-72.9271
20
-38.1234
10
-72.8484
20
-37.8858
10
-72.8469
20
-37.6355
10
-72.9229
20
-37.3970
0
LWPOLYLINE
8
COPPER
90
24
70
1
10
-68.8482
20
-44.4545
10
-69.0168
20
-44.2695
10
-69.2342
20
-44.1456
10
-69.4794
20
-44.0950
10
-69.7281
20
-44.1226
10
-69.9562
20
-44.2258
10
-70.0763
20
-44.3047
10
-70.2613
20
-44.4733
10
-70.3852
20
-44.6908
10
-70.4358
20
-44.9359
10
-70.4082
20
-45.1847
10
-70.3051
20
-45.4127
10
-69.5451
20
-46.5682
10
-69.3766
20
-46.7532
10
-69.1591
20
-46.8771
10
-68.9140
20
-46.9277
10
-68.6652
20
-46.9001
10
-68.4371
20
-46.7970
10
-68.3170
20
-46.7180
10
-68.1320
20
-46.5494
10
-68.0081
20
-46.3319
10
-67.9575
20
-46.0868
10
-67.9851
20
-45.8380
10
-68.0883
20
-45.6100
0
LWPOLYLINE
8
COPPER
90
24
70
1
10
-63.2218
20
-52.1467
10
-63.4107
20
-51.9825
10
-63.6411
20
-51.8847
10
-63.8905
20
-51.8629
10
-64.1343
20
-51.9192
10
-64.3489
20
-52.0481
10
-64.4590
20
-52.1405
10
-64.6232
20
-52.3294
10
-64.7210
20
-52.5598
10
-64.7428
20
-52.8092
10
-64.6865
20
-53.0531
10
-64.5576
20
-53.2676
10
-63.6687
20
-54.3270
10
-63.4798
20
-54.4912
10
-63.2494
20
-54.5890
10
-63.0000
20
-54.6108
10
-62.7561
20
-54.5545
10
-62.5416
20
-54.4256
10
-62.4315
20
-54.3332
10
-62.2673
20
-54.1443
10
-62.1695
20
-53.9139
10
-62.1477
20
-53.6646
10
-62.2040
20
-53.4207
10
-62.3329
20
-53.2061
0
LWPOLYLINE
8
COPPER
90
24
70
1
10
-56.7405
20
-59.1337
10
-56.9472
20
-58.9926
10
-57.1873
20
-58.9222
10
-57.4375
20
-58.9295
10
-57.6732
20
-59.0137
10
-57.8714
20
-59.1667
10
-57.9700
20
-59.2712
10
-58.1112
20
-59.4779
10
-58.1816
20
-59.7181
10
-58.1743
20
-59.9683
10
-58.0900
20
-60.2040
10
-57.9371
20
-60.4021
10
-56.9312
20
-61.3511
10
-56.7245
20
-61.4923
10
-56.4843
20
-61.5627
10
-56.2341
20
-61.5554
10
-55.9984
20
-61.4712
10
-55.8003
20
-61.3182
10
-55.7016
20
-61.2137
10
-55.5605
20
-61.0070
10
-55.4901
20
-60.7668
10
-55.4974
20
-60.5166
10
-55.5816
20
-60.2809
10
-55.7345
20
-60.0828
0
LWPOLYLINE
8
COPPER
90
24
70
1
10
-49.4918
20
-65.3211
10
-49.7135
20
-65.2049
10
-49.9602
20
-65.1628
10
-50.2079
20
-65.1991
10
-50.4322
20
-65.3101
10
-50.6112
20
-65.4850
10
-50.6971
20
-65.6004
10
-50.8133
20
-65.8220
10
-50.8553
20
-66.0688
10
-50.8190
20
-66.3164
10
-50.7080
20
-66.5407
10
-50.5331
20
-66.7198
10
-49.4238
20
-67.5456
10
-49.2021
20
-67.6618
10
-48.9554
20
-67.7039
10
-48.7077
20
-67.6676
10
-48.4834
20
-67.5566
10
-48.3044
20
-67.3816
10
-48.2185
20
-67.2663
10
-48.1023
20
-67.0447
10
-48.0603
20
-66.7979
10
-48.0966
20
-66.5503
10
-48.2076
20
-66.3260
10
-48.3825
20
-66.1469
0
LWPOLYLINE
8
COPPER
90
24
70
1
10
-41.5738
20
-70.6250
10
-41.8075
20
-70.5353
10
-42.0575
20
-70.5222
10
-42.2992
20
-70.5870
10
-42.5091
20
-70.7233
10
-42.6667
20
-70.9179
10
-42.7385
20
-71.0424
10
-42.8282
20
-71.2760
10
-42.8413
20
-71.5260
10
-42.7765
20
-71.7677
10
-42.6402
20
-71.9777
10
-42.4457
20
-72.1352
10
-41.2480
20
-72.8267
10
-41.0144
20
-72.9163
10
-40.7644
20
-72.9295
10
-40.5226
20
-72.8647
10
-40.3127
20
-72.7283
10
-40.1552
20
-72.5338
10
-40.0833
20
-72.4093
10
-39.9936
20
-72.1757
10
-39.9805
20
-71.9257
10
-40.0453
20
-71.6840
10
-40.1816
20
-71.4740
10
-40.3762
20
-71.3165
0
LWPOLYLINE
8
COPPER
90
24
70
1
10
-33.0937
20
-74.9739
10
-33.3362
20
-74.9120
10
-33.5859
20
-74.9280
10
-33.8186
20
-75.0204
10
-34.0112
20
-75.1802
10
-34.1451
20
-75.3916
10
-34.2020
20
-75.5236
10
-34.2640
20
-75.7661
10
-34.2480
20
-76.0159
10
-34.1556
20
-76.2485
10
-33.9958
20
-76.4412
10
-33.7843
20
-76.5751
10
-32.5145
20
-77.1228
10
-32.2720
20
-77.1848
10
-32.0222
20
-77.1688
10
-31.7896
20
-77.0764
10
-31.5969
20
-76.9166
10
-31.4630
20
-76.7051
10
-31.4061
20
-76.5731
10
-31.3441
20
-76.3306
10
-31.3601
20
-76.0808
10
-31.4526
20
-75.8482
10
-31.6123
20
-75.6556
10
-31.8238
20
-75.5217
0
LWPOLYLINE
8
COPPER
90
24
70
1
10
-24.1660
20
-78.3089
10
-24.4140
20
-78.2755
10
-24.6602
20
-78.3204
10
-24.8806
20
-78.4392
10
-25.0534
20
-78.6203
10
-25.1618
20
-78.8459
10
-25.2030
20
-78.9836
10
-25.2364
20
-79.2316
10
-25.1915
20
-79.4779
10
-25.0727
20
-79.6982
10
-24.8917
20
-79.8710
10
-24.6661
20
-79.9794
10
-23.3412
20
-80.3761
10
-23.0932
20
-80.4094
10
-22.8469
20
-80.3645
10
-22.6266
20
-80.2458
10
-22.4538
20
-80.0647
10
-22.3454
20
-79.8391
10
-22.3041
20
-79.7014
10
-22.2708
20
-79.4533
10
-22.3157
20
-79.2071
10
-22.4344
20
-78.9868
10
-22.6155
20
-78.8140
10
-22.8411
20
-78.7056
0
LWPOLYLINE
8
COPPER
90
24
70
1
10
-14.9114
20
-80.5849
10
-15.1617
20
-80.5806
10
-15.4011
20
-80.6537
10
-15.6061
20
-80.7973
10
-15.7567
20
-80.9972
10
-15.8382
20
-81.2338
10
-15.8632
20
-81.3754
10
-15.8675
20
-81.6257
10
-15.7944
20
-81.8650
10
-15.6508
20
-82.0701
10
-15.4509
20
-82.2207
10
-15.2142
20
-82.3022
10
-13.8523
20
-82.5423
10
-13.6020
20
-82.5467
10
-13.3627
20
-82.4735
10
-13.1576
20
-82.3300
10
-13.0070
20
-82.1301
10
-12.9255
20
-81.8934
10
-12.9006
20
-81.7518
10
-12.8962
20
-81.5016
10
-12.9694
20
-81.2622
10
-13.1129
20
-81.0572
10
-13.3128
20
-80.9066
10
-13.5495
20
-80.8251
0
LWPOLYLINE
8
COPPER
90
24
70
1
10
-5.4553
20
-81.7711
10
-5.7043
20
-81.7959
10
-5.9336
20
-81.8963
10
-6.1206
20
-82.0627
10
-6.2470
20
-82.2788
10
-6.3004
20
-82.5233
10
-6.3088
20
-82.6668
10
-6.2841
20
-82.9159
10
-6.1836
20
-83.1451
10
-6.0172
20
-83.3321
10
-5.8012
20
-83.4585
10
-5.5567
20
-83.5119
10
-4.1761
20
-83.5924
10
-3.9270
20
-83.5676
10
-3.6977
20
-83.4672
10
-3.5108
20
-83.3008
10
-3.3844
20
-83.0847
10
-3.3309
20
-82.8402
10
-3.3225
20
-82.6967
10
-3.3472
20
-82.4476
10
-3.4477
20
-82.2184
10
-3.6141
20
-82.0314
10
-3.8301
20
-81.9050
10
-4.0747
20
-81.8516
0
LWPOLYLINE
8
COPPER
90
24
70
1
10
4.0747
20
-81.8516
10
3.8301
20
-81.9050
10
3.6141
20
-82.0314
10
3.4477
20
-82.2184
10
3.3472
20
-82.4476
10
3.3225
20
-82.6967
10
3.3309
20
-82.8402
10
3.3844
20
-83.0847
10
3.5108
20
-83.3008
10
3.6977
20
-83.4672
10
3.9270
20
-83.5676
10
4.1761
20
-83.5924
10
5.5567
20
-83.5119
10
5.8012
20
-83.4585
10
6.0172
20
-83.3321
10
6.1836
20
-83.1451
10
6.2841
20
-82.9159
10
6.3088
20
-82.6668
10
6.3004
20
-82.5233
10
6.2470
20
-82.2788
10
6.1206
20
-82.0627
10
5.9336
20
-81.8963
10
5.7043
20
-81.7959
10
5.4553
20
-81.7711
0
LWPOLYLINE
8
COPPER
90
24
70
1
10
13.5495
20
-80.8251
10
13.3128
20
-80.9066
10
13.1129
20
-81.0572
10
12.9694
20
-81.2622
10
12.8962
20
-81.5016
10
12.9006
20
-81.7518
10
12.9255
20
-81.8934
10
13.0070
20
-82.1301
10
13.1576
20
-82.3300
10
13.3627
20
-82.4735
10
13.6020
20
-82.5467
10
13.8523
20
-82.5423
10
15.2142
20
-82.3022
10
15.4509
20
-82.2207
10
15.6508
20
-82.0701
10
15.7944
20
-81.8650
10
15.8675
20
-81.6257
10
15.8632
20
-81.3754
10
15.8382
20
-81.2338
10
15.7567
20
-80.9972
10
15.6061
20
-80.7973
10
15.4011
20
-80.6537
10
15.1617
20
-80.5806
10
14.9114
20
-80.5849
0
LWPOLYLINE
8
COPPER
90
24
70
1
10
22.8411
20
-78.7056
10
22.6155
20
-78.8140
10
22.4344
20
-78.9868
10
22.3157
20
-79.2071
10
22.2708
20
-79.4533
10
22.3041
20
-79.7014
10
22.3454
20
-79.8391
10
22.4538
20
-80.0647
10
22.6266
20
-80.2458
10
22.8469
20
-80.3645
10
23.0932
20
-80.4094
10
23.3412
20
-80.3761
10
24.6661
20
-79.9794
10
24.8917
20
-79.8710
10
25.0727
20
-79.6982
10
25.1915
20
-79.4779
10
25.2364
20
-79.2316
10
25.2030
20
-78.9836
10
25.1618
20
-78.8459
10
25.0534
20
-78.6203
10
24.8806
20
-78.4392
10
24.6602
20
-78.3204
10
24.4140
20
-78.2755
10
24.1660
20
-78.3089
0
LWPOLYLINE
8
COPPER
90
24
70
1
10
31.8238
20
-75.5217
10
31.6123
20
-75.6556
10
31.4526
20
-75.8482
10
31.3601
20
-76.0808
10
31.3441
20
-76.3306
10
31.4061
20
-76.5731
10
31.4630
20
-76.7051
10
31.5969
20
-76.9166
10
31.7896
20
-77.0764
10
32.0222
20
-77.1688
10
32.2720
20
-77.1848
10
32.5145
20
-77.1228
10
33.7843
20
-76.5751
10
33.9958
20
-76.4412
10
34.1556
20
-76.2485
10
34.2480
20
-76.0159
10
34.2640
20
-75.7661
10
34.2020
20
-75.5236
10
34.1451
20
-75.3916
10
34.0112
20
-75.1802
10
33.8186
20
-75.0204
10
33.5859
20
-74.9280
10
33.3362
20
-74.9120
10
33.0937
20
-74.9739
0
LWPOLYLINE
8
COPPER
90
24
70
1
10
40.3762
20
-71.3165
10
40.1816
20
-71.4740
10
40.0453
20
-71.6840
10
39.9805
20
-71.9257
10
39.9936
20
-72.1757
10
40.0833
20
-72.4093
10
40.1552
20
-72.5338
10
40.3127
20
-72.7283
10
40.5226
20
-72.8647
10
40.7644
20
-72.9295
10
41.0144
20
-72.9163
10
41.2480
20
-72.8267
10
42.4457
20
-72.1352
10
42.6402
20
-71.9777
10
42.7765
20
-71.7677
10
42.8413
20
-71.5260
10
42.8282
20
-71.2760
10
42.7385
20
-71.0424
10
42.6667
20
-70.9179
10
42.5091
20
-70.7233
10
42.2992
20
-70.5870
10
42.0575
20
-70.5222
10
41.8075
20
-70.5353
10
41.5738
20
-70.6250
0
LWPOLYLINE
8
COPPER
90
24
70
1
10
48.3825
20
-66.1469
10
48.2076
20
-66.3260
10
48.0966
20
-66.5503
10
48.0603
20
-66.7979
10
48.1023
20
-67.0447
10
48.2185
20
-67.2663
10
48.3044
20
-67.3816
10
48.4834
20
-67.5566
10
48.7077
20
-67.6676
10
48.9554
20
-67.7039
10
49.2021
20
-67.6618
10
49.4238
20
-67.5456
10
50.5331
20
-66.7198
10
50.7080
20
-66.5407
10
50.8190
20
-66.3164
10
50.8553
20
-66.0688
10
50.8133
20
-65.8220
10
50.6971
20
-65.6004
10
50.6112
20
-65.4850
10
50.4322
20
-65.3101
10
50.2079
20
-65.1991
10
49.9602
20
-65.1628
10
49.7135
20
-65.2049
10
49.4918
20
-65.3211
0
LWPOLYLINE
8
COPPER
90
24
70
1
10
55.7345
20
-60.0828
10
55.5816
20
-60.2809
10
55.4974
20
-60.5166
10
55.4901
20
-60.7668
10
55.5605
20
-61.0070
10
55.7016
20
-61.2137
10
55.8003
20
-61.3182
10
55.9984
20
-61.4712
10
56.2341
20
-61.5554
10
56.4843
20
-61.5627
10
56.7245
20
-61.4923
10
56.9312
20
-61.3511
10
57.9371
20
-60.4021
10
58.0900
20
-60.2040
10
58.1743
20
-59.9683
10
58.1816
20
-59.7181
10
58.1112
20
-59.4779
10
57.9700
20
-59.2712
10
57.8714
20
-59.1667
10
57.6732
20
-59.0137
10
57.4375
20
-58.9295
10
57.1873
20
-58.9222
10
56.9472
20
-58.9926
10
56.7405
20
-59.1337
0
LWPOLYLINE
8
COPPER
90
24
70
1
10
62.3329
20
-53.2061
10
62.2040
20
-53.4207
10
62.1477
20
-53.6646
10
62.1695
20
-53.9139
10
62.2673
20
-54.1443
10
62.4315
20
-54.3332
10
62.5416
20
-54.4256
10
62.7561
20
-54.5545
10
63.0000
20
-54.6108
10
63.2494
20
-54.5890
10
63.4798
20
-54.4912
10
63.6687
20
-54.3270
10
64.5576
20
-53.2676
10
64.6865
20
-53.0531
10
64.7428
20
-52.8092
10
64.7210
20
-52.5598
10
64.6232
20
-52.3294
10
64.4590
20
-52.1405
10
64.3489
20
-52.0481
10
64.1343
20
-51.9192
10
63.8905
20
-51.8629
10
63.6411
20
-51.8847
10
63.4107
20
-51.9825
10
63.2218
20
-52.1467
0
LWPOLYLINE
8
COPPER
90
24
70
1
10
68.0883
20
-45.6100
10
67.9851
20
-45.8380
10
67.9575
20
-46.0868
10
68.0081
20
-46.3319
10
68.1320
20
-46.5494
10
68.3170
20
-46.7180
10
68.4371
20
-46.7970
10
68.6652
20
-46.9001
10
68.9140
20
-46.9277
10
69.1591
20
-46.8771
10
69.3766
20
-46.7532
10
69.5451
20
-46.5682
10
70.3051
20
-45.4127
10
70.4082
20
-45.1847
10
70.4358
20
-44.9359
10
70.3852
20
-44.6908
10
70.2613
20
-44.4733
10
70.0763
20
-44.3047
10
69.9562
20
-44.2258
10
69.7281
20
-44.1226
10
69.4794
20
-44.0950
10
69.2342
20
-44.1456
10
69.0168
20
-44.2695
10
68.8482
20
-44.4545
0
LWPOLYLINE
8
COPPER
90
24
70
1
10
72.9229
20
-37.3970
10
72.8469
20
-37.6355
10
72.8484
20
-37.8858
10
72.9271
20
-38.1234
10
73.0754
20
-38.3250
10
73.2787
20
-38.4710
10
73.4072
20
-38.5355
10
73.6457
20
-38.6114
10
73.8960
20
-38.6100
10
74.1336
20
-38.5313
10
74.3352
20
-38.3830
10
74.4811
20
-38.1796
10
75.1018
20
-36.9438
10
75.1778
20
-36.7053
10
75.1763
20
-36.4550
10
75.0976
20
-36.2174
10
74.9493
20
-36.0158
10
74.7459
20
-35.8698
10
74.6175
20
-35.8053
10
74.3790
20
-35.7293
10
74.1287
20
-35.7308
10
73.8911
20
-35.8095
10
73.6895
20
-35.9578
10
73.5435
20
-36.1612
0
LWPOLYLINE
8
COPPER
90
24
70
1
10
76.7713
20
-28.6783
10
76.7236
20
-28.9240
10
76.7541
20
-29.1725
10
76.8598
20
-29.3993
10
77.0305
20
-29.5824
10
77.2494
20
-29.7037
10
77.3845
20
-29.7529
10
77.6302
20
-29.8006
10
77.8787
20
-29.7701
10
78.1055
20
-29.6643
10
78.2886
20
-29.4936
10
78.4099
20
-29.2747
10
78.8829
20
-27.9752
10
78.9307
20
-27.7295
10
78.9002
20
-27.4810
10
78.7944
20
-27.2542
10
78.6237
20
-27.0711
10
78.4048
20
-26.9498
10
78.2697
20
-26.9006
10
78.0240
20
-26.8529
10
77.7756
20
-26.8834
10
77.5487
20
-26.9892
10
77.3657
20
-27.1599
10
77.2443
20
-27.3788
0
LWPOLYLINE
8
COPPER
90
24
70
1
10
79.5816
20
-19.5718
10
79.5626
20
-19.8214
10
79.6218
20
-20.0646
10
79.7532
20
-20.2776
10
79.9440
20
-20.4396
10
80.1755
20
-20.5347
10
80.3154
20
-20.5679
10
80.5650
20
-20.5868
10
80.8082
20
-20.5277
10
81.0212
20
-20.3963
10
81.1832
20
-20.2055
10
81.2783
20
-19.9739
10
81.5972
20
-18.6283
10
81.6162
20
-18.3787
10
81.5570
20
-18.1355
10
81.4256
20
-17.9224
10
81.2348
20
-17.7605
10
81.0033
20
-17.6653
10
80.8634
20
-17.6322
10
80.6138
20
-17.6133
10
80.3706
20
-17.6724
10
80.1576
20
-17.8038
10
79.9956
20
-17.9946
10
79.9005
20
-18.2261
0
LWPOLYLINE
8
COPPER
90
24
70
1
10
81.3156
20
-10.2006
10
81.3258
20
-10.4507
10
81.4128
20
-10.6854
10
81.5680
20
-10.8817
10
81.7763
20
-11.0205
10
82.0173
20
-11.0881
10
82.1601
20
-11.1048
10
82.4102
20
-11.0946
10
82.6449
20
-11.0076
10
82.8412
20
-10.8524
10
82.9800
20
-10.6440
10
83.0476
20
-10.4031
10
83.2081
20
-9.0294
10
83.1979
20
-8.7794
10
83.1110
20
-8.5447
10
82.9557
20
-8.3483
10
82.7474
20
-8.2096
10
82.5064
20
-8.1420
10
82.3636
20
-8.1253
10
82.1135
20
-8.1355
10
81.8788
20
-8.2225
10
81.6825
20
-8.3777
10
81.5437
20
-8.5860
10
81.4762
20
-8.8270
0
LWPOLYLINE
8
COPPER
90
24
70
1
10
84.1437
20
-0.6915
10
84.1829
20
-0.9387
10
84.2965
20
-1.1617
10
84.4735
20
-1.3387
10
84.6965
20
-1.4523
10
84.9437
20
-1.4915
10
85.0875
20
-1.4915
10
85.3347
20
-1.4523
10
85.5577
20
-1.3387
10
85.7347
20
-1.1617
10
85.8483
20
-0.9387
10
85.8875
20
-0.6915
10
85.8875
20
0.6915
10
85.8483
20
0.9387
10
85.7347
20
1.1617
10
85.5577
20
1.3387
10
85.3347
20
1.4523
10
85.0875
20
1.4915
10
84.9437
20
1.4915
10
84.6965
20
1.4523
10
84.4735
20
1.3387
10
84.2965
20
1.1617
10
84.1829
20
0.9387
10
84.1437
20
0.6915
0
LWPOLYLINE
8
COPPER
90
24
70
1
10
83.6551
20
9.0817
10
83.7227
20
8.8407
10
83.8614
20
8.6324
10
84.0578
20
8.4771
10
84.2925
20
8.3902
10
84.5425
20
8.3800
10
84.6853
20
8.3967
10
84.9263
20
8.4643
10
85.1346
20
8.6030
10
85.2899
20
8.7993
10
85.3768
20
9.0340
10
85.3870
20
9.2841
10
85.2265
20
10.6577
10
85.1589
20
10.8987
10
85.0201
20
11.1070
10
84.8238
20
11.2623
10
84.5891
20
11.3493
10
84.3390
20
11.3594
10
84.1962
20
11.3428
10
83.9552
20
11.2752
10
83.7469
20
11.1364
10
83.5917
20
10.9401
10
83.5047
20
10.7054
10
83.4945
20
10.4553
0
LWPOLYLINE
8
COPPER
90
24
70
1
10
82.0351
20
18.7320
10
82.1302
20
18.5005
10
82.2922
20
18.3097
10
82.5053
20
18.1783
10
82.7485
20
18.1192
10
82.9980
20
18.1381
10
83.1379
20
18.1713
10
83.3694
20
18.2664
10
83.5602
20
18.4284
10
83.6916
20
18.6414
10
83.7508
20
18.8846
10
83.7319
20
19.1342
10
83.4129
20
20.4799
10
83.3178
20
20.7114
10
83.1558
20
20.9022
10
82.9428
20
21.0336
10
82.6996
20
21.0927
10
82.4500
20
21.0738
10
82.3101
20
21.0407
10
82.0786
20
20.9455
10
81.8878
20
20.7835
10
81.7564
20
20.5705
10
81.6973
20
20.3273
10
81.7162
20
20.0777
0
LWPOLYLINE
8
COPPER
90
24
70
1
10
79.3058
20
28.1291
10
79.4271
20
27.9102
10
79.6102
20
27.7395
10
79.8370
20
27.6337
10
80.0854
20
27.6032
10
80.3311
20
27.6509
10
80.4662
20
27.7001
10
80.6851
20
27.8215
10
80.8558
20
28.0045
10
80.9616
20
28.2314
10
80.9921
20
28.4798
10
80.9443
20
28.7255
10
80.4714
20
30.0250
10
80.3500
20
30.2439
10
80.1670
20
30.4146
10
79.9401
20
30.5204
10
79.6917
20
30.5509
10
79.4460
20
30.5032
10
79.3109
20
30.4540
10
79.0920
20
30.3327
10
78.9213
20
30.1496
10
78.8155
20
29.9228
10
78.7850
20
29.6743
10
78.8328
20
29.4286
0
LWPOLYLINE
8
COPPER
90
24
70
1
10
75.5039
20
37.1457
10
75.6499
20
36.9424
10
75.8515
20
36.7941
10
76.0891
20
36.7153
10
76.3394
20
36.7139
10
76.5779
20
36.7899
10
76.7063
20
36.8544
10
76.9097
20
37.0003
10
77.0580
20
37.2019
10
77.1367
20
37.4395
10
77.1382
20
37.6898
10
77.0622
20
37.9283
10
76.4415
20
39.1642
10
76.2956
20
39.3675
10
76.0940
20
39.5158
10
75.8564
20
39.5945
10
75.6061
20
39.5960
10
75.3676
20
39.5200
10
75.2391
20
39.4555
10
75.0358
20
39.3096
10
74.8875
20
39.1079
10
74.8088
20
38.8704
10
74.8073
20
38.6201
10
74.8833
20
38.3816
0
LWPOLYLINE
8
COPPER
90
24
70
1
10
70.6811
20
45.6600
10
70.8496
20
45.4750
10
71.0671
20
45.3511
10
71.3122
20
45.3005
10
71.5610
20
45.3281
10
71.7890
20
45.4312
10
71.9091
20
45.5102
10
72.0942
20
45.6788
10
72.2181
20
45.8963
10
72.2687
20
46.1414
10
72.2411
20
46.3902
10
72.1379
20
46.6182
10
71.3780
20
47.7737
10
71.2094
20
47.9587
10
70.9919
20
48.0826
10
70.7468
20
48.1332
10
70.4980
20
48.1056
10
70.2700
20
48.0025
10
70.1499
20
47.9235
10
69.9649
20
47.7549
10
69.8410
20
47.5374
10
69.7904
20
47.2923
10
69.8180
20
47.0435
10
69.9211
20
46.8155
0
LWPOLYLINE
8
COPPER
90
24
70
1
10
64.9023
20
53.5569
10
65.0912
20
53.3926
10
65.3216
20
53.2949
10
65.5710
20
53.2730
10
65.8148
20
53.3293
10
66.0294
20
53.4583
10
66.1395
20
53.5507
10
66.3037
20
53.7396
10
66.4015
20
53.9700
10
66.4233
20
54.2193
10
66.3670
20
54.4632
10
66.2381
20
54.6777
10
65.3492
20
55.7371
10
65.1603
20
55.9013
10
64.9299
20
55.9991
10
64.6805
20
56.0209
10
64.4366
20
55.9646
10
64.2221
20
55.8357
10
64.1120
20
55.7433
10
63.9478
20
55.5544
10
63.8500
20
55.3240
10
63.8282
20
55.0747
10
63.8845
20
54.8308
10
64.0134
20
54.6163
0
LWPOLYLINE
8
COPPER
90
24
70
1
10
58.2459
20
60.7294
10
58.4526
20
60.5883
10
58.6928
20
60.5179
10
58.9430
20
60.5251
10
59.1787
20
60.6094
10
59.3768
20
60.7623
10
59.4754
20
60.8669
10
59.6166
20
61.0736
10
59.6870
20
61.3138
10
59.6797
20
61.5640
10
59.5955
20
61.7997
10
59.4425
20
61.9978
10
58.4366
20
62.9468
10
58.2299
20
63.0880
10
57.9897
20
63.1584
10
57.7395
20
63.1511
10
57.5039
20
63.0669
10
57.3057
20
62.9139
10
57.2071
20
62.8094
10
57.0659
20
62.6027
10
56.9955
20
62.3625
10
57.0028
20
62.1123
10
57.0870
20
61.8766
10
57.2400
20
61.6785
0
LWPOLYLINE
8
COPPER
90
24
70
1
10
50.8018
20
67.0807
10
51.0235
20
66.9645
10
51.2702
20
66.9225
10
51.5179
20
66.9588
10
51.7422
20
67.0698
10
51.9212
20
67.2447
10
52.0071
20
67.3600
10
52.1233
20
67.5817
10
52.1653
20
67.8284
10
52.1291
20
68.0761
10
52.0180
20
68.3004
10
51.8431
20
68.4794
10
50.7338
20
69.3053
10
50.5121
20
69.4215
10
50.2654
20
69.4635
10
50.0177
20
69.4272
10
49.7934
20
69.3162
10
49.6144
20
69.1413
10
49.5285
20
69.0260
10
49.4123
20
68.8043
10
49.3703
20
68.5576
10
49.4066
20
68.3099
10
49.5176
20
68.0856
10
49.6925
20
67.9066
0
LWPOLYLINE
8
COPPER
90
24
70
1
10
42.6707
20
72.5249
10
42.9044
20
72.4352
10
43.1543
20
72.4221
10
43.3961
20
72.4869
10
43.6060
20
72.6232
10
43.7635
20
72.8177
10
43.8354
20
72.9422
10
43.9251
20
73.1759
10
43.9382
20
73.4258
10
43.8734
20
73.6676
10
43.7371
20
73.8775
10
43.5426
20
74.0350
10
42.3449
20
74.7265
10
42.1112
20
74.8162
10
41.8613
20
74.8293
10
41.6195
20
74.7645
10
41.4096
20
74.6282
10
41.2521
20
74.4337
10
41.1802
20
74.3092
10
41.0905
20
74.0755
10
41.0774
20
73.8256
10
41.1422
20
73.5838
10
41.2785
20
73.3739
10
41.4730
20
73.2164
0
LWPOLYLINE
8
COPPER
90
24
70
1
10
33.9626
20
76.9883
10
34.2051
20
76.9263
10
34.4548
20
76.9423
10
34.6875
20
77.0347
10
34.8801
20
77.1945
10
35.0140
20
77.4060
10
35.0709
20
77.5380
10
35.1329
20
77.7805
10
35.1169
20
78.0303
10
35.0245
20
78.2629
10
34.8647
20
78.4555
10
34.6532
20
78.5894
10
33.3834
20
79.1372
10
33.1409
20
79.1991
10
32.8911
20
79.1831
10
32.6585
20
79.0907
10
32.4658
20
78.9309
10
32.3319
20
78.7195
10
32.2750
20
78.5875
10
32.2130
20
78.3450
10
32.2290
20
78.0952
10
32.3215
20
77.8626
10
32.4812
20
77.6699
10
32.6927
20
77.5360
0
LWPOLYLINE
8
COPPER
90
24
70
1
10
24.7951
20
80.4105
10
25.0432
20
80.3771
10
25.2894
20
80.4220
10
25.5097
20
80.5408
10
25.6826
20
80.7219
10
25.7910
20
80.9475
10
25.8322
20
81.0852
10
25.8656
20
81.3332
10
25.8207
20
81.5795
10
25.7019
20
81.7998
10
25.5208
20
81.9726
10
25.2952
20
82.0810
10
23.9704
20
82.4776
10
23.7223
20
82.5110
10
23.4761
20
82.4661
10
23.2558
20
82.3473
10
23.0830
20
82.1663
10
22.9745
20
81.9407
10
22.9333
20
81.8030
10
22.8999
20
81.5549
10
22.9448
20
81.3087
10
23.0636
20
81.0884
10
23.2447
20
80.9156
10
23.4703
20
80.8071
0
LWPOLYLINE
8
COPPER
90
24
70
1
10
15.2924
20
82.7453
10
15.5426
20
82.7410
10
15.7820
20
82.8142
10
15.9870
20
82.9577
10
16.1377
20
83.1576
10
16.2191
20
83.3943
10
16.2441
20
83.5358
10
16.2485
20
83.7861
10
16.1753
20
84.0255
10
16.0317
20
84.2305
10
15.8318
20
84.3811
10
15.5952
20
84.4626
10
14.2332
20
84.7027
10
13.9830
20
84.7071
10
13.7436
20
84.6339
10
13.5386
20
84.4904
10
13.3880
20
84.2905
10
13.3065
20
84.0538
10
13.2815
20
83.9123
10
13.2771
20
83.6620
10
13.3503
20
83.4226
10
13.4939
20
83.2176
10
13.6938
20
83.0670
10
13.9304
20
82.9855
0
LWPOLYLINE
8
COPPER
90
24
70
1
10
5.5828
20
83.9612
10
5.8319
20
83.9859
10
6.0611
20
84.0864
10
6.2481
20
84.2528
10
6.3745
20
84.4688
10
6.4280
20
84.7133
10
6.4364
20
84.8568
10
6.4116
20
85.1059
10
6.3112
20
85.3351
10
6.1448
20
85.5221
10
5.9287
20
85.6485
10
5.6842
20
85.7020
10
4.3036
20
85.7824
10
4.0545
20
85.7577
10
3.8253
20
85.6572
10
3.6383
20
85.4908
10
3.5119
20
85.2748
10
3.4584
20
85.0303
10
3.4501
20
84.8868
10
3.4748
20
84.6377
10
3.5753
20
84.4084
10
3.7417
20
84.2215
10
3.9577
20
84.0951
10
4.2022
20
84.0416
0
LWPOLYLINE
8
COPPER
90
24
70
1
10
-4.2022
20
84.0416
10
-3.9577
20
84.0951
10
-3.7417
20
84.2215
10
-3.5753
20
84.4084
10
-3.4748
20
84.6377
10
-3.4501
20
84.8868
10
-3.4584
20
85.0303
10
-3.5119
20
85.2748
10
-3.6383
20
85.4908
10
-3.8253
20
85.6572
10
-4.0545
20
85.7577
10
-4.3036
20
85.7824
10
-5.6842
20
85.7020
10
-5.9287
20
85.6485
10
-6.1448
20
85.5221
10
-6.3112
20
85.3351
10
-6.4116
20
85.1059
10
-6.4364
20
84.8568
10
-6.4280
20
84.7133
10
-6.3745
20
84.4688
10
-6.2481
20
84.2528
10
-6.0611
20
84.0864
10
-5.8319
20
83.9859
10
-5.5828
20
83.9612
0
LWPOLYLINE
8
COPPER
90
24
70
1
10
-13.9304
20
82.9855
10
-13.6938
20
83.0670
10
-13.4939
20
83.2176
10
-13.3503
20
83.4226
10
-13.2771
20
83.6620
10
-13.2815
20
83.9123
10
-13.3065
20
84.0538
10
-13.3880
20
84.2905
10
-13.5386
20
84.4904
10
-13.7436
20
84.6339
10
-13.9830
20
84.7071
10
-14.2332
20
84.7027
10
-15.5952
20
84.4626
10
-15.8318
20
84.3811
10
-16.0317
20
84.2305
10
-16.1753
20
84.0255
10
-16.2485
20
83.7861
10
-16.2441
20
83.5358
10
-16.2191
20
83.3943
10
-16.1377
20
83.1576
10
-15.9870
20
82.9577
10
-15.7820
20
82.8142
10
-15.5426
20
82.7410
10
-15.2924
20
82.7453
0
LWPOLYLINE
8
COPPER
90
24
70
1
10
-23.4703
20
80.8071
10
-23.2447
20
80.9156
10
-23.0636
20
81.0884
10
-22.9448
20
81.3087
10
-22.8999
20
81.5549
10
-22.9333
20
81.8030
10
-22.9745
20
81.9407
10
-23.0830
20
82.1663
10
-23.2558
20
82.3473
10
-23.4761
20
82.4661
10
-23.7223
20
82.5110
10
-23.9704
20
82.4776
10
-25.2952
20
82.0810
10
-25.5208
20
81.9726
10
-25.7019
20
81.7998
10
-25.8207
20
81.5795
10
-25.8656
20
81.3332
10
-25.8322
20
81.0852
10
-25.7910
20
80.9475
10
-25.6826
20
80.7219
10
-25.5097
20
80.5408
10
-25.2894
20
80.4220
10
-25.0432
20
80.3771
10
-24.7951
20
80.4105
0
LWPOLYLINE
8
COPPER
90
24
70
1
10
-32.6927
20
77.5360
10
-32.4812
20
77.6699
10
-32.3215
20
77.8626
10
-32.2290
20
78.0952
10
-32.2130
20
78.3450
10
-32.2750
20
78.5875
10
-32.3319
20
78.7195
10
-32.4658
20
78.9309
10
-32.6585
20
79.0907
10
-32.8911
20
79.1831
10
-33.1409
20
79.1991
10
-33.3834
20
79.1372
10
-34.6532
20
78.5894
10
-34.8647
20
78.4555
10
-35.0245
20
78.2629
10
-35.1169
20
78.0303
10
-35.1329
20
77.7805
10
-35.0709
20
77.5380
10
-35.0140
20
77.4060
10
-34.8801
20
77.1945
10
-34.6875
20
77.0347
10
-34.4548
20
76.9423
10
-34.2051
20
76.9263
10
-33.9626
20
76.9883
0
LWPOLYLINE
8
COPPER
90
24
70
1
10
-41.4730
20
73.2164
10
-41.2785
20
73.3739
10
-41.1422
20
73.5838
10
-41.0774
20
73.8256
10
-41.0905
20
74.0755
10
-41.1802
20
74.3092
10
-41.2521
20
74.4337
10
-41.4096
20
74.6282
10
-41.6195
20
74.7645
10
-41.8613
20
74.8293
10
-42.1112
20
74.8162
10
-42.3449
20
74.7265
10
-43.5426
20
74.0350
10
-43.7371
20
73.8775
10
-43.8734
20
73.6676
10
-43.9382
20
73.4258
10
-43.9251
20
73.1759
10
-43.8354
20
72.9422
10
-43.7635
20
72.8177
10
-43.6060
20
72.6232
10
-43.3961
20
72.4869
10
-43.1543
20
72.4221
10
-42.9044
20
72.4352
10
-42.6707
20
72.5249
0
LWPOLYLINE
8
COPPER
90
24
70
1
10
-49.6925
20
67.9066
10
-49.5176
20
68.0856
10
-49.4066
20
68.3099
10
-49.3703
20
68.5576
10
-49.4123
20
68.8043
10
-49.5285
20
69.0260
10
-49.6144
20
69.1413
10
-49.7934
20
69.3162
10
-50.0177
20
69.4272
10
-50.2654
20
69.4635
10
-50.5121
20
69.4215
10
-50.7338
20
69.3053
10
-51.8431
20
68.4794
10
-52.0180
20
68.3004
10
-52.1291
20
68.0761
10
-52.1653
20
67.8284
10
-52.1233
20
67.5817
10
-52.0071
20
67.3600
10
-51.9212
20
67.2447
10
-51.7422
20
67.0698
10
-51.5179
20
66.9588
10
-51.2702
20
66.9225
10
-51.0235
20
66.9645
10
-50.8018
20
67.0807
0
LWPOLYLINE
8
COPPER
90
24
70
1
10
-57.2400
20
61.6785
10
-57.0870
20
61.8766
10
-57.0028
20
62.1123
10
-56.9955
20
62.3625
10
-57.0659
20
62.6027
10
-57.2071
20
62.8094
10
-57.3057
20
62.9139
10
-57.5039
20
63.0669
10
-57.7395
20
63.1511
10
-57.9897
20
63.1584
10
-58.2299
20
63.0880
10
-58.4366
20
62.9468
10
-59.4425
20
61.9978
10
-59.5955
20
61.7997
10
-59.6797
20
61.5640
10
-59.6870
20
61.3138
10
-59.6166
20
61.0736
10
-59.4754
20
60.8669
10
-59.3768
20
60.7623
10
-59.1787
20
60.6094
10
-58.9430
20
60.5251
10
-58.6928
20
60.5179
10
-58.4526
20
60.5883
10
-58.2459
20
60.7294
0
LWPOLYLINE
8
COPPER
90
24
70
1
10
-64.0134
20
54.6163
10
-63.8845
20
54.8308
10
-63.8282
20
55.0747
10
-63.8500
20
55.3240
10
-63.9478
20
55.5544
10
-64.1120
20
55.7433
10
-64.2221
20
55.8357
10
-64.4366
20
55.9646
10
-64.6805
20
56.0209
10
-64.9299
20
55.9991
10
-65.1603
20
55.9013
10
-65.3492
20
55.7371
10
-66.2381
20
54.6777
10
-66.3670
20
54.4632
10
-66.4233
20
54.2193
10
-66.4015
20
53.9700
10
-66.3037
20
53.7396
10
-66.1395
20
53.5507
10
-66.0294
20
53.4583
10
-65.8148
20
53.3293
10
-65.5710
20
53.2730
10
-65.3216
20
53.2949
10
-65.0912
20
53.3926
10
-64.9023
20
53.5569
0
LWPOLYLINE
8
COPPER
90
24
70
1
10
-69.9211
20
46.8155
10
-69.8180
20
47.0435
10
-69.7904
20
47.2923
10
-69.8410
20
47.5374
10
-69.9649
20
47.7549
10
-70.1499
20
47.9235
10
-70.2700
20
48.0025
10
-70.4980
20
48.1056
10
-70.7468
20
48.1332
10
-70.9919
20
48.0826
10
-71.2094
20
47.9587
10
-71.3780
20
47.7737
10
-72.1379
20
46.6182
10
-72.2411
20
46.3902
10
-72.2687
20
46.1414
10
-72.2181
20
45.8963
10
-72.0942
20
45.6788
10
-71.9091
20
45.5102
10
-71.7890
20
45.4312
10
-71.5610
20
45.3281
10
-71.3122
20
45.3005
10
-71.0671
20
45.3511
10
-70.8496
20
45.4750
10
-70.6811
20
45.6600
0
LWPOLYLINE
8
COPPER
90
24
70
1
10
-74.8833
20
38.3816
10
-74.8073
20
38.6201
10
-74.8088
20
38.8704
10
-74.8875
20
39.1079
10
-75.0358
20
39.3096
10
-75.2391
20
39.4555
10
-75.3676
20
39.5200
10
-75.6061
20
39.5960
10
-75.8564
20
39.5945
10
-76.0940
20
39.5158
10
-76.2956
20
39.3675
10
-76.4415
20
39.1642
10
-77.0622
20
37.9283
10
-77.1382
20
37.6898
10
-77.1367
20
37.4395
10
-77.0580
20
37.2019
10
-76.9097
20
37.0003
10
-76.7063
20
36.8544
10
-76.5779
20
36.7899
10
-76.3394
20
36.7139
10
-76.0891
20
36.7153
10
-75.8515
20
36.7941
10
-75.6499
20
36.9424
10
-75.5039
20
37.1457
0
LWPOLYLINE
8
COPPER
90
24
70
1
10
-78.8328
20
29.4286
10
-78.7850
20
29.6743
10
-78.8155
20
29.9228
10
-78.9213
20
30.1496
10
-79.0920
20
30.3327
10
-79.3109
20
30.4540
10
-79.4460
20
30.5032
10
-79.6917
20
30.5509
10
-79.9401
20
30.5204
10
-80.1670
20
30.4146
10
-80.3500
20
30.2439
10
-80.4714
20
30.0250
10
-80.9443
20
28.7255
10
-80.9921
20
28.4798
10
-80.9616
20
28.2314
10
-80.8558
20
28.0045
10
-80.6851
20
27.8215
10
-80.4662
20
27.7001
10
-80.3311
20
27.6509
10
-80.0854
20
27.6032
10
-79.8370
20
27.6337
10
-79.6102
20
27.7395
10
-79.4271
20
27.9102
10
-79.3058
20
28.1291
0
LWPOLYLINE
8
COPPER
90
24
70
1
10
-81.7162
20
20.0777
10
-81.6973
20
20.3273
10
-81.7564
20
20.5705
10
-81.8878
20
20.7835
10
-82.0786
20
20.9455
10
-82.3101
20
21.0407
10
-82.4500
20
21.0738
10
-82.6996
20
21.0927
10
-82.9428
20
21.0336
10
-83.1558
20
20.9022
10
-83.3178
20
20.7114
10
-83.4129
20
20.4799
10
-83.7319
20
19.1342
10
-83.7508
20
18.8846
10
-83.6916
20
18.6414
10
-83.5602
20
18.4284
10
-83.3694
20
18.2664
10
-83.1379
20
18.1713
10
-82.9980
20
18.1381
10
-82.7485
20
18.1192
10
-82.5053
20
18.1783
10
-82.2922
20
18.3097
10
-82.1302
20
18.5005
10
-82.0351
20
18.7320
0
LWPOLYLINE
8
COPPER
90
24
70
1
10
-83.4945
20
10.4553
10
-83.5047
20
10.7054
10
-83.5917
20
10.9401
10
-83.7469
20
11.1364
10
-83.9552
20
11.2752
10
-84.1962
20
11.3428
10
-84.3390
20
11.3594
10
-84.5891
20
11.3493
10
-84.8238
20
11.2623
10
-85.0201
20
11.1070
10
-85.1589
20
10.8987
10
-85.2265
20
10.6577
10
-85.3870
20
9.2841
10
-85.3768
20
9.0340
10
-85.2899
20
8.7993
10
-85.1346
20
8.6030
10
-84.9263
20
8.4643
10
-84.6853
20
8.3967
10
-84.5425
20
8.3800
10
-84.2925
20
8.3902
10
-84.0578
20
8.4771
10
-83.8614
20
8.6324
10
-83.7227
20
8.8407
10
-83.6551
20
9.0817
0
LWPOLYLINE
8
COPPER
90
24
70
1
10
-84.1437
20
0.6915
10
-84.1829
20
0.9387
10
-84.2965
20
1.1617
10
-84.4735
20
1.3387
10
-84.6965
20
1.4523
10
-84.9437
20
1.4915
10
-85.0875
20
1.4915
10
-85.3347
20
1.4523
10
-85.5577
20
1.3387
10
-85.7347
20
1.1617
10
-85.8483
20
0.9387
10
-85.8875
20
0.6915
10
-85.8875
20
-0.6915
10
-85.8483
20
-0.9387
10
-85.7347
20
-1.1617
10
-85.5577
20
-1.3387
10
-85.3347
20
-1.4523
10
-85.0875
20
-1.4915
10
-84.9437
20
-1.4915
10
-84.6965
20
-1.4523
10
-84.4735
20
-1.3387
10
-84.2965
20
-1.1617
10
-84.1829
20
-0.9387
10
-84.1437
20
-0.6915
0
LWPOLYLINE
8
COPPER
90
24
70
1
10
-83.6551
20
-9.0817
10
-83.7227
20
-8.8407
10
-83.8614
20
-8.6324
10
-84.0578
20
-8.4771
10
-84.2925
20
-8.3902
10
-84.5425
20
-8.3800
10
-84.6853
20
-8.3967
10
-84.9263
20
-8.4643
10
-85.1346
20
-8.6030
10
-85.2899
20
-8.7993
10
-85.3768
20
-9.0340
10
-85.3870
20
-9.2841
10
-85.2265
20
-10.6577
10
-85.1589
20
-10.8987
10
-85.0201
20
-11.1070
10
-84.8238
20
-11.2623
10
-84.5891
20
-11.3493
10
-84.3390
20
-11.3594
10
-84.1962
20
-11.3428
10
-83.9552
20
-11.2752
10
-83.7469
20
-11.1364
10
-83.5917
20
-10.9401
10
-83.5047
20
-10.7054
10
-83.4945
20
-10.4553
0
LWPOLYLINE
8
COPPER
90
24
70
1
10
-82.0351
20
-18.7320
10
-82.1302
20
-18.5005
10
-82.2922
20
-18.3097
10
-82.5053
20
-18.1783
10
-82.7485
20
-18.1192
10
-82.9980
20
-18.1381
10
-83.1379
20
-18.1713
10
-83.3694
20
-18.2664
10
-83.5602
20
-18.4284
10
-83.6916
20
-18.6414
10
-83.7508
20
-18.8846
10
-83.7319
20
-19.1342
10
-83.4129
20
-20.4799
10
-83.3178
20
-20.7114
10
-83.1558
20
-20.9022
10
-82.9428
20
-21.0336
10
-82.6996
20
-21.0927
10
-82.4500
20
-21.0738
10
-82.3101
20
-21.0407
10
-82.0786
20
-20.9455
10
-81.8878
20
-20.7835
10
-81.7564
20
-20.5705
10
-81.6973
20
-20.3273
10
-81.7162
20
-20.0777
0
LWPOLYLINE
8
COPPER
90
24
70
1
10
-79.3058
20
-28.1291
10
-79.4271
20
-27.9102
10
-79.6102
20
-27.7395
10
-79.8370
20
-27.6337
10
-80.0854
20
-27.6032
10
-80.3311
20
-27.6509
10
-80.4662
20
-27.7001
10
-80.6851
20
-27.8215
10
-80.8558
20
-28.0045
10
-80.9616
20
-28.2314
10
-80.9921
20
-28.4798
10
-80.9443
20
-28.7255
10
-80.4714
20
-30.0250
10
-80.3500
20
-30.2439
10
-80.1670
20
-30.4146
10
-79.9401
20
-30.5204
10
-79.6917
20
-30.5509
10
-79.4460
20
-30.5032
10
-79.3109
20
-30.4540
10
-79.0920
20
-30.3327
10
-78.9213
20
-30.1496
10
-78.8155
20
-29.9228
10
-78.7850
20
-29.6743
10
-78.8328
20
-29.4286
0
LWPOLYLINE
8
COPPER
90
24
70
1
10
-75.5039
20
-37.1457
10
-75.6499
20
-36.9424
10
-75.8515
20
-36.7941
10
-76.0891
20
-36.7153
10
-76.3394
20
-36.7139
10
-76.5779
20
-36.7899
10
-76.7063
20
-36.8544
10
-76.9097
20
-37.0003
10
-77.0580
20
-37.2019
10
-77.1367
20
-37.4395
10
-77.1382
20
-37.6898
10
-77.0622
20
-37.9283
10
-76.4415
20
-39.1642
10
-76.2956
20
-39.3675
10
-76.0940
20
-39.5158
10
-75.8564
20
-39.5945
10
-75.6061
20
-39.5960
10
-75.3676
20
-39.5200
10
-75.2391
20
-39.4555
10
-75.0358
20
-39.3096
10
-74.8875
20
-39.1079
10
-74.8088
20
-38.8704
10
-74.8073
20
-38.6201
10
-74.8833
20
-38.3816
0
LWPOLYLINE
8
COPPER
90
24
70
1
10
-70.6811
20
-45.6600
10
-70.8496
20
-45.4750
10
-71.0671
20
-45.3511
10
-71.3122
20
-45.3005
10
-71.5610
20
-45.3281
10
-71.7890
20
-45.4312
10
-71.9091
20
-45.5102
10
-72.0942
20
-45.6788
10
-72.2181
20
-45.8963
10
-72.2687
20
-46.1414
10
-72.2411
20
-46.3902
10
-72.1379
20
-46.6182
10
-71.3780
20
-47.7737
10
-71.2094
20
-47.9587
10
-70.9919
20
-48.0826
10
-70.7468
20
-48.1332
10
-70.4980
20
-48.1056
10
-70.2700
20
-48.0025
10
-70.1499
20
-47.9235
10
-69.9649
20
-47.7549
10
-69.8410
20
-47.5374
10
-69.7904
20
-47.2923
10
-69.8180
20
-47.0435
10
-69.9211
20
-46.8155
0
LWPOLYLINE
8
COPPER
90
24
70
1
10
-64.9023
20
-53.5569
10
-65.0912
20
-53.3926
10
-65.3216
20
-53.2949
10
-65.5710
20
-53.2730
10
-65.8148
20
-53.3293
10
-66.0294
20
-53.4583
10
-66.1395
20
-53.5507
10
-66.3037
20
-53.7396
10
-66.4015
20
-53.9700
10
-66.4233
20
-54.2193
10
-66.3670
20
-54.4632
10
-66.2381
20
-54.6777
10
-65.3492
20
-55.7371
10
-65.1603
20
-55.9013
10
-64.9299
20
-55.9991
10
-64.6805
20
-56.0209
10
-64.4366
20
-55.9646
10
-64.2221
20
-55.8357
10
-64.1120
20
-55.7433
10
-63.9478
20
-55.5544
10
-63.8500
20
-55.3240
10
-63.8282
20
-55.0747
10
-63.8845
20
-54.8308
10
-64.0134
20
-54.6163
0
LWPOLYLINE
8
COPPER
90
24
70
1
10
-58.2459
20
-60.7294
10
-58.4526
20
-60.5883
10
-58.6928
20
-60.5179
10
-58.9430
20
-60.5251
10
-59.1787
20
-60.6094
10
-59.3768
20
-60.7623
10
-59.4754
20
-60.8669
10
-59.6166
20
-61.0736
10
-59.6870
20
-61.3138
10
-59.6797
20
-61.5640
10
-59.5955
20
-61.7997
10
-59.4425
20
-61.9978
10
-58.4366
20
-62.9468
10
-58.2299
20
-63.0880
10
-57.9897
20
-63.1584
10
-57.7395
20
-63.1511
10
-57.5039
20
-63.0669
10
-57.3057
20
-62.9139
10
-57.2071
20
-62.8094
10
-57.0659
20
-62.6027
10
-56.9955
20
-62.3625
10
-57.0028
20
-62.1123
10
-57.0870
20
-61.8766
10
-57.2400
20
-61.6785
0
LWPOLYLINE
8
COPPER
90
24
70
1
10
-50.8018
20
-67.0807
10
-51.0235
20
-66.9645
10
-51.2702
20
-66.9225
10
-51.5179
20
-66.9588
10
-51.7422
20
-67.0698
10
-51.9212
20
-67.2447
10
-52.0071
20
-67.3600
10
-52.1233
20
-67.5817
10
-52.1653
20
-67.8284
10
-52.1291
20
-68.0761
10
-52.0180
20
-68.3004
10
-51.8431
20
-68.4794
10
-50.7338
20
-69.3053
10
-50.5121
20
-69.4215
10
-50.2654
20
-69.4635
10
-50.0177
20
-69.4272
10
-49.7934
20
-69.3162
10
-49.6144
20
-69.1413
10
-49.5285
20
-69.0260
10
-49.4123
20
-68.8043
10
-49.3703
20
-68.5576
10
-49.4066
20
-68.3099
10
-49.5176
20
-68.0856
10
-49.6925
20
-67.9066
0
LWPOLYLINE
8
COPPER
90
24
70
1
10
-42.6707
20
-72.5249
10
-42.9044
20
-72.4352
10
-43.1543
20
-72.4221
10
-43.3961
20
-72.4869
10
-43.6060
20
-72.6232
10
-43.7635
20
-72.8177
10
-43.8354
20
-72.9422
10
-43.9251
20
-73.1759
10
-43.9382
20
-73.4258
10
-43.8734
20
-73.6676
10
-43.7371
20
-73.8775
10
-43.5426
20
-74.0350
10
-42.3449
20
-74.7265
10
-42.1112
20
-74.8162
10
-41.8613
20
-74.8293
10
-41.6195
20
-74.7645
10
-41.4096
20
-74.6282
10
-41.2521
20
-74.4337
10
-41.1802
20
-74.3092
10
-41.0905
20
-74.0755
10
-41.0774
20
-73.8256
10
-41.1422
20
-73.5838
10
-41.2785
20
-73.3739
10
-41.4730
20
-73.2164
0
LWPOLYLINE
8
COPPER
90
24
70
1
10
-33.9626
20
-76.9883
10
-34.2051
20
-76.9263
10
-34.4548
20
-76.9423
10
-34.6875
20
-77.0347
10
-34.8801
20
-77.1945
10
-35.0140
20
-77.4060
10
-35.0709
20
-77.5380
10
-35.1329
20
-77.7805
10
-35.1169
20
-78.0303
10
-35.0245
20
-78.2629
10
-34.8647
20
-78.4555
10
-34.6532
20
-78.5894
10
-33.3834
20
-79.1372
10
-33.1409
20
-79.1991
10
-32.8911
20
-79.1831
10
-32.6585
20
-79.0907
10
-32.4658
20
-78.9309
10
-32.3319
20
-78.7195
10
-32.2750
20
-78.5875
10
-32.2130
20
-78.3450
10
-32.2290
20
-78.0952
10
-32.3215
20
-77.8626
10
-32.4812
20
-77.6699
10
-32.6927
20
-77.5360
0
LWPOLYLINE
8
COPPER
90
24
70
1
10
-24.7951
20
-80.4105
10
-25.0432
20
-80.3771
10
-25.2894
20
-80.4220
10
-25.5097
20
-80.5408
10
-25.6826
20
-80.7219
10
-25.7910
20
-80.9475
10
-25.8322
20
-81.0852
10
-25.8656
20
-81.3332
10
-25.8207
20
-81.5795
10
-25.7019
20
-81.7998
10
-25.5208
20
-81.9726
10
-25.2952
20
-82.0810
10
-23.9704
20
-82.4776
10
-23.7223
20
-82.5110
10
-23.4761
20
-82.4661
10
-23.2558
20
-82.3473
10
-23.0830
20
-82.1663
10
-22.9745
20
-81.9407
10
-22.9333
20
-81.8030
10
-22.8999
20
-81.5549
10
-22.9448
20
-81.3087
10
-23.0636
20
-81.0884
10
-23.2447
20
-80.9156
10
-23.4703
20
-80.8071
0
LWPOLYLINE
8
COPPER
90
24
70
1
10
-15.2924
20
-82.7453
10
-15.5426
20
-82.7410
10
-15.7820
20
-82.8142
10
-15.9870
20
-82.9577
10
-16.1377
20
-83.1576
10
-16.2191
20
-83.3943
10
-16.2441
20
-83.5358
10
-16.2485
20
-83.7861
10
-16.1753
20
-84.0255
10
-16.0317
20
-84.2305
10
-15.8318
20
-84.3811
10
-15.5952
20
-84.4626
10
-14.2332
20
-84.7027
10
-13.9830
20
-84.7071
10
-13.7436
20
-84.6339
10
-13.5386
20
-84.4904
10
-13.3880
20
-84.2905
10
-13.3065
20
-84.0538
10
-13.2815
20
-83.9123
10
-13.2771
20
-83.6620
10
-13.3503
20
-83.4226
10
-13.4939
20
-83.2176
10
-13.6938
20
-83.0670
10
-13.9304
20
-82.9855
0
LWPOLYLINE
8
COPPER
90
24
70
1
10
-5.5828
20
-83.9612
10
-5.8319
20
-83.9859
10
-6.0611
20
-84.0864
10
-6.2481
20
-84.2528
10
-6.3745
20
-84.4688
10
-6.4280
20
-84.7133
10
-6.4364
20
-84.8568
10
-6.4116
20
-85.1059
10
-6.3112
20
-85.3351
10
-6.1448
20
-85.5221
10
-5.9287
20
-85.6485
10
-5.6842
20
-85.7020
10
-4.3036
20
-85.7824
10
-4.0545
20
-85.7577
10
-3.8253
20
-85.6572
10
-3.6383
20
-85.4908
10
-3.5119
20
-85.2748
10
-3.4584
20
-85.0303
10
-3.4501
20
-84.8868
10
-3.4748
20
-84.6377
10
-3.5753
20
-84.4084
10
-3.7417
20
-84.2215
10
-3.9577
20
-84.0951
10
-4.2022
20
-84.0416
0
LWPOLYLINE
8
COPPER
90
24
70
1
10
4.2022
20
-84.0416
10
3.9577
20
-84.0951
10
3.7417
20
-84.2215
10
3.5753
20
-84.4084
10
3.4748
20
-84.6377
10
3.4501
20
-84.8868
10
3.4584
20
-85.0303
10
3.5119
20
-85.2748
10
3.6383
20
-85.4908
10
3.8253
20
-85.6572
10
4.0545
20
-85.7577
10
4.3036
20
-85.7824
10
5.6842
20
-85.7020
10
5.9287
20
-85.6485
10
6.1448
20
-85.5221
10
6.3112
20
-85.3351
10
6.4116
20
-85.1059
10
6.4364
20
-84.8568
10
6.4280
20
-84.7133
10
6.3745
20
-84.4688
10
6.2481
20
-84.2528
10
6.0611
20
-84.0864
10
5.8319
20
-83.9859
10
5.5828
20
-83.9612
0
LWPOLYLINE
8
COPPER
90
24
70
1
10
13.9304
20
-82.9855
10
13.6938
20
-83.0670
10
13.4939
20
-83.2176
10
13.3503
20
-83.4226
10
13.2771
20
-83.6620
10
13.2815
20
-83.9123
10
13.3065
20
-84.0538
10
13.3880
20
-84.2905
10
13.5386
20
-84.4904
10
13.7436
20
-84.6339
10
13.9830
20
-84.7071
10
14.2332
20
-84.7027
10
15.5952
20
-84.4626
10
15.8318
20
-84.3811
10
16.0317
20
-84.2305
10
16.1753
20
-84.0255
10
16.2485
20
-83.7861
10
16.2441
20
-83.5358
10
16.2191
20
-83.3943
10
16.1377
20
-83.1576
10
15.9870
20
-82.9577
10
15.7820
20
-82.8142
10
15.5426
20
-82.7410
10
15.2924
20
-82.7453
0
LWPOLYLINE
8
COPPER
90
24
70
1
10
23.4703
20
-80.8071
10
23.2447
20
-80.9156
10
23.0636
20
-81.0884
10
22.9448
20
-81.3087
10
22.8999
20
-81.5549
10
22.9333
20
-81.8030
10
22.9745
20
-81.9407
10
23.0830
20
-82.1663
10
23.2558
20
-82.3473
10
23.4761
20
-82.4661
10
23.7223
20
-82.5110
10
23.9704
20
-82.4776
10
25.2952
20
-82.0810
10
25.5208
20
-81.9726
10
25.7019
20
-81.7998
10
25.8207
20
-81.5795
10
25.8656
20
-81.3332
10
25.8322
20
-81.0852
10
25.7910
20
-80.9475
10
25.6826
20
-80.7219
10
25.5097
20
-80.5408
10
25.2894
20
-80.4220
10
25.0432
20
-80.3771
10
24.7951
20
-80.4105
0
LWPOLYLINE
8
COPPER
90
24
70
1
10
32.6927
20
-77.5360
10
32.4812
20
-77.6699
10
32.3215
20
-77.8626
10
32.2290
20
-78.0952
10
32.2130
20
-78.3450
10
32.2750
20
-78.5875
10
32.3319
20
-78.7195
10
32.4658
20
-78.9309
10
32.6585
20
-79.0907
10
32.8911
20
-79.1831
10
33.1409
20
-79.1991
10
33.3834
20
-79.1372
10
34.6532
20
-78.5894
10
34.8647
20
-78.4555
10
35.0245
20
-78.2629
10
35.1169
20
-78.0303
10
35.1329
20
-77.7805
10
35.0709
20
-77.5380
10
35.0140
20
-77.4060
10
34.8801
20
-77.1945
10
34.6875
20
-77.0347
10
34.4548
20
-76.9423
10
34.2051
20
-76.9263
10
33.9626
20
-76.9883
0
LWPOLYLINE
8
COPPER
90
24
70
1
10
41.4730
20
-73.2164
10
41.2785
20
-73.3739
10
41.1422
20
-73.5838
10
41.0774
20
-73.8256
10
41.0905
20
-74.0755
10
41.1802
20
-74.3092
10
41.2521
20
-74.4337
10
41.4096
20
-74.6282
10
41.6195
20
-74.7645
10
41.8613
20
-74.8293
10
42.1112
20
-74.8162
10
42.3449
20
-74.7265
10
43.5426
20
-74.0350
10
43.7371
20
-73.8775
10
43.8734
20
-73.6676
10
43.9382
20
-73.4258
10
43.9251
20
-73.1759
10
43.8354
20
-72.9422
10
43.7635
20
-72.8177
10
43.6060
20
-72.6232
10
43.3961
20
-72.4869
10
43.1543
20
-72.4221
10
42.9044
20
-72.4352
10
42.6707
20
-72.5249
0
LWPOLYLINE
8
COPPER
90
24
70
1
10
49.6925
20
-67.9066
10
49.5176
20
-68.0856
10
49.4066
20
-68.3099
10
49.3703
20
-68.5576
10
49.4123
20
-68.8043
10
49.5285
20
-69.0260
10
49.6144
20
-69.1413
10
49.7934
20
-69.3162
10
50.0177
20
-69.4272
10
50.2654
20
-69.4635
10
50.5121
20
-69.4215
10
50.7338
20
-69.3053
10
51.8431
20
-68.4794
10
52.0180
20
-68.3004
10
52.1291
20
-68.0761
10
52.1653
20
-67.8284
10
52.1233
20
-67.5817
10
52.0071
20
-67.3600
10
51.9212
20
-67.2447
10
51.7422
20
-67.0698
10
51.5179
20
-66.9588
10
51.2702
20
-66.9225
10
51.0235
20
-66.9645
10
50.8018
20
-67.0807
0
LWPOLYLINE
8
COPPER
90
24
70
1
10
57.2400
20
-61.6785
10
57.0870
20
-61.8766
10
57.0028
20
-62.1123
10
56.9955
20
-62.3625
10
57.0659
20
-62.6027
10
57.2071
20
-62.8094
10
57.3057
20
-62.9139
10
57.5039
20
-63.0669
10
57.7395
20
-63.1511
10
57.9897
20
-63.1584
10
58.2299
20
-63.0880
10
58.4366
20
-62.9468
10
59.4425
20
-61.9978
10
59.5955
20
-61.7997
10
59.6797
20
-61.5640
10
59.6870
20
-61.3138
10
59.6166
20
-61.0736
10
59.4754
20
-60.8669
10
59.3768
20
-60.7623
10
59.1787
20
-60.6094
10
58.9430
20
-60.5251
10
58.6928
20
-60.5179
10
58.4526
20
-60.5883
10
58.2459
20
-60.7294
0
LWPOLYLINE
8
COPPER
90
24
70
1
10
64.0134
20
-54.6163
10
63.8845
20
-54.8308
10
63.8282
20
-55.0747
10
63.8500
20
-55.3240
10
63.9478
20
-55.5544
10
64.1120
20
-55.7433
10
64.2221
20
-55.8357
10
64.4366
20
-55.9646
10
64.6805
20
-56.0209
10
64.9299
20
-55.9991
10
65.1603
20
-55.9013
10
65.3492
20
-55.7371
10
66.2381
20
-54.6777
10
66.3670
20
-54.4632
10
66.4233
20
-54.2193
10
66.4015
20
-53.9700
10
66.3037
20
-53.7396
10
66.1395
20
-53.5507
10
66.0294
20
-53.4583
10
65.8148
20
-53.3293
10
65.5710
20
-53.2730
10
65.3216
20
-53.2949
10
65.0912
20
-53.3926
10
64.9023
20
-53.5569
0
LWPOLYLINE
8
COPPER
90
24
70
1
10
69.9211
20
-46.8155
10
69.8180
20
-47.0435
10
69.7904
20
-47.2923
10
69.8410
20
-47.5374
10
69.9649
20
-47.7549
10
70.1499
20
-47.9235
10
70.2700
20
-48.0025
10
70.4980
20
-48.1056
10
70.7468
20
-48.1332
10
70.9919
20
-48.0826
10
71.2094
20
-47.9587
10
71.3780
20
-47.7737
10
72.1379
20
-46.6182
10
72.2411
20
-46.3902
10
72.2687
20
-46.1414
10
72.2181
20
-45.8963
10
72.0942
20
-45.6788
10
71.9091
20
-45.5102
10
71.7890
20
-45.4312
10
71.5610
20
-45.3281
10
71.3122
20
-45.3005
10
71.0671
20
-45.3511
10
70.8496
20
-45.4750
10
70.6811
20
-45.6600
0
LWPOLYLINE
8
COPPER
90
24
70
1
10
74.8833
20
-38.3816
10
74.8073
20
-38.6201
10
74.8088
20
-38.8704
10
74.8875
20
-39.1079
10
75.0358
20
-39.3096
10
75.2391
20
-39.4555
10
75.3676
20
-39.5200
10
75.6061
20
-39.5960
10
75.8564
20
-39.5945
10
76.0940
20
-39.5158
10
76.2956
20
-39.3675
10
76.4415
20
-39.1642
10
77.0622
20
-37.9283
10
77.1382
20
-37.6898
10
77.1367
20
-37.4395
10
77.0580
20
-37.2019
10
76.9097
20
-37.0003
10
76.7063
20
-36.8544
10
76.5779
20
-36.7899
10
76.3394
20
-36.7139
10
76.0891
20
-36.7153
10
75.8515
20
-36.7941
10
75.6499
20
-36.9424
10
75.5039
20
-37.1457
0
LWPOLYLINE
8
COPPER
90
24
70
1
10
78.8328
20
-29.4286
10
78.7850
20
-29.6743
10
78.8155
20
-29.9228
10
78.9213
20
-30.1496
10
79.0920
20
-30.3327
10
79.3109
20
-30.4540
10
79.4460
20
-30.5032
10
79.6917
20
-30.5509
10
79.9401
20
-30.5204
10
80.1670
20
-30.4146
10
80.3500
20
-30.2439
10
80.4714
20
-30.0250
10
80.9443
20
-28.7255
10
80.9921
20
-28.4798
10
80.9616
20
-28.2314
10
80.8558
20
-28.0045
10
80.6851
20
-27.8215
10
80.4662
20
-27.7001
10
80.3311
20
-27.6509
10
80.0854
20
-27.6032
10
79.8370
20
-27.6337
10
79.6102
20
-27.7395
10
79.4271
20
-27.9102
10
79.3058
20
-28.1291
0
LWPOLYLINE
8
COPPER
90
24
70
1
10
81.7162
20
-20.0777
10
81.6973
20
-20.3273
10
81.7564
20
-20.5705
10
81.8878
20
-20.7835
10
82.0786
20
-20.9455
10
82.3101
20
-21.0407
10
82.4500
20
-21.0738
10
82.6996
20
-21.0927
10
82.9428
20
-21.0336
10
83.1558
20
-20.9022
10
83.3178
20
-20.7114
10
83.4129
20
-20.4799
10
83.7319
20
-19.1342
10
83.7508
20
-18.8846
10
83.6916
20
-18.6414
10
83.5602
20
-18.4284
10
83.3694
20
-18.2664
10
83.1379
20
-18.1713
10
82.9980
20
-18.1381
10
82.7485
20
-18.1192
10
82.5053
20
-18.1783
10
82.2922
20
-18.3097
10
82.1302
20
-18.5005
10
82.0351
20
-18.7320
0
LWPOLYLINE
8
COPPER
90
24
70
1
10
83.4945
20
-10.4553
10
83.5047
20
-10.7054
10
83.5917
20
-10.9401
10
83.7469
20
-11.1364
10
83.9552
20
-11.2752
10
84.1962
20
-11.3428
10
84.3390
20
-11.3594
10
84.5891
20
-11.3493
10
84.8238
20
-11.2623
10
85.0201
20
-11.1070
10
85.1589
20
-10.8987
10
85.2265
20
-10.6577
10
85.3870
20
-9.2841
10
85.3768
20
-9.0340
10
85.2899
20
-8.7993
10
85.1346
20
-8.6030
10
84.9263
20
-8.4643
10
84.6853
20
-8.3967
10
84.5425
20
-8.3800
10
84.2925
20
-8.3902
10
84.0578
20
-8.4771
10
83.8614
20
-8.6324
10
83.7227
20
-8.8407
10
83.6551
20
-9.0817
0
LWPOLYLINE
8
COPPER
90
24
70
1
10
86.3375
20
-0.6915
10
86.3767
20
-0.9387
10
86.4903
20
-1.1617
10
86.6673
20
-1.3387
10
86.8903
20
-1.4523
10
87.1375
20
-1.4915
10
87.2812
20
-1.4915
10
87.5285
20
-1.4523
10
87.7515
20
-1.3387
10
87.9285
20
-1.1617
10
88.0421
20
-0.9387
10
88.0812
20
-0.6915
10
88.0812
20
0.6915
10
88.0421
20
0.9387
10
87.9285
20
1.1617
10
87.7515
20
1.3387
10
87.5285
20
1.4523
10
87.2812
20
1.4915
10
87.1375
20
1.4915
10
86.8903
20
1.4523
10
86.6673
20
1.3387
10
86.4903
20
1.1617
10
86.3767
20
0.9387
10
86.3375
20
0.6915
0
LWPOLYLINE
8
COPPER
90
24
70
1
10
85.8340
20
9.3364
10
85.9016
20
9.0954
10
86.0403
20
8.8871
10
86.2367
20
8.7318
10
86.4714
20
8.6448
10
86.7215
20
8.6347
10
86.8642
20
8.6513
10
87.1052
20
8.7189
10
87.3135
20
8.8577
10
87.4688
20
9.0540
10
87.5558
20
9.2887
10
87.5660
20
9.5388
10
87.4054
20
10.9124
10
87.3378
20
11.1534
10
87.1991
20
11.3617
10
87.0027
20
11.5170
10
86.7680
20
11.6039
10
86.5179
20
11.6141
10
86.3752
20
11.5974
10
86.1342
20
11.5298
10
85.9258
20
11.3911
10
85.7706
20
11.1948
10
85.6836
20
10.9601
10
85.6734
20
10.7100
0
LWPOLYLINE
8
COPPER
90
24
70
1
10
84.1697
20
19.2380
10
84.2648
20
19.0064
10
84.4268
20
18.8156
10
84.6399
20
18.6842
10
84.8831
20
18.6251
10
85.1327
20
18.6440
10
85.2725
20
18.6772
10
85.5041
20
18.7723
10
85.6948
20
18.9343
10
85.8262
20
19.1473
10
85.8854
20
19.3905
10
85.8665
20
19.6401
10
85.5475
20
20.9858
10
85.4524
20
21.2173
10
85.2904
20
21.4081
10
85.0774
20
21.5395
10
84.8342
20
21.5986
10
84.5846
20
21.5797
10
84.4447
20
21.5466
10
84.2132
20
21.4515
10
84.0224
20
21.2895
10
83.8910
20
21.0764
10
83.8319
20
20.8332
10
83.8508
20
20.5836
0
LWPOLYLINE
8
COPPER
90
24
70
1
10
81.3672
20
28.8794
10
81.4886
20
28.6605
10
81.6716
20
28.4898
10
81.8985
20
28.3840
10
82.1469
20
28.3535
10
82.3926
20
28.4012
10
82.5277
20
28.4504
10
82.7466
20
28.5718
10
82.9173
20
28.7548
10
83.0231
20
28.9817
10
83.0536
20
29.2301
10
83.0058
20
29.4758
10
82.5328
20
30.7753
10
82.4115
20
30.9943
10
82.2284
20
31.1650
10
82.0016
20
31.2707
10
81.7531
20
31.3012
10
81.5074
20
31.2535
10
81.3724
20
31.2043
10
81.1534
20
31.0830
10
80.9827
20
30.8999
10
80.8770
20
30.6731
10
80.8465
20
30.4246
10
80.8942
20
30.1789
0
LWPOLYLINE
8
COPPER
90
24
70
1
10
77.4643
20
38.1303
10
77.6103
20
37.9269
10
77.8119
20
37.7786
10
78.0495
20
37.6999
10
78.2998
20
37.6984
10
78.5383
20
37.7744
10
78.6667
20
37.8389
10
78.8701
20
37.9849
10
79.0184
20
38.1865
10
79.0971
20
38.4241
10
79.0986
20
38.6744
10
79.0226
20
38.9129
10
78.4019
20
40.1487
10
78.2560
20
40.3521
10
78.0544
20
40.5004
10
77.8168
20
40.5791
10
77.5665
20
40.5805
10
77.3280
20
40.5046
10
77.1995
20
40.4401
10
76.9962
20
40.2941
10
76.8479
20
40.0925
10
76.7692
20
39.8549
10
76.7677
20
39.6046
10
76.8437
20
39.3661
0
LWPOLYLINE
8
COPPER
90
24
70
1
10
72.5139
20
46.8655
10
72.6825
20
46.6805
10
72.8999
20
46.5566
10
73.1451
20
46.5060
10
73.3938
20
46.5336
10
73.6219
20
46.6367
10
73.7420
20
46.7157
10
73.9270
20
46.8843
10
74.0509
20
47.1018
10
74.1015
20
47.3469
10
74.0739
20
47.5957
10
73.9708
20
47.8237
10
73.2108
20
48.9792
10
73.0423
20
49.1642
10
72.8248
20
49.2881
10
72.5797
20
49.3387
10
72.3309
20
49.3111
10
72.1028
20
49.2079
10
71.9827
20
49.1290
10
71.7977
20
48.9604
10
71.6738
20
48.7429
10
71.6232
20
48.4978
10
71.6508
20
48.2490
10
71.7540
20
48.0210
0
LWPOLYLINE
8
COPPER
90
24
70
1
10
66.5828
20
54.9670
10
66.7717
20
54.8028
10
67.0021
20
54.7050
10
67.2515
20
54.6832
10
67.4954
20
54.7395
10
67.7099
20
54.8684
10
67.8200
20
54.9608
10
67.9842
20
55.1497
10
68.0820
20
55.3801
10
68.1038
20
55.6294
10
68.0475
20
55.8733
10
67.9186
20
56.0878
10
67.0297
20
57.1472
10
66.8408
20
57.3114
10
66.6104
20
57.4092
10
66.3610
20
57.4311
10
66.1172
20
57.3748
10
65.9026
20
57.2458
10
65.7925
20
57.1534
10
65.6283
20
56.9645
10
65.5305
20
56.7341
10
65.5087
20
56.4848
10
65.5650
20
56.2409
10
65.6939
20
56.0264
0
LWPOLYLINE
8
COPPER
90
24
70
1
10
59.7514
20
62.3251
10
59.9580
20
62.1839
10
60.1982
20
62.1135
10
60.4484
20
62.1208
10
60.6841
20
62.2051
10
60.8822
20
62.3580
10
60.9809
20
62.4626
10
61.1221
20
62.6693
10
61.1924
20
62.9094
10
61.1852
20
63.1596
10
61.1009
20
63.3953
10
60.9480
20
63.5935
10
59.9421
20
64.5425
10
59.7354
20
64.6837
10
59.4952
20
64.7541
10
59.2450
20
64.7468
10
59.0093
20
64.6625
10
58.8112
20
64.5096
10
58.7125
20
64.4050
10
58.5714
20
64.1983
10
58.5010
20
63.9582
10
58.5082
20
63.7080
10
58.5925
20
63.4723
10
58.7454
20
63.2741
0
LWPOLYLINE
8
COPPER
90
24
70
1
10
52.1118
20
68.8404
10
52.3335
20
68.7242
10
52.5802
20
68.6821
10
52.8279
20
68.7184
10
53.0522
20
68.8294
10
53.2313
20
69.0044
10
53.3171
20
69.1197
10
53.4333
20
69.3413
10
53.4753
20
69.5881
10
53.4391
20
69.8357
10
53.3280
20
70.0601
10
53.1531
20
70.2391
10
52.0438
20
71.0649
10
51.8221
20
71.1812
10
51.5754
20
71.2232
10
51.3278
20
71.1869
10
51.1034
20
71.0759
10
50.9244
20
70.9010
10
50.8386
20
70.7857
10
50.7223
20
70.5640
10
50.6803
20
70.3172
10
50.7166
20
70.0696
10
50.8276
20
69.8453
10
51.0025
20
69.6662
0
LWPOLYLINE
8
COPPER
90
24
70
1
10
43.7676
20
74.4247
10
44.0013
20
74.3350
10
44.2512
20
74.3219
10
44.4930
20
74.3867
10
44.7029
20
74.5230
10
44.8604
20
74.7175
10
44.9323
20
74.8420
10
45.0220
20
75.0757
10
45.0351
20
75.3257
10
44.9703
20
75.5674
10
44.8340
20
75.7773
10
44.6395
20
75.9349
10
43.4418
20
76.6263
10
43.2081
20
76.7160
10
42.9582
20
76.7291
10
42.7164
20
76.6644
10
42.5065
20
76.5280
10
42.3490
20
76.3335
10
42.2771
20
76.2090
10
42.1874
20
75.9754
10
42.1743
20
75.7254
10
42.2391
20
75.4836
10
42.3754
20
75.2737
10
42.5699
20
75.1162
0
LWPOLYLINE
8
COPPER
90
24
70
1
10
34.8315
20
79.0026
10
35.0740
20
78.9406
10
35.3237
20
78.9566
10
35.5564
20
79.0491
10
35.7490
20
79.2088
10
35.8829
20
79.4203
10
35.9398
20
79.5523
10
36.0018
20
79.7948
10
35.9858
20
80.0446
10
35.8934
20
80.2772
10
35.7336
20
80.4699
10
35.5221
20
80.6037
10
34.2523
20
81.1515
10
34.0098
20
81.2135
10
33.7600
20
81.1975
10
33.5274
20
81.1050
10
33.3347
20
80.9453
10
33.2008
20
80.7338
10
33.1439
20
80.6018
10
33.0819
20
80.3593
10
33.0979
20
80.1095
10
33.1904
20
79.8769
10
33.3501
20
79.6842
10
33.5616
20
79.5504
0
LWPOLYLINE
8
COPPER
90
24
70
1
10
25.4243
20
82.5121
10
25.6724
20
82.4787
10
25.9186
20
82.5236
10
26.1389
20
82.6424
10
26.3117
20
82.8235
10
26.4201
20
83.0491
10
26.4614
20
83.1868
10
26.4948
20
83.4348
10
26.4499
20
83.6811
10
26.3311
20
83.9014
10
26.1500
20
84.0742
10
25.9244
20
84.1826
10
24.5996
20
84.5792
10
24.3515
20
84.6126
10
24.1053
20
84.5677
10
23.8850
20
84.4489
10
23.7121
20
84.2679
10
23.6037
20
84.0423
10
23.5625
20
83.9046
10
23.5291
20
83.6565
10
23.5740
20
83.4103
10
23.6928
20
83.1900
10
23.8738
20
83.0171
10
24.0994
20
82.9087
0
LWPOLYLINE
8
COPPER
90
24
70
1
10
15.6733
20
84.9058
10
15.9236
20
84.9014
10
16.1629
20
84.9746
10
16.3680
20
85.1181
10
16.5186
20
85.3180
10
16.6001
20
85.5547
10
16.6250
20
85.6963
10
16.6294
20
85.9465
10
16.5562
20
86.1859
10
16.4127
20
86.3909
10
16.2128
20
86.5415
10
15.9761
20
86.6230
10
14.6142
20
86.8632
10
14.3639
20
86.8675
10
14.1246
20
86.7944
10
13.9195
20
86.6508
10
13.7689
20
86.4509
10
13.6874
20
86.2142
10
13.6624
20
86.0727
10
13.6581
20
85.8224
10
13.7313
20
85.5831
10
13.8748
20
85.3780
10
14.0747
20
85.2274
10
14.3114
20
85.1459
0
LWPOLYLINE
8
COPPER
90
24
70
1
10
5.7104
20
86.1512
10
5.9595
20
86.1759
10
6.1887
20
86.2764
10
6.3757
20
86.4428
10
6.5021
20
86.6588
10
6.5555
20
86.9034
10
6.5639
20
87.0469
10
6.5392
20
87.2959
10
6.4387
20
87.5252
10
6.2723
20
87.7122
10
6.0563
20
87.8386
10
5.8118
20
87.8920
10
4.4312
20
87.9724
10
4.1821
20
87.9477
10
3.9528
20
87.8473
10
3.7659
20
87.6809
10
3.6395
20
87.4648
10
3.5860
20
87.2203
10
3.5776
20
87.0768
10
3.6024
20
86.8277
10
3.7028
20
86.5985
10
3.8692
20
86.4115
10
4.0853
20
86.2851
10
4.3298
20
86.2316
0
LWPOLYLINE
8
COPPER
90
24
70
1
10
-4.3298
20
86.2316
10
-4.0853
20
86.2851
10
-3.8692
20
86.4115
10
-3.7028
20
86.5985
10
-3.6024
20
86.8277
10
-3.5776
20
87.0768
10
-3.5860
20
87.2203
10
-3.6395
20
87.4648
10
-3.7659
20
87.6809
10
-3.9528
20
87.8473
10
-4.1821
20
87.9477
10
-4.4312
20
87.9724
10
-5.8118
20
87.8920
10
-6.0563
20
87.8386
10
-6.2723
20
87.7122
10
-6.4387
20
87.5252
10
-6.5392
20
87.2959
10
-6.5639
20
87.0469
10
-6.5555
20
86.9034
10
-6.5021
20
86.6588
10
-6.3757
20
86.4428
10
-6.1887
20
86.2764
10
-5.9595
20
86.1759
10
-5.7104
20
86.1512
0
LWPOLYLINE
8
COPPER
90
24
70
1
10
-14.3114
20
85.1459
10
-14.0747
20
85.2274
10
-13.8748
20
85.3780
10
-13.7313
20
85.5831
10
-13.6581
20
85.8224
10
-13.6624
20
86.0727
10
-13.6874
20
86.2142
10
-13.7689
20
86.4509
10
-13.9195
20
86.6508
10
-14.1246
20
86.7944
10
-14.3639
20
86.8675
10
-14.6142
20
86.8632
10
-15.9761
20
86.6230
10
-16.2128
20
86.5415
10
-16.4127
20
86.3909
10
-16.5562
20
86.1859
10
-16.6294
20
85.9465
10
-16.6250
20
85.6963
10
-16.6001
20
85.5547
10
-16.5186
20
85.3180
10
-16.3680
20
85.1181
10
-16.1629
20
84.9746
10
-15.9236
20
84.9014
10
-15.6733
20
84.9058
0
LWPOLYLINE
8
COPPER
90
24
70
1
10
-24.0994
20
82.9087
10
-23.8738
20
83.0171
10
-23.6928
20
83.1900
10
-23.5740
20
83.4103
10
-23.5291
20
83.6565
10
-23.5625
20
83.9046
10
-23.6037
20
84.0423
10
-23.7121
20
84.2679
10
-23.8850
20
84.4489
10
-24.1053
20
84.5677
10
-24.3515
20
84.6126
10
-24.5996
20
84.5792
10
-25.9244
20
84.1826
10
-26.1500
20
84.0742
10
-26.3311
20
83.9014
10
-26.4499
20
83.6811
10
-26.4948
20
83.4348
10
-26.4614
20
83.1868
10
-26.4201
20
83.0491
10
-26.3117
20
82.8235
10
-26.1389
20
82.6424
10
-25.9186
20
82.5236
10
-25.6724
20
82.4787
10
-25.4243
20
82.5121
0
LWPOLYLINE
8
COPPER
90
24
70
1
10
-33.5616
20
79.5504
10
-33.3501
20
79.6842
10
-33.1904
20
79.8769
10
-33.0979
20
80.1095
10
-33.0819
20
80.3593
10
-33.1439
20
80.6018
10
-33.2008
20
80.7338
10
-33.3347
20
80.9453
10
-33.5274
20
81.1050
10
-33.7600
20
81.1975
10
-34.0098
20
81.2135
10
-34.2523
20
81.1515
10
-35.5221
20
80.6037
10
-35.7336
20
80.4699
10
-35.8934
20
80.2772
10
-35.9858
20
80.0446
10
-36.0018
20
79.7948
10
-35.9398
20
79.5523
10
-35.8829
20
79.4203
10
-35.7490
20
79.2088
10
-35.5564
20
79.0491
10
-35.3237
20
78.9566
10
-35.0740
20
78.9406
10
-34.8315
20
79.0026
0
LWPOLYLINE
8
COPPER
90
24
70
1
10
-42.5699
20
75.1162
10
-42.3754
20
75.2737
10
-42.2391
20
75.4836
10
-42.1743
20
75.7254
10
-42.1874
20
75.9754
10
-42.2771
20
76.2090
10
-42.3490
20
76.3335
10
-42.5065
20
76.5280
10
-42.7164
20
76.6644
10
-42.9582
20
76.7291
10
-43.2081
20
76.7160
10
-43.4418
20
76.6263
10
-44.6395
20
75.9349
10
-44.8340
20
75.7773
10
-44.9703
20
75.5674
10
-45.0351
20
75.3257
10
-45.0220
20
75.0757
10
-44.9323
20
74.8420
10
-44.8604
20
74.7175
10
-44.7029
20
74.5230
10
-44.4930
20
74.3867
10
-44.2512
20
74.3219
10
-44.0013
20
74.3350
10
-43.7676
20
74.4247
0
LWPOLYLINE
8
COPPER
90
24
70
1
10
-51.0025
20
69.6662
10
-50.8276
20
69.8453
10
-50.7166
20
70.0696
10
-50.6803
20
70.3172
10
-50.7223
20
70.5640
10
-50.8386
20
70.7857
10
-50.9244
20
70.9010
10
-51.1034
20
71.0759
10
-51.3278
20
71.1869
10
-51.5754
20
71.2232
10
-51.8221
20
71.1812
10
-52.0438
20
71.0649
10
-53.1531
20
70.2391
10
-53.3280
20
70.0601
10
-53.4391
20
69.8357
10
-53.4753
20
69.5881
10
-53.4333
20
69.3413
10
-53.3171
20
69.1197
10
-53.2313
20
69.0044
10
-53.0522
20
68.8294
10
-52.8279
20
68.7184
10
-52.5802
20
68.6821
10
-52.3335
20
68.7242
10
-52.1118
20
68.8404
0
LWPOLYLINE
8
COPPER
90
24
70
1
10
-58.7454
20
63.2741
10
-58.5925
20
63.4723
10
-58.5082
20
63.7080
10
-58.5010
20
63.9582
10
-58.5714
20
64.1983
10
-58.7125
20
64.4050
10
-58.8112
20
64.5096
10
-59.0093
20
64.6625
10
-59.2450
20
64.7468
10
-59.4952
20
64.7541
10
-59.7354
20
64.6837
10
-59.9421
20
64.5425
10
-60.9480
20
63.5935
10
-61.1009
20
63.3953
10
-61.1852
20
63.1596
10
-61.1924
20
62.9094
10
-61.1221
20
62.6693
10
-60.9809
20
62.4626
10
-60.8822
20
62.3580
10
-60.6841
20
62.2051
10
-60.4484
20
62.1208
10
-60.1982
20
62.1135
10
-59.9580
20
62.1839
10
-59.7514
20
62.3251
0
LWPOLYLINE
8
COPPER
90
24
70
1
10
-65.6939
20
56.0264
10
-65.5650
20
56.2409
10
-65.5087
20
56.4848
10
-65.5305
20
56.7341
10
-65.6283
20
56.9645
10
-65.7925
20
57.1534
10
-65.9026
20
57.2458
10
-66.1172
20
57.3748
10
-66.3610
20
57.4311
10
-66.6104
20
57.4092
10
-66.8408
20
57.3114
10
-67.0297
20
57.1472
10
-67.9186
20
56.0878
10
-68.0475
20
55.8733
10
-68.1038
20
55.6294
10
-68.0820
20
55.3801
10
-67.9842
20
55.1497
10
-67.8200
20
54.9608
10
-67.7099
20
54.8684
10
-67.4954
20
54.7395
10
-67.2515
20
54.6832
10
-67.0021
20
54.7050
10
-66.7717
20
54.8028
10
-66.5828
20
54.9670
0
LWPOLYLINE
8
COPPER
90
24
70
1
10
-71.7540
20
48.0210
10
-71.6508
20
48.2490
10
-71.6232
20
48.4978
10
-71.6738
20
48.7429
10
-71.7977
20
48.9604
10
-71.9827
20
49.1290
10
-72.1028
20
49.2079
10
-72.3309
20
49.3111
10
-72.5797
20
49.3387
10
-72.8248
20
49.2881
10
-73.0423
20
49.1642
10
-73.2108
20
48.9792
10
-73.9708
20
47.8237
10
-74.0739
20
47.5957
10
-74.1015
20
47.3469
10
-74.0509
20
47.1018
10
-73.9270
20
46.8843
10
-73.7420
20
46.7157
10
-73.6219
20
46.6367
10
-73.3938
20
46.5336
10
-73.1451
20
46.5060
10
-72.8999
20
46.5566
10
-72.6825
20
46.6805
10
-72.5139
20
46.8655
0
LWPOLYLINE
8
COPPER
90
24
70
1
10
-76.8437
20
39.3661
10
-76.7677
20
39.6046
10
-76.7692
20
39.8549
10
-76.8479
20
40.0925
10
-76.9962
20
40.2941
10
-77.1995
20
40.4401
10
-77.3280
20
40.5046
10
-77.5665
20
40.5805
10
-77.8168
20
40.5791
10
-78.0544
20
40.5004
10
-78.2560
20
40.3521
10
-78.4019
20
40.1487
10
-79.0226
20
38.9129
10
-79.0986
20
38.6744
10
-79.0971
20
38.4241
10
-79.0184
20
38.1865
10
-78.8701
20
37.9849
10
-78.6667
20
37.8389
10
-78.5383
20
37.7744
10
-78.2998
20
37.6984
10
-78.0495
20
37.6999
10
-77.8119
20
37.7786
10
-77.6103
20
37.9269
10
-77.4643
20
38.1303
0
LWPOLYLINE
8
COPPER
90
24
70
1
10
-80.8942
20
30.1789
10
-80.8465
20
30.4246
10
-80.8770
20
30.6731
10
-80.9827
20
30.8999
10
-81.1534
20
31.0830
10
-81.3724
20
31.2043
10
-81.5074
20
31.2535
10
-81.7531
20
31.3012
10
-82.0016
20
31.2707
10
-82.2284
20
31.1650
10
-82.4115
20
30.9943
10
-82.5328
20
30.7753
10
-83.0058
20
29.4758
10
-83.0536
20
29.2301
10
-83.0231
20
28.9817
10
-82.9173
20
28.7548
10
-82.7466
20
28.5718
10
-82.5277
20
28.4504
10
-82.3926
20
28.4012
10
-82.1469
20
28.3535
10
-81.8985
20
28.3840
10
-81.6716
20
28.4898
10
-81.4886
20
28.6605
10
-81.3672
20
28.8794
0
LWPOLYLINE
8
COPPER
90
24
70
1
10
-83.8508
20
20.5836
10
-83.8319
20
20.8332
10
-83.8910
20
21.0764
10
-84.0224
20
21.2895
10
-84.2132
20
21.4515
10
-84.4447
20
21.5466
10
-84.5846
20
21.5797
10
-84.8342
20
21.5986
10
-85.0774
20
21.5395
10
-85.2904
20
21.4081
10
-85.4524
20
21.2173
10
-85.5475
20
20.9858
10
-85.8665
20
19.6401
10
-85.8854
20
19.3905
10
-85.8262
20
19.1473
10
-85.6948
20
18.9343
10
-85.5041
20
18.7723
10
-85.2725
20
18.6772
10
-85.1327
20
18.6440
10
-84.8831
20
18.6251
10
-84.6399
20
18.6842
10
-84.4268
20
18.8156
10
-84.2648
20
19.0064
10
-84.1697
20
19.2380
0
LWPOLYLINE
8
COPPER
90
24
70
1
10
-85.6734
20
10.7100
10
-85.6836
20
10.9601
10
-85.7706
20
11.1948
10
-85.9258
20
11.3911
10
-86.1342
20
11.5298
10
-86.3752
20
11.5974
10
-86.5179
20
11.6141
10
-86.7680
20
11.6039
10
-87.0027
20
11.5170
10
-87.1991
20
11.3617
10
-87.3378
20
11.1534
10
-87.4054
20
10.9124
10
-87.5660
20
9.5388
10
-87.5558
20
9.2887
10
-87.4688
20
9.0540
10
-87.3135
20
8.8577
10
-87.1052
20
8.7189
10
-86.8642
20
8.6513
10
-86.7215
20
8.6347
10
-86.4714
20
8.6448
10
-86.2367
20
8.7318
10
-86.0403
20
8.8871
10
-85.9016
20
9.0954
10
-85.8340
20
9.3364
0
LWPOLYLINE
8
COPPER
90
24
70
1
10
-86.3375
20
0.6915
10
-86.3767
20
0.9387
10
-86.4903
20
1.1617
10
-86.6673
20
1.3387
10
-86.8903
20
1.4523
10
-87.1375
20
1.4915
10
-87.2812
20
1.4915
10
-87.5285
20
1.4523
10
-87.7515
20
1.3387
10
-87.9285
20
1.1617
10
-88.0421
20
0.9387
10
-88.0812
20
0.6915
10
-88.0812
20
-0.6915
10
-88.0421
20
-0.9387
10
-87.9285
20
-1.1617
10
-87.7515
20
-1.3387
10
-87.5285
20
-1.4523
10
-87.2812
20
-1.4915
10
-87.1375
20
-1.4915
10
-86.8903
20
-1.4523
10
-86.6673
20
-1.3387
10
-86.4903
20
-1.1617
10
-86.3767
20
-0.9387
10
-86.3375
20
-0.6915
0
LWPOLYLINE
8
COPPER
90
24
70
1
10
-85.8340
20
-9.3364
10
-85.9016
20
-9.0954
10
-86.0403
20
-8.8871
10
-86.2367
20
-8.7318
10
-86.4714
20
-8.6448
10
-86.7215
20
-8.6347
10
-86.8642
20
-8.6513
10
-87.1052
20
-8.7189
10
-87.3135
20
-8.8577
10
-87.4688
20
-9.0540
10
-87.5558
20
-9.2887
10
-87.5660
20
-9.5388
10
-87.4054
20
-10.9124
10
-87.3378
20
-11.1534
10
-87.1991
20
-11.3617
10
-87.0027
20
-11.5170
10
-86.7680
20
-11.6039
10
-86.5179
20
-11.6141
10
-86.3752
20
-11.5974
10
-86.1342
20
-11.5298
10
-85.9258
20
-11.3911
10
-85.7706
20
-11.1948
10
-85.6836
20
-10.9601
10
-85.6734
20
-10.7100
0
LWPOLYLINE
8
COPPER
90
24
70
1
10
-84.1697
20
-19.2380
10
-84.2648
20
-19.0064
10
-84.4268
20
-18.8156
10
-84.6399
20
-18.6842
10
-84.8831
20
-18.6251
10
-85.1327
20
-18.6440
10
-85.2725
20
-18.6772
10
-85.5041
20
-18.7723
10
-85.6948
20
-18.9343
10
-85.8262
20
-19.1473
10
-85.8854
20
-19.3905
10
-85.8665
20
-19.6401
10
-85.5475
20
-20.9858
10
-85.4524
20
-21.2173
10
-85.2904
20
-21.4081
10
-85.0774
20
-21.5395
10
-84.8342
20
-21.5986
10
-84.5846
20
-21.5797
10
-84.4447
20
-21.5466
10
-84.2132
20
-21.4515
10
-84.0224
20
-21.2895
10
-83.8910
20
-21.0764
10
-83.8319
20
-20.8332
10
-83.8508
20
-20.5836
0
LWPOLYLINE
8
COPPER
90
24
70
1
10
-81.3672
20
-28.8794
10
-81.4886
20
-28.6605
10
-81.6716
20
-28.4898
10
-81.8985
20
-28.3840
10
-82.1469
20
-28.3535
10
-82.3926
20
-28.4012
10
-82.5277
20
-28.4504
10
-82.7466
20
-28.5718
10
-82.9173
20
-28.7548
10
-83.0231
20
-28.9817
10
-83.0536
20
-29.2301
10
-83.0058
20
-29.4758
10
-82.5328
20
-30.7753
10
-82.4115
20
-30.9943
10
-82.2284
20
-31.1650
10
-82.0016
20
-31.2707
10
-81.7531
20
-31.3012
10
-81.5074
20
-31.2535
10
-81.3724
20
-31.2043
10
-81.1534
20
-31.0830
10
-80.9827
20
-30.8999
10
-80.8770
20
-30.6731
10
-80.8465
20
-30.4246
10
-80.8942
20
-30.1789
0
LWPOLYLINE
8
COPPER
90
24
70
1
10
-77.4643
20
-38.1303
10
-77.6103
20
-37.9269
10
-77.8119
20
-37.7786
10
-78.0495
20
-37.6999
10
-78.2998
20
-37.6984
10
-78.5383
20
-37.7744
10
-78.6667
20
-37.8389
10
-78.8701
20
-37.9849
10
-79.0184
20
-38.1865
10
-79.0971
20
-38.4241
10
-79.0986
20
-38.6744
10
-79.0226
20
-38.9129
10
-78.4019
20
-40.1487
10
-78.2560
20
-40.3521
10
-78.0544
20
-40.5004
10
-77.8168
20
-40.5791
10
-77.5665
20
-40.5805
10
-77.3280
20
-40.5046
10
-77.1995
20
-40.4401
10
-76.9962
20
-40.2941
10
-76.8479
20
-40.0925
10
-76.7692
20
-39.8549
10
-76.7677
20
-39.6046
10
-76.8437
20
-39.3661
0
LWPOLYLINE
8
COPPER
90
24
70
1
10
-72.5139
20
-46.8655
10
-72.6825
20
-46.6805
10
-72.8999
20
-46.5566
10
-73.1451
20
-46.5060
10
-73.3938
20
-46.5336
10
-73.6219
20
-46.6367
10
-73.7420
20
-46.7157
10
-73.9270
20
-46.8843
10
-74.0509
20
-47.1018
10
-74.1015
20
-47.3469
10
-74.0739
20
-47.5957
10
-73.9708
20
-47.8237
10
-73.2108
20
-48.9792
10
-73.0423
20
-49.1642
10
-72.8248
20
-49.2881
10
-72.5797
20
-49.3387
10
-72.3309
20
-49.3111
10
-72.1028
20
-49.2079
10
-71.9827
20
-49.1290
10
-71.7977
20
-48.9604
10
-71.6738
20
-48.7429
10
-71.6232
20
-48.4978
10
-71.6508
20
-48.2490
10
-71.7540
20
-48.0210
0
LWPOLYLINE
8
COPPER
90
24
70
1
10
-66.5828
20
-54.9670
10
-66.7717
20
-54.8028
10
-67.0021
20
-54.7050
10
-67.2515
20
-54.6832
10
-67.4954
20
-54.7395
10
-67.7099
20
-54.8684
10
-67.8200
20
-54.9608
10
-67.9842
20
-55.1497
10
-68.0820
20
-55.3801
10
-68.1038
20
-55.6294
10
-68.0475
20
-55.8733
10
-67.9186
20
-56.0878
10
-67.0297
20
-57.1472
10
-66.8408
20
-57.3114
10
-66.6104
20
-57.4092
10
-66.3610
20
-57.4311
10
-66.1172
20
-57.3748
10
-65.9026
20
-57.2458
10
-65.7925
20
-57.1534
10
-65.6283
20
-56.9645
10
-65.5305
20
-56.7341
10
-65.5087
20
-56.4848
10
-65.5650
20
-56.2409
10
-65.6939
20
-56.0264
0
LWPOLYLINE
8
COPPER
90
24
70
1
10
-59.7514
20
-62.3251
10
-59.9580
20
-62.1839
10
-60.1982
20
-62.1135
10
-60.4484
20
-62.1208
10
-60.6841
20
-62.2051
10
-60.8822
20
-62.3580
10
-60.9809
20
-62.4626
10
-61.1221
20
-62.6693
10
-61.1924
20
-62.9094
10
-61.1852
20
-63.1596
10
-61.1009
20
-63.3953
10
-60.9480
20
-63.5935
10
-59.9421
20
-64.5425
10
-59.7354
20
-64.6837
10
-59.4952
20
-64.7541
10
-59.2450
20
-64.7468
10
-59.0093
20
-64.6625
10
-58.8112
20
-64.5096
10
-58.7125
20
-64.4050
10
-58.5714
20
-64.1983
10
-58.5010
20
-63.9582
10
-58.5082
20
-63.7080
10
-58.5925
20
-63.4723
10
-58.7454
20
-63.2741
0
LWPOLYLINE
8
COPPER
90
24
70
1
10
-52.1118
20
-68.8404
10
-52.3335
20
-68.7242
10
-52.5802
20
-68.6821
10
-52.8279
20
-68.7184
10
-53.0522
20
-68.8294
10
-53.2313
20
-69.0044
10
-53.3171
20
-69.1197
10
-53.4333
20
-69.3413
10
-53.4753
20
-69.5881
10
-53.4391
20
-69.8357
10
-53.3280
20
-70.0601
10
-53.1531
20
-70.2391
10
-52.0438
20
-71.0649
10
-51.8221
20
-71.1812
10
-51.5754
20
-71.2232
10
-51.3278
20
-71.1869
10
-51.1034
20
-71.0759
10
-50.9244
20
-70.9010
10
-50.8386
20
-70.7857
10
-50.7223
20
-70.5640
10
-50.6803
20
-70.3172
10
-50.7166
20
-70.0696
10
-50.8276
20
-69.8453
10
-51.0025
20
-69.6662
0
LWPOLYLINE
8
COPPER
90
24
70
1
10
-43.7676
20
-74.4247
10
-44.0013
20
-74.3350
10
-44.2512
20
-74.3219
10
-44.4930
20
-74.3867
10
-44.7029
20
-74.5230
10
-44.8604
20
-74.7175
10
-44.9323
20
-74.8420
10
-45.0220
20
-75.0757
10
-45.0351
20
-75.3257
10
-44.9703
20
-75.5674
10
-44.8340
20
-75.7773
10
-44.6395
20
-75.9349
10
-43.4418
20
-76.6263
10
-43.2081
20
-76.7160
10
-42.9582
20
-76.7291
10
-42.7164
20
-76.6644
10
-42.5065
20
-76.5280
10
-42.3490
20
-76.3335
10
-42.2771
20
-76.2090
10
-42.1874
20
-75.9754
10
-42.1743
20
-75.7254
10
-42.2391
20
-75.4836
10
-42.3754
20
-75.2737
10
-42.5699
20
-75.1162
0
LWPOLYLINE
8
COPPER
90
24
70
1
10
-34.8315
20
-79.0026
10
-35.0740
20
-78.9406
10
-35.3237
20
-78.9566
10
-35.5564
20
-79.0491
10
-35.7490
20
-79.2088
10
-35.8829
20
-79.4203
10
-35.9398
20
-79.5523
10
-36.0018
20
-79.7948
10
-35.9858
20
-80.0446
10
-35.8934
20
-80.2772
10
-35.7336
20
-80.4699
10
-35.5221
20
-80.6037
10
-34.2523
20
-81.1515
10
-34.0098
20
-81.2135
10
-33.7600
20
-81.1975
10
-33.5274
20
-81.1050
10
-33.3347
20
-80.9453
10
-33.2008
20
-80.7338
10
-33.1439
20
-80.6018
10
-33.0819
20
-80.3593
10
-33.0979
20
-80.1095
10
-33.1904
20
-79.8769
10
-33.3501
20
-79.6842
10
-33.5616
20
-79.5504
0
LWPOLYLINE
8
COPPER
90
24
70
1
10
-25.4243
20
-82.5121
10
-25.6724
20
-82.4787
10
-25.9186
20
-82.5236
10
-26.1389
20
-82.6424
10
-26.3117
20
-82.8235
10
-26.4201
20
-83.0491
10
-26.4614
20
-83.1868
10
-26.4948
20
-83.4348
10
-26.4499
20
-83.6811
10
-26.3311
20
-83.9014
10
-26.1500
20
-84.0742
10
-25.9244
20
-84.1826
10
-24.5996
20
-84.5792
10
-24.3515
20
-84.6126
10
-24.1053
20
-84.5677
10
-23.8850
20
-84.4489
10
-23.7121
20
-84.2679
10
-23.6037
20
-84.0423
10
-23.5625
20
-83.9046
10
-23.5291
20
-83.6565
10
-23.5740
20
-83.4103
10
-23.6928
20
-83.1900
10
-23.8738
20
-83.0171
10
-24.0994
20
-82.9087
0
LWPOLYLINE
8
COPPER
90
24
70
1
10
-15.6733
20
-84.9058
10
-15.9236
20
-84.9014
10
-16.1629
20
-84.9746
10
-16.3680
20
-85.1181
10
-16.5186
20
-85.3180
10
-16.6001
20
-85.5547
10
-16.6250
20
-85.6963
10
-16.6294
20
-85.9465
10
-16.5562
20
-86.1859
10
-16.4127
20
-86.3909
10
-16.2128
20
-86.5415
10
-15.9761
20
-86.6230
10
-14.6142
20
-86.8632
10
-14.3639
20
-86.8675
10
-14.1246
20
-86.7944
10
-13.9195
20
-86.6508
10
-13.7689
20
-86.4509
10
-13.6874
20
-86.2142
10
-13.6624
20
-86.0727
10
-13.6581
20
-85.8224
10
-13.7313
20
-85.5831
10
-13.8748
20
-85.3780
10
-14.0747
20
-85.2274
10
-14.3114
20
-85.1459
0
LWPOLYLINE
8
COPPER
90
24
70
1
10
-5.7104
20
-86.1512
10
-5.9595
20
-86.1759
10
-6.1887
20
-86.2764
10
-6.3757
20
-86.4428
10
-6.5021
20
-86.6588
10
-6.5555
20
-86.9034
10
-6.5639
20
-87.0469
10
-6.5392
20
-87.2959
10
-6.4387
20
-87.5252
10
-6.2723
20
-87.7122
10
-6.0563
20
-87.8386
10
-5.8118
20
-87.8920
10
-4.4312
20
-87.9724
10
-4.1821
20
-87.9477
10
-3.9528
20
-87.8473
10
-3.7659
20
-87.6809
10
-3.6395
20
-87.4648
10
-3.5860
20
-87.2203
10
-3.5776
20
-87.0768
10
-3.6024
20
-86.8277
10
-3.7028
20
-86.5985
10
-3.8692
20
-86.4115
10
-4.0853
20
-86.2851
10
-4.3298
20
-86.2316
0
LWPOLYLINE
8
COPPER
90
24
70
1
10
4.3298
20
-86.2316
10
4.0853
20
-86.2851
10
3.8692
20
-86.4115
10
3.7028
20
-86.5985
10
3.6024
20
-86.8277
10
3.5776
20
-87.0768
10
3.5860
20
-87.2203
10
3.6395
20
-87.4648
10
3.7659
20
-87.6809
10
3.9528
20
-87.8473
10
4.1821
20
-87.9477
10
4.4312
20
-87.9724
10
5.8118
20
-87.8920
10
6.0563
20
-87.8386
10
6.2723
20
-87.7122
10
6.4387
20
-87.5252
10
6.5392
20
-87.2959
10
6.5639
20
-87.0469
10
6.5555
20
-86.9034
10
6.5021
20
-86.6588
10
6.3757
20
-86.4428
10
6.1887
20
-86.2764
10
5.9595
20
-86.1759
10
5.7104
20
-86.1512
0
LWPOLYLINE
8
COPPER
90
24
70
1
10
14.3114
20
-85.1459
10
14.0747
20
-85.2274
10
13.8748
20
-85.3780
10
13.7313
20
-85.5831
10
13.6581
20
-85.8224
10
13.6624
20
-86.0727
10
13.6874
20
-86.2142
10
13.7689
20
-86.4509
10
13.9195
20
-86.6508
10
14.1246
20
-86.7944
10
14.3639
20
-86.8675
10
14.6142
20
-86.8632
10
15.9761
20
-86.6230
10
16.2128
20
-86.5415
10
16.4127
20
-86.3909
10
16.5562
20
-86.1859
10
16.6294
20
-85.9465
10
16.6250
20
-85.6963
10
16.6001
20
-85.5547
10
16.5186
20
-85.3180
10
16.3680
20
-85.1181
10
16.1629
20
-84.9746
10
15.9236
20
-84.9014
10
15.6733
20
-84.9058
0
LWPOLYLINE
8
COPPER
90
24
70
1
10
24.0994
20
-82.9087
10
23.8738
20
-83.0171
10
23.6928
20
-83.1900
10
23.5740
20
-83.4103
10
23.5291
20
-83.6565
10
23.5625
20
-83.9046
10
23.6037
20
-84.0423
10
23.7121
20
-84.2679
10
23.8850
20
-84.4489
10
24.1053
20
-84.5677
10
24.3515
20
-84.6126
10
24.5996
20
-84.5792
10
25.9244
20
-84.1826
10
26.1500
20
-84.0742
10
26.3311
20
-83.9014
10
26.4499
20
-83.6811
10
26.4948
20
-83.4348
10
26.4614
20
-83.1868
10
26.4201
20
-83.0491
10
26.3117
20
-82.8235
10
26.1389
20
-82.6424
10
25.9186
20
-82.5236
10
25.6724
20
-82.4787
10
25.4243
20
-82.5121
0
LWPOLYLINE
8
COPPER
90
24
70
1
10
33.5616
20
-79.5504
10
33.3501
20
-79.6842
10
33.1904
20
-79.8769
10
33.0979
20
-80.1095
10
33.0819
20
-80.3593
10
33.1439
20
-80.6018
10
33.2008
20
-80.7338
10
33.3347
20
-80.9453
10
33.5274
20
-81.1050
10
33.7600
20
-81.1975
10
34.0098
20
-81.2135
10
34.2523
20
-81.1515
10
35.5221
20
-80.6037
10
35.7336
20
-80.4699
10
35.8934
20
-80.2772
10
35.9858
20
-80.0446
10
36.0018
20
-79.7948
10
35.9398
20
-79.5523
10
35.8829
20
-79.4203
10
35.7490
20
-79.2088
10
35.5564
20
-79.0491
10
35.3237
20
-78.9566
10
35.0740
20
-78.9406
10
34.8315
20
-79.0026
0
LWPOLYLINE
8
COPPER
90
24
70
1
10
42.5699
20
-75.1162
10
42.3754
20
-75.2737
10
42.2391
20
-75.4836
10
42.1743
20
-75.7254
10
42.1874
20
-75.9754
10
42.2771
20
-76.2090
10
42.3490
20
-76.3335
10
42.5065
20
-76.5280
10
42.7164
20
-76.6644
10
42.9582
20
-76.7291
10
43.2081
20
-76.7160
10
43.4418
20
-76.6263
10
44.6395
20
-75.9349
10
44.8340
20
-75.7773
10
44.9703
20
-75.5674
10
45.0351
20
-75.3257
10
45.0220
20
-75.0757
10
44.9323
20
-74.8420
10
44.8604
20
-74.7175
10
44.7029
20
-74.5230
10
44.4930
20
-74.3867
10
44.2512
20
-74.3219
10
44.0013
20
-74.3350
10
43.7676
20
-74.4247
0
LWPOLYLINE
8
COPPER
90
24
70
1
10
51.0025
20
-69.6662
10
50.8276
20
-69.8453
10
50.7166
20
-70.0696
10
50.6803
20
-70.3172
10
50.7223
20
-70.5640
10
50.8386
20
-70.7857
10
50.9244
20
-70.9010
10
51.1034
20
-71.0759
10
51.3278
20
-71.1869
10
51.5754
20
-71.2232
10
51.8221
20
-71.1812
10
52.0438
20
-71.0649
10
53.1531
20
-70.2391
10
53.3280
20
-70.0601
10
53.4391
20
-69.8357
10
53.4753
20
-69.5881
10
53.4333
20
-69.3413
10
53.3171
20
-69.1197
10
53.2313
20
-69.0044
10
53.0522
20
-68.8294
10
52.8279
20
-68.7184
10
52.5802
20
-68.6821
10
52.3335
20
-68.7242
10
52.1118
20
-68.8404
0
LWPOLYLINE
8
COPPER
90
24
70
1
10
58.7454
20
-63.2741
10
58.5925
20
-63.4723
10
58.5082
20
-63.7080
10
58.5010
20
-63.9582
10
58.5714
20
-64.1983
10
58.7125
20
-64.4050
10
58.8112
20
-64.5096
10
59.0093
20
-64.6625
10
59.2450
20
-64.7468
10
59.4952
20
-64.7541
10
59.7354
20
-64.6837
10
59.9421
20
-64.5425
10
60.9480
20
-63.5935
10
61.1009
20
-63.3953
10
61.1852
20
-63.1596
10
61.1924
20
-62.9094
10
61.1221
20
-62.6693
10
60.9809
20
-62.4626
10
60.8822
20
-62.3580
10
60.6841
20
-62.2051
10
60.4484
20
-62.1208
10
60.1982
20
-62.1135
10
59.9580
20
-62.1839
10
59.7514
20
-62.3251
0
LWPOLYLINE
8
COPPER
90
24
70
1
10
65.6939
20
-56.0264
10
65.5650
20
-56.2409
10
65.5087
20
-56.4848
10
65.5305
20
-56.7341
10
65.6283
20
-56.9645
10
65.7925
20
-57.1534
10
65.9026
20
-57.2458
10
66.1172
20
-57.3748
10
66.3610
20
-57.4311
10
66.6104
20
-57.4092
10
66.8408
20
-57.3114
10
67.0297
20
-57.1472
10
67.9186
20
-56.0878
10
68.0475
20
-55.8733
10
68.1038
20
-55.6294
10
68.0820
20
-55.3801
10
67.9842
20
-55.1497
10
67.8200
20
-54.9608
10
67.7099
20
-54.8684
10
67.4954
20
-54.7395
10
67.2515
20
-54.6832
10
67.0021
20
-54.7050
10
66.7717
20
-54.8028
10
66.5828
20
-54.9670
0
LWPOLYLINE
8
COPPER
90
24
70
1
10
71.7540
20
-48.0210
10
71.6508
20
-48.2490
10
71.6232
20
-48.4978
10
71.6738
20
-48.7429
10
71.7977
20
-48.9604
10
71.9827
20
-49.1290
10
72.1028
20
-49.2079
10
72.3309
20
-49.3111
10
72.5797
20
-49.3387
10
72.8248
20
-49.2881
10
73.0423
20
-49.1642
10
73.2108
20
-48.9792
10
73.9708
20
-47.8237
10
74.0739
20
-47.5957
10
74.1015
20
-47.3469
10
74.0509
20
-47.1018
10
73.9270
20
-46.8843
10
73.7420
20
-46.7157
10
73.6219
20
-46.6367
10
73.3938
20
-46.5336
10
73.1451
20
-46.5060
10
72.8999
20
-46.5566
10
72.6825
20
-46.6805
10
72.5139
20
-46.8655
0
LWPOLYLINE
8
COPPER
90
24
70
1
10
76.8437
20
-39.3661
10
76.7677
20
-39.6046
10
76.7692
20
-39.8549
10
76.8479
20
-40.0925
10
76.9962
20
-40.2941
10
77.1995
20
-40.4401
10
77.3280
20
-40.5046
10
77.5665
20
-40.5805
10
77.8168
20
-40.5791
10
78.0544
20
-40.5004
10
78.2560
20
-40.3521
10
78.4019
20
-40.1487
10
79.0226
20
-38.9129
10
79.0986
20
-38.6744
10
79.0971
20
-38.4241
10
79.0184
20
-38.1865
10
78.8701
20
-37.9849
10
78.6667
20
-37.8389
10
78.5383
20
-37.7744
10
78.2998
20
-37.6984
10
78.0495
20
-37.6999
10
77.8119
20
-37.7786
10
77.6103
20
-37.9269
10
77.4643
20
-38.1303
0
LWPOLYLINE
8
COPPER
90
24
70
1
10
80.8942
20
-30.1789
10
80.8465
20
-30.4246
10
80.8770
20
-30.6731
10
80.9827
20
-30.8999
10
81.1534
20
-31.0830
10
81.3724
20
-31.2043
10
81.5074
20
-31.2535
10
81.7531
20
-31.3012
10
82.0016
20
-31.2707
10
82.2284
20
-31.1650
10
82.4115
20
-30.9943
10
82.5328
20
-30.7753
10
83.0058
20
-29.4758
10
83.0536
20
-29.2301
10
83.0231
20
-28.9817
10
82.9173
20
-28.7548
10
82.7466
20
-28.5718
10
82.5277
20
-28.4504
10
82.3926
20
-28.4012
10
82.1469
20
-28.3535
10
81.8985
20
-28.3840
10
81.6716
20
-28.4898
10
81.4886
20
-28.6605
10
81.3672
20
-28.8794
0
LWPOLYLINE
8
COPPER
90
24
70
1
10
83.8508
20
-20.5836
10
83.8319
20
-20.8332
10
83.8910
20
-21.0764
10
84.0224
20
-21.2895
10
84.2132
20
-21.4515
10
84.4447
20
-21.5466
10
84.5846
20
-21.5797
10
84.8342
20
-21.5986
10
85.0774
20
-21.5395
10
85.2904
20
-21.4081
10
85.4524
20
-21.2173
10
85.5475
20
-20.9858
10
85.8665
20
-19.6401
10
85.8854
20
-19.3905
10
85.8262
20
-19.1473
10
85.6948
20
-18.9343
10
85.5041
20
-18.7723
10
85.2725
20
-18.6772
10
85.1327
20
-18.6440
10
84.8831
20
-18.6251
10
84.6399
20
-18.6842
10
84.4268
20
-18.8156
10
84.2648
20
-19.0064
10
84.1697
20
-19.2380
0
LWPOLYLINE
8
COPPER
90
24
70
1
10
85.6734
20
-10.7100
10
85.6836
20
-10.9601
10
85.7706
20
-11.1948
10
85.9258
20
-11.3911
10
86.1342
20
-11.5298
10
86.3752
20
-11.5974
10
86.5179
20
-11.6141
10
86.7680
20
-11.6039
10
87.0027
20
-11.5170
10
87.1991
20
-11.3617
10
87.3378
20
-11.1534
10
87.4054
20
-10.9124
10
87.5660
20
-9.5388
10
87.5558
20
-9.2887
10
87.4688
20
-9.0540
10
87.3135
20
-8.8577
10
87.1052
20
-8.7189
10
86.8642
20
-8.6513
10
86.7215
20
-8.6347
10
86.4714
20
-8.6448
10
86.2367
20
-8.7318
10
86.0403
20
-8.8871
10
85.9016
20
-9.0954
10
85.8340
20
-9.3364
0
LWPOLYLINE
8
COPPER
90
24
70
1
10
88.5312
20
-0.6915
10
88.5704
20
-0.9387
10
88.6840
20
-1.1617
10
88.8610
20
-1.3387
10
89.0840
20
-1.4523
10
89.3312
20
-1.4915
10
89.4750
20
-1.4915
10
89.7222
20
-1.4523
10
89.9452
20
-1.3387
10
90.1222
20
-1.1617
10
90.2358
20
-0.9387
10
90.2750
20
-0.6915
10
90.2750
20
0.6915
10
90.2358
20
0.9387
10
90.1222
20
1.1617
10
89.9452
20
1.3387
10
89.7222
20
1.4523
10
89.4750
20
1.4915
10
89.3312
20
1.4915
10
89.0840
20
1.4523
10
88.8610
20
1.3387
10
88.6840
20
1.1617
10
88.5704
20
0.9387
10
88.5312
20
0.6915
0
LWPOLYLINE
8
COPPER
90
24
70
1
10
88.0129
20
9.5910
10
88.0805
20
9.3501
10
88.2193
20
9.1417
10
88.4156
20
8.9865
10
88.6503
20
8.8995
10
88.9004
20
8.8893
10
89.0432
20
8.9060
10
89.2841
20
8.9736
10
89.4925
20
9.1124
10
89.6477
20
9.3087
10
89.7347
20
9.5434
10
89.7449
20
9.7935
10
89.5843
20
11.1671
10
89.5167
20
11.4081
10
89.3780
20
11.6164
10
89.1816
20
11.7716
10
88.9469
20
11.8586
10
88.6969
20
11.8688
10
88.5541
20
11.8521
10
88.3131
20
11.7845
10
88.1048
20
11.6458
10
87.9495
20
11.4494
10
87.8625
20
11.2147
10
87.8524
20
10.9647
0
LWPOLYLINE
8
COPPER
90
24
70
1
10
86.3043
20
19.7439
10
86.3995
20
19.5124
10
86.5615
20
19.3216
10
86.7745
20
19.1902
10
87.0177
20
19.1310
10
87.2673
20
19.1499
10
87.4071
20
19.1831
10
87.6387
20
19.2782
10
87.8295
20
19.4402
10
87.9609
20
19.6532
10
88.0200
20
19.8964
10
88.0011
20
20.1460
10
87.6822
20
21.4917
10
87.5870
20
21.7232
10
87.4251
20
21.9140
10
87.2120
20
22.0454
10
86.9688
20
22.1045
10
86.7192
20
22.0856
10
86.5794
20
22.0525
10
86.3478
20
21.9574
10
86.1570
20
21.7954
10
86.0256
20
21.5823
10
85.9665
20
21.3391
10
85.9854
20
21.0896
0
LWPOLYLINE
8
COPPER
90
24
70
1
10
83.4287
20
29.6297
10
83.5500
20
29.4108
10
83.7331
20
29.2401
10
83.9599
20
29.1343
10
84.2083
20
29.1038
10
84.4540
20
29.1516
10
84.5891
20
29.2007
10
84.8080
20
29.3221
10
84.9787
20
29.5051
10
85.0845
20
29.7320
10
85.1150
20
29.9804
10
85.0673
20
30.2261
10
84.5943
20
31.5256
10
84.4729
20
31.7446
10
84.2899
20
31.9153
10
84.0630
20
32.0210
10
83.8146
20
32.0515
10
83.5689
20
32.0038
10
83.4338
20
31.9546
10
83.2149
20
31.8333
10
83.0442
20
31.6502
10
82.9384
20
31.4234
10
82.9079
20
31.1749
10
82.9557
20
30.9292
0
LWPOLYLINE
8
COPPER
90
24
70
1
10
79.4247
20
39.1148
10
79.5707
20
38.9115
10
79.7723
20
38.7632
10
80.0099
20
38.6845
10
80.2602
20
38.6830
10
80.4987
20
38.7590
10
80.6272
20
38.8235
10
80.8305
20
38.9694
10
80.9788
20
39.1710
10
81.0575
20
39.4086
10
81.0590
20
39.6589
10
80.9830
20
39.8974
10
80.3624
20
41.1333
10
80.2164
20
41.3366
10
80.0148
20
41.4849
10
79.7772
20
41.5636
10
79.5269
20
41.5651
10
79.2884
20
41.4891
10
79.1599
20
41.4246
10
78.9566
20
41.2787
10
78.8083
20
41.0771
10
78.7296
20
40.8395
10
78.7281
20
40.5892
10
78.8041
20
40.3507
0
LWPOLYLINE
8
COPPER
90
24
70
1
10
74.3468
20
48.0710
10
74.5153
20
47.8860
10
74.7328
20
47.7621
10
74.9779
20
47.7115
10
75.2267
20
47.7391
10
75.4548
20
47.8422
10
75.5749
20
47.9212
10
75.7599
20
48.0898
10
75.8838
20
48.3073
10
75.9344
20
48.5524
10
75.9068
20
48.8011
10
75.8036
20
49.0292
10
75.0437
20
50.1846
10
74.8751
20
50.3697
10
74.6576
20
50.4936
10
74.4125
20
50.5442
10
74.1638
20
50.5166
10
73.9357
20
50.4134
10
73.8156
20
50.3344
10
73.6306
20
50.1659
10
73.5067
20
49.9484
10
73.4561
20
49.7033
10
73.4837
20
49.4545
10
73.5868
20
49.2264
0
LWPOLYLINE
8
COPPER
90
24
70
1
10
68.2633
20
56.3771
10
68.4522
20
56.2129
10
68.6826
20
56.1151
10
68.9320
20
56.0933
10
69.1759
20
56.1496
10
69.3904
20
56.2785
10
69.5005
20
56.3709
10
69.6647
20
56.5598
10
69.7625
20
56.7902
10
69.7844
20
57.0395
10
69.7280
20
57.2834
10
69.5991
20
57.4979
10
68.7102
20
58.5574
10
68.5213
20
58.7216
10
68.2909
20
58.8194
10
68.0415
20
58.8412
10
67.7977
20
58.7849
10
67.5831
20
58.6560
10
67.4730
20
58.5636
10
67.3088
20
58.3747
10
67.2110
20
58.1443
10
67.1892
20
57.8949
10
67.2455
20
57.6510
10
67.3744
20
57.4365
0
LWPOLYLINE
8
COPPER
90
24
70
1
10
61.2568
20
63.9208
10
61.4635
20
63.7796
10
61.7037
20
63.7092
10
61.9539
20
63.7165
10
62.1896
20
63.8007
10
62.3877
20
63.9537
10
62.4863
20
64.0582
10
62.6275
20
64.2649
10
62.6979
20
64.5051
10
62.6906
20
64.7553
10
62.6064
20
64.9910
10
62.4534
20
65.1891
10
61.4475
20
66.1382
10
61.2408
20
66.2793
10
61.0006
20
66.3497
10
60.7504
20
66.3425
10
60.5147
20
66.2582
10
60.3166
20
66.1053
10
60.2180
20
66.0007
10
60.0768
20
65.7940
10
60.0064
20
65.5538
10
60.0137
20
65.3036
10
60.0979
20
65.0679
10
60.2509
20
64.8698
0
LWPOLYLINE
8
COPPER
90
24
70
1
10
53.4218
20
70.6000
10
53.6435
20
70.4838
10
53.8903
20
70.4418
10
54.1379
20
70.4781
10
54.3622
20
70.5891
10
54.5413
20
70.7640
10
54.6271
20
70.8793
10
54.7433
20
71.1010
10
54.7854
20
71.3477
10
54.7491
20
71.5954
10
54.6381
20
71.8197
10
54.4631
20
71.9987
10
53.3538
20
72.8246
10
53.1322
20
72.9408
10
52.8854
20
72.9828
10
52.6378
20
72.9466
10
52.4134
20
72.8355
10
52.2344
20
72.6606
10
52.1486
20
72.5453
10
52.0324
20
72.3236
10
51.9903
20
72.0769
10
52.0266
20
71.8292
10
52.1376
20
71.6049
10
52.3125
20
71.4259
0
LWPOLYLINE
8
COPPER
90
24
70
1
10
44.8645
20
76.3246
10
45.0981
20
76.2349
10
45.3481
20
76.2218
10
45.5899
20
76.2866
10
45.7998
20
76.4229
10
45.9573
20
76.6174
10
46.0292
20
76.7419
10
46.1189
20
76.9756
10
46.1320
20
77.2255
10
46.0672
20
77.4673
10
45.9309
20
77.6772
10
45.7363
20
77.8347
10
44.5387
20
78.5262
10
44.3050
20
78.6159
10
44.0550
20
78.6290
10
43.8133
20
78.5642
10
43.6034
20
78.4279
10
43.4458
20
78.2334
10
43.3740
20
78.1089
10
43.2843
20
77.8752
10
43.2712
20
77.6252
10
43.3360
20
77.3835
10
43.4723
20
77.1736
10
43.6668
20
77.0161
0
LWPOLYLINE
8
COPPER
90
24
70
1
10
35.7004
20
81.0169
10
35.9429
20
80.9550
10
36.1926
20
80.9710
10
36.4253
20
81.0634
10
36.6179
20
81.2232
10
36.7518
20
81.4346
10
36.8087
20
81.5666
10
36.8707
20
81.8091
10
36.8547
20
82.0589
10
36.7623
20
82.2915
10
36.6025
20
82.4842
10
36.3910
20
82.6181
10
35.1212
20
83.1658
10
34.8787
20
83.2278
10
34.6289
20
83.2118
10
34.3963
20
83.1194
10
34.2036
20
82.9596
10
34.0697
20
82.7481
10
34.0128
20
82.6161
10
33.9508
20
82.3736
10
33.9668
20
82.1239
10
34.0593
20
81.8912
10
34.2190
20
81.6986
10
34.4305
20
81.5647
0
LWPOLYLINE
8
COPPER
90
24
70
1
10
26.0535
20
84.6137
10
26.3015
20
84.5803
10
26.5478
20
84.6252
10
26.7681
20
84.7440
10
26.9409
20
84.9250
10
27.0493
20
85.1506
10
27.0905
20
85.2884
10
27.1239
20
85.5364
10
27.0790
20
85.7826
10
26.9602
20
86.0030
10
26.7792
20
86.1758
10
26.5536
20
86.2842
10
25.2287
20
86.6808
10
24.9807
20
86.7142
10
24.7344
20
86.6693
10
24.5141
20
86.5505
10
24.3413
20
86.3695
10
24.2329
20
86.1439
10
24.1917
20
86.0062
10
24.1583
20
85.7581
10
24.2032
20
85.5119
10
24.3220
20
85.2916
10
24.5030
20
85.1187
10
24.7286
20
85.0103
0
LWPOLYLINE
8
COPPER
90
24
70
1
10
16.0543
20
87.0662
10
16.3045
20
87.0618
10
16.5439
20
87.1350
10
16.7489
20
87.2786
10
16.8995
20
87.4785
10
16.9810
20
87.7151
10
17.0060
20
87.8567
10
17.0104
20
88.1069
10
16.9372
20
88.3463
10
16.7936
20
88.5513
10
16.5937
20
88.7020
10
16.3571
20
88.7834
10
14.9951
20
89.0236
10
14.7449
20
89.0280
10
14.5055
20
88.9548
10
14.3005
20
88.8112
10
14.1498
20
88.6113
10
14.0684
20
88.3747
10
14.0434
20
88.2331
10
14.0390
20
87.9828
10
14.1122
20
87.7435
10
14.2558
20
87.5385
10
14.4557
20
87.3878
10
14.6923
20
87.3063
0
LWPOLYLINE
8
COPPER
90
24
70
1
10
5.8379
20
88.3413
10
6.0870
20
88.3660
10
6.3163
20
88.4664
10
6.5032
20
88.6328
10
6.6296
20
88.8489
10
6.6831
20
89.0934
10
6.6915
20
89.2369
10
6.6667
20
89.4860
10
6.5663
20
89.7152
10
6.3999
20
89.9022
10
6.1839
20
90.0286
10
5.9393
20
90.0821
10
4.5587
20
90.1625
10
4.3096
20
90.1378
10
4.0804
20
90.0373
10
3.8934
20
89.8709
10
3.7670
20
89.6549
10
3.7136
20
89.4103
10
3.7052
20
89.2668
10
3.7299
20
89.0178
10
3.8304
20
88.7885
10
3.9968
20
88.6015
10
4.2128
20
88.4751
10
4.4573
20
88.4217
0
LWPOLYLINE
8
COPPER
90
24
70
1
10
-4.4573
20
88.4217
10
-4.2128
20
88.4751
10
-3.9968
20
88.6015
10
-3.8304
20
88.7885
10
-3.7299
20
89.0178
10
-3.7052
20
89.2668
10
-3.7136
20
89.4103
10
-3.7670
20
89.6549
10
-3.8934
20
89.8709
10
-4.0804
20
90.0373
10
-4.3096
20
90.1378
10
-4.5587
20
90.1625
10
-5.9393
20
90.0821
10
-6.1839
20
90.0286
10
-6.3999
20
89.9022
10
-6.5663
20
89.7152
10
-6.6667
20
89.4860
10
-6.6915
20
89.2369
10
-6.6831
20
89.0934
10
-6.6296
20
88.8489
10
-6.5032
20
88.6328
10
-6.3163
20
88.4664
10
-6.0870
20
88.3660
10
-5.8379
20
88.3413
0
LWPOLYLINE
8
COPPER
90
24
70
1
10
-14.6923
20
87.3063
10
-14.4557
20
87.3878
10
-14.2558
20
87.5385
10
-14.1122
20
87.7435
10
-14.0390
20
87.9828
10
-14.0434
20
88.2331
10
-14.0684
20
88.3747
10
-14.1498
20
88.6113
10
-14.3005
20
88.8112
10
-14.5055
20
88.9548
10
-14.7449
20
89.0280
10
-14.9951
20
89.0236
10
-16.3571
20
88.7834
10
-16.5937
20
88.7020
10
-16.7936
20
88.5513
10
-16.9372
20
88.3463
10
-17.0104
20
88.1069
10
-17.0060
20
87.8567
10
-16.9810
20
87.7151
10
-16.8995
20
87.4785
10
-16.7489
20
87.2786
10
-16.5439
20
87.1350
10
-16.3045
20
87.0618
10
-16.0543
20
87.0662
0
LWPOLYLINE
8
COPPER
90
24
70
1
10
-24.7286
20
85.0103
10
-24.5030
20
85.1187
10
-24.3220
20
85.2916
10
-24.2032
20
85.5119
10
-24.1583
20
85.7581
10
-24.1917
20
86.0062
10
-24.2329
20
86.1439
10
-24.3413
20
86.3695
10
-24.5141
20
86.5505
10
-24.7344
20
86.6693
10
-24.9807
20
86.7142
10
-25.2287
20
86.6808
10
-26.5536
20
86.2842
10
-26.7792
20
86.1758
10
-26.9602
20
86.0030
10
-27.0790
20
85.7826
10
-27.1239
20
85.5364
10
-27.0905
20
85.2884
10
-27.0493
20
85.1506
10
-26.9409
20
84.9250
10
-26.7681
20
84.7440
10
-26.5478
20
84.6252
10
-26.3015
20
84.5803
10
-26.0535
20
84.6137
0
LWPOLYLINE
8
COPPER
90
24
70
1
10
-34.4305
20
81.5647
10
-34.2190
20
81.6986
10
-34.0593
20
81.8912
10
-33.9668
20
82.1239
10
-33.9508
20
82.3736
10
-34.0128
20
82.6161
10
-34.0697
20
82.7481
10
-34.2036
20
82.9596
10
-34.3963
20
83.1194
10
-34.6289
20
83.2118
10
-34.8787
20
83.2278
10
-35.1212
20
83.1658
10
-36.3910
20
82.6181
10
-36.6025
20
82.4842
10
-36.7623
20
82.2915
10
-36.8547
20
82.0589
10
-36.8707
20
81.8091
10
-36.8087
20
81.5666
10
-36.7518
20
81.4346
10
-36.6179
20
81.2232
10
-36.4253
20
81.0634
10
-36.1926
20
80.9710
10
-35.9429
20
80.9550
10
-35.7004
20
81.0169
0
LWPOLYLINE
8
COPPER
90
24
70
1
10
-43.6668
20
77.0161
10
-43.4723
20
77.1736
10
-43.3360
20
77.3835
10
-43.2712
20
77.6252
10
-43.2843
20
77.8752
10
-43.3740
20
78.1089
10
-43.4458
20
78.2334
10
-43.6034
20
78.4279
10
-43.8133
20
78.5642
10
-44.0550
20
78.6290
10
-44.3050
20
78.6159
10
-44.5387
20
78.5262
10
-45.7363
20
77.8347
10
-45.9309
20
77.6772
10
-46.0672
20
77.4673
10
-46.1320
20
77.2255
10
-46.1189
20
76.9756
10
-46.0292
20
76.7419
10
-45.9573
20
76.6174
10
-45.7998
20
76.4229
10
-45.5899
20
76.2866
10
-45.3481
20
76.2218
10
-45.0981
20
76.2349
10
-44.8645
20
76.3246
0
LWPOLYLINE
8
COPPER
90
24
70
1
10
-52.3125
20
71.4259
10
-52.1376
20
71.6049
10
-52.0266
20
71.8292
10
-51.9903
20
72.0769
10
-52.0324
20
72.3236
10
-52.1486
20
72.5453
10
-52.2344
20
72.6606
10
-52.4134
20
72.8355
10
-52.6378
20
72.9466
10
-52.8854
20
72.9828
10
-53.1322
20
72.9408
10
-53.3538
20
72.8246
10
-54.4631
20
71.9987
10
-54.6381
20
71.8197
10
-54.7491
20
71.5954
10
-54.7854
20
71.3477
10
-54.7433
20
71.1010
10
-54.6271
20
70.8793
10
-54.5413
20
70.7640
10
-54.3622
20
70.5891
10
-54.1379
20
70.4781
10
-53.8903
20
70.4418
10
-53.6435
20
70.4838
10
-53.4218
20
70.6000
0
LWPOLYLINE
8
COPPER
90
24
70
1
10
-60.2509
20
64.8698
10
-60.0979
20
65.0679
10
-60.0137
20
65.3036
10
-60.0064
20
65.5538
10
-60.0768
20
65.7940
10
-60.2180
20
66.0007
10
-60.3166
20
66.1053
10
-60.5147
20
66.2582
10
-60.7504
20
66.3425
10
-61.0006
20
66.3497
10
-61.2408
20
66.2793
10
-61.4475
20
66.1382
10
-62.4534
20
65.1891
10
-62.6064
20
64.9910
10
-62.6906
20
64.7553
10
-62.6979
20
64.5051
10
-62.6275
20
64.2649
10
-62.4863
20
64.0582
10
-62.3877
20
63.9537
10
-62.1896
20
63.8007
10
-61.9539
20
63.7165
10
-61.7037
20
63.7092
10
-61.4635
20
63.7796
10
-61.2568
20
63.9208
0
LWPOLYLINE
8
COPPER
90
24
70
1
10
-67.3744
20
57.4365
10
-67.2455
20
57.6510
10
-67.1892
20
57.8949
10
-67.2110
20
58.1443
10
-67.3088
20
58.3747
10
-67.4730
20
58.5636
10
-67.5831
20
58.6560
10
-67.7977
20
58.7849
10
-68.0415
20
58.8412
10
-68.2909
20
58.8194
10
-68.5213
20
58.7216
10
-68.7102
20
58.5574
10
-69.5991
20
57.4979
10
-69.7280
20
57.2834
10
-69.7844
20
57.0395
10
-69.7625
20
56.7902
10
-69.6647
20
56.5598
10
-69.5005
20
56.3709
10
-69.3904
20
56.2785
10
-69.1759
20
56.1496
10
-68.9320
20
56.0933
10
-68.6826
20
56.1151
10
-68.4522
20
56.2129
10
-68.2633
20
56.3771
0
LWPOLYLINE
8
COPPER
90
24
70
1
10
-73.5868
20
49.2264
10
-73.4837
20
49.4545
10
-73.4561
20
49.7033
10
-73.5067
20
49.9484
10
-73.6306
20
50.1659
10
-73.8156
20
50.3344
10
-73.9357
20
50.4134
10
-74.1638
20
50.5166
10
-74.4125
20
50.5442
10
-74.6576
20
50.4936
10
-74.8751
20
50.3697
10
-75.0437
20
50.1846
10
-75.8036
20
49.0292
10
-75.9068
20
48.8011
10
-75.9344
20
48.5524
10
-75.8838
20
48.3073
10
-75.7599
20
48.0898
10
-75.5749
20
47.9212
10
-75.4548
20
47.8422
10
-75.2267
20
47.7391
10
-74.9779
20
47.7115
10
-74.7328
20
47.7621
10
-74.5153
20
47.8860
10
-74.3468
20
48.0710
0
LWPOLYLINE
8
COPPER
90
24
70
1
10
-78.8041
20
40.3507
10
-78.7281
20
40.5892
10
-78.7296
20
40.8395
10
-78.8083
20
41.0771
10
-78.9566
20
41.2787
10
-79.1599
20
41.4246
10
-79.2884
20
41.4891
10
-79.5269
20
41.5651
10
-79.7772
20
41.5636
10
-80.0148
20
41.4849
10
-80.2164
20
41.3366
10
-80.3624
20
41.1333
10
-80.9830
20
39.8974
10
-81.0590
20
39.6589
10
-81.0575
20
39.4086
10
-80.9788
20
39.1710
10
-80.8305
20
38.9694
10
-80.6272
20
38.8235
10
-80.4987
20
38.7590
10
-80.2602
20
38.6830
10
-80.0099
20
38.6845
10
-79.7723
20
38.7632
10
-79.5707
20
38.9115
10
-79.4247
20
39.1148
0
LWPOLYLINE
8
COPPER
90
24
70
1
10
-82.9557
20
30.9292
10
-82.9079
20
31.1749
10
-82.9384
20
31.4234
10
-83.0442
20
31.6502
10
-83.2149
20
31.8333
10
-83.4338
20
31.9546
10
-83.5689
20
32.0038
10
-83.8146
20
32.0515
10
-84.0630
20
32.0210
10
-84.2899
20
31.9153
10
-84.4729
20
31.7446
10
-84.5943
20
31.5256
10
-85.0673
20
30.2261
10
-85.1150
20
29.9804
10
-85.0845
20
29.7320
10
-84.9787
20
29.5051
10
-84.8080
20
29.3221
10
-84.5891
20
29.2007
10
-84.4540
20
29.1516
10
-84.2083
20
29.1038
10
-83.9599
20
29.1343
10
-83.7331
20
29.2401
10
-83.5500
20
29.4108
10
-83.4287
20
29.6297
0
LWPOLYLINE
8
COPPER
90
24
70
1
10
-85.9854
20
21.0896
10
-85.9665
20
21.3391
10
-86.0256
20
21.5823
10
-86.1570
20
21.7954
10
-86.3478
20
21.9574
10
-86.5794
20
22.0525
10
-86.7192
20
22.0856
10
-86.9688
20
22.1045
10
-87.2120
20
22.0454
10
-87.4251
20
21.9140
10
-87.5870
20
21.7232
10
-87.6822
20
21.4917
10
-88.0011
20
20.1460
10
-88.0200
20
19.8964
10
-87.9609
20
19.6532
10
-87.8295
20
19.4402
10
-87.6387
20
19.2782
10
-87.4071
20
19.1831
10
-87.2673
20
19.1499
10
-87.0177
20
19.1310
10
-86.7745
20
19.1902
10
-86.5615
20
19.3216
10
-86.3995
20
19.5124
10
-86.3043
20
19.7439
0
LWPOLYLINE
8
COPPER
90
24
70
1
10
-87.8524
20
10.9647
10
-87.8625
20
11.2147
10
-87.9495
20
11.4494
10
-88.1048
20
11.6458
10
-88.3131
20
11.7845
10
-88.5541
20
11.8521
10
-88.6969
20
11.8688
10
-88.9469
20
11.8586
10
-89.1816
20
11.7716
10
-89.3780
20
11.6164
10
-89.5167
20
11.4081
10
-89.5843
20
11.1671
10
-89.7449
20
9.7935
10
-89.7347
20
9.5434
10
-89.6477
20
9.3087
10
-89.4925
20
9.1124
10
-89.2841
20
8.9736
10
-89.0432
20
8.9060
10
-88.9004
20
8.8893
10
-88.6503
20
8.8995
10
-88.4156
20
8.9865
10
-88.2193
20
9.1417
10
-88.0805
20
9.3501
10
-88.0129
20
9.5910
0
LWPOLYLINE
8
COPPER
90
24
70
1
10
-88.5312
20
0.6915
10
-88.5704
20
0.9387
10
-88.6840
20
1.1617
10
-88.8610
20
1.3387
10
-89.0840
20
1.4523
10
-89.3312
20
1.4915
10
-89.4750
20
1.4915
10
-89.7222
20
1.4523
10
-89.9452
20
1.3387
10
-90.1222
20
1.1617
10
-90.2358
20
0.9387
10
-90.2750
20
0.6915
10
-90.2750
20
-0.6915
10
-90.2358
20
-0.9387
10
-90.1222
20
-1.1617
10
-89.9452
20
-1.3387
10
-89.7222
20
-1.4523
10
-89.4750
20
-1.4915
10
-89.3312
20
-1.4915
10
-89.0840
20
-1.4523
10
-88.8610
20
-1.3387
10
-88.6840
20
-1.1617
10
-88.5704
20
-0.9387
10
-88.5312
20
-0.6915
0
LWPOLYLINE
8
COPPER
90
24
70
1
10
-88.0129
20
-9.5910
10
-88.0805
20
-9.3501
10
-88.2193
20
-9.1417
10
-88.4156
20
-8.9865
10
-88.6503
20
-8.8995
10
-88.9004
20
-8.8893
10
-89.0432
20
-8.9060
10
-89.2841
20
-8.9736
10
-89.4925
20
-9.1124
10
-89.6477
20
-9.3087
10
-89.7347
20
-9.5434
10
-89.7449
20
-9.7935
10
-89.5843
20
-11.1671
10
-89.5167
20
-11.4081
10
-89.3780
20
-11.6164
10
-89.1816
20
-11.7716
10
-88.9469
20
-11.8586
10
-88.6969
20
-11.8688
10
-88.5541
20
-11.8521
10
-88.3131
20
-11.7845
10
-88.1048
20
-11.6458
10
-87.9495
20
-11.4494
10
-87.8625
20
-11.2147
10
-87.8524
20
-10.9647
0
LWPOLYLINE
8
COPPER
90
24
70
1
10
-86.3043
20
-19.7439
10
-86.3995
20
-19.5124
10
-86.5615
20
-19.3216
10
-86.7745
20
-19.1902
10
-87.0177
20
-19.1310
10
-87.2673
20
-19.1499
10
-87.4071
20
-19.1831
10
-87.6387
20
-19.2782
10
-87.8295
20
-19.4402
10
-87.9609
20
-19.6532
10
-88.0200
20
-19.8964
10
-88.0011
20
-20.1460
10
-87.6822
20
-21.4917
10
-87.5870
20
-21.7232
10
-87.4251
20
-21.9140
10
-87.2120
20
-22.0454
10
-86.9688
20
-22.1045
10
-86.7192
20
-22.0856
10
-86.5794
20
-22.0525
10
-86.3478
20
-21.9574
10
-86.1570
20
-21.7954
10
-86.0256
20
-21.5823
10
-85.9665
20
-21.3391
10
-85.9854
20
-21.0896
0
LWPOLYLINE
8
COPPER
90
24
70
1
10
-83.4287
20
-29.6297
10
-83.5500
20
-29.4108
10
-83.7331
20
-29.2401
10
-83.9599
20
-29.1343
10
-84.2083
20
-29.1038
10
-84.4540
20
-29.1516
10
-84.5891
20
-29.2007
10
-84.8080
20
-29.3221
10
-84.9787
20
-29.5051
10
-85.0845
20
-29.7320
10
-85.1150
20
-29.9804
10
-85.0673
20
-30.2261
10
-84.5943
20
-31.5256
10
-84.4729
20
-31.7446
10
-84.2899
20
-31.9153
10
-84.0630
20
-32.0210
10
-83.8146
20
-32.0515
10
-83.5689
20
-32.0038
10
-83.4338
20
-31.9546
10
-83.2149
20
-31.8333
10
-83.0442
20
-31.6502
10
-82.9384
20
-31.4234
10
-82.9079
20
-31.1749
10
-82.9557
20
-30.9292
0
LWPOLYLINE
8
COPPER
90
24
70
1
10
-79.4247
20
-39.1148
10
-79.5707
20
-38.9115
10
-79.7723
20
-38.7632
10
-80.0099
20
-38.6845
10
-80.2602
20
-38.6830
10
-80.4987
20
-38.7590
10
-80.6272
20
-38.8235
10
-80.8305
20
-38.9694
10
-80.9788
20
-39.1710
10
-81.0575
20
-39.4086
10
-81.0590
20
-39.6589
10
-80.9830
20
-39.8974
10
-80.3624
20
-41.1333
10
-80.2164
20
-41.3366
10
-80.0148
20
-41.4849
10
-79.7772
20
-41.5636
10
-79.5269
20
-41.5651
10
-79.2884
20
-41.4891
10
-79.1599
20
-41.4246
10
-78.9566
20
-41.2787
10
-78.8083
20
-41.0771
10
-78.7296
20
-40.8395
10
-78.7281
20
-40.5892
10
-78.8041
20
-40.3507
0
LWPOLYLINE
8
COPPER
90
24
70
1
10
-74.3468
20
-48.0710
10
-74.5153
20
-47.8860
10
-74.7328
20
-47.7621
10
-74.9779
20
-47.7115
10
-75.2267
20
-47.7391
10
-75.4548
20
-47.8422
10
-75.5749
20
-47.9212
10
-75.7599
20
-48.0898
10
-75.8838
20
-48.3073
10
-75.9344
20
-48.5524
10
-75.9068
20
-48.8011
10
-75.8036
20
-49.0292
10
-75.0437
20
-50.1846
10
-74.8751
20
-50.3697
10
-74.6576
20
-50.4936
10
-74.4125
20
-50.5442
10
-74.1638
20
-50.5166
10
-73.9357
20
-50.4134
10
-73.8156
20
-50.3344
10
-73.6306
20
-50.1659
10
-73.5067
20
-49.9484
10
-73.4561
20
-49.7033
10
-73.4837
20
-49.4545
10
-73.5868
20
-49.2264
0
LWPOLYLINE
8
COPPER
90
24
70
1
10
-68.2633
20
-56.3771
10
-68.4522
20
-56.2129
10
-68.6826
20
-56.1151
10
-68.9320
20
-56.0933
10
-69.1759
20
-56.1496
10
-69.3904
20
-56.2785
10
-69.5005
20
-56.3709
10
-69.6647
20
-56.5598
10
-69.7625
20
-56.7902
10
-69.7844
20
-57.0395
10
-69.7280
20
-57.2834
10
-69.5991
20
-57.4979
10
-68.7102
20
-58.5574
10
-68.5213
20
-58.7216
10
-68.2909
20
-58.8194
10
-68.0415
20
-58.8412
10
-67.7977
20
-58.7849
10
-67.5831
20
-58.6560
10
-67.4730
20
-58.5636
10
-67.3088
20
-58.3747
10
-67.2110
20
-58.1443
10
-67.1892
20
-57.8949
10
-67.2455
20
-57.6510
10
-67.3744
20
-57.4365
0
LWPOLYLINE
8
COPPER
90
24
70
1
10
-61.2568
20
-63.9208
10
-61.4635
20
-63.7796
10
-61.7037
20
-63.7092
10
-61.9539
20
-63.7165
10
-62.1896
20
-63.8007
10
-62.3877
20
-63.9537
10
-62.4863
20
-64.0582
10
-62.6275
20
-64.2649
10
-62.6979
20
-64.5051
10
-62.6906
20
-64.7553
10
-62.6064
20
-64.9910
10
-62.4534
20
-65.1891
10
-61.4475
20
-66.1382
10
-61.2408
20
-66.2793
10
-61.0006
20
-66.3497
10
-60.7504
20
-66.3425
10
-60.5147
20
-66.2582
10
-60.3166
20
-66.1053
10
-60.2180
20
-66.0007
10
-60.0768
20
-65.7940
10
-60.0064
20
-65.5538
10
-60.0137
20
-65.3036
10
-60.0979
20
-65.0679
10
-60.2509
20
-64.8698
0
LWPOLYLINE
8
COPPER
90
24
70
1
10
-53.4218
20
-70.6000
10
-53.6435
20
-70.4838
10
-53.8903
20
-70.4418
10
-54.1379
20
-70.4781
10
-54.3622
20
-70.5891
10
-54.5413
20
-70.7640
10
-54.6271
20
-70.8793
10
-54.7433
20
-71.1010
10
-54.7854
20
-71.3477
10
-54.7491
20
-71.5954
10
-54.6381
20
-71.8197
10
-54.4631
20
-71.9987
10
-53.3538
20
-72.8246
10
-53.1322
20
-72.9408
10
-52.8854
20
-72.9828
10
-52.6378
20
-72.9466
10
-52.4134
20
-72.8355
10
-52.2344
20
-72.6606
10
-52.1486
20
-72.5453
10
-52.0324
20
-72.3236
10
-51.9903
20
-72.0769
10
-52.0266
20
-71.8292
10
-52.1376
20
-71.6049
10
-52.3125
20
-71.4259
0
LWPOLYLINE
8
COPPER
90
24
70
1
10
-44.8645
20
-76.3246
10
-45.0981
20
-76.2349
10
-45.3481
20
-76.2218
10
-45.5899
20
-76.2866
10
-45.7998
20
-76.4229
10
-45.9573
20
-76.6174
10
-46.0292
20
-76.7419
10
-46.1189
20
-76.9756
10
-46.1320
20
-77.2255
10
-46.0672
20
-77.4673
10
-45.9309
20
-77.6772
10
-45.7363
20
-77.8347
10
-44.5387
20
-78.5262
10
-44.3050
20
-78.6159
10
-44.0550
20
-78.6290
10
-43.8133
20
-78.5642
10
-43.6034
20
-78.4279
10
-43.4458
20
-78.2334
10
-43.3740
20
-78.1089
10
-43.2843
20
-77.8752
10
-43.2712
20
-77.6252
10
-43.3360
20
-77.3835
10
-43.4723
20
-77.1736
10
-43.6668
20
-77.0161
0
LWPOLYLINE
8
COPPER
90
24
70
1
10
-35.7004
20
-81.0169
10
-35.9429
20
-80.9550
10
-36.1926
20
-80.9710
10
-36.4253
20
-81.0634
10
-36.6179
20
-81.2232
10
-36.7518
20
-81.4346
10
-36.8087
20
-81.5666
10
-36.8707
20
-81.8091
10
-36.8547
20
-82.0589
10
-36.7623
20
-82.2915
10
-36.6025
20
-82.4842
10
-36.3910
20
-82.6181
10
-35.1212
20
-83.1658
10
-34.8787
20
-83.2278
10
-34.6289
20
-83.2118
10
-34.3963
20
-83.1194
10
-34.2036
20
-82.9596
10
-34.0697
20
-82.7481
10
-34.0128
20
-82.6161
10
-33.9508
20
-82.3736
10
-33.9668
20
-82.1239
10
-34.0593
20
-81.8912
10
-34.2190
20
-81.6986
10
-34.4305
20
-81.5647
0
LWPOLYLINE
8
COPPER
90
24
70
1
10
-26.0535
20
-84.6137
10
-26.3015
20
-84.5803
10
-26.5478
20
-84.6252
10
-26.7681
20
-84.7440
10
-26.9409
20
-84.9250
10
-27.0493
20
-85.1506
10
-27.0905
20
-85.2884
10
-27.1239
20
-85.5364
10
-27.0790
20
-85.7826
10
-26.9602
20
-86.0030
10
-26.7792
20
-86.1758
10
-26.5536
20
-86.2842
10
-25.2287
20
-86.6808
10
-24.9807
20
-86.7142
10
-24.7344
20
-86.6693
10
-24.5141
20
-86.5505
10
-24.3413
20
-86.3695
10
-24.2329
20
-86.1439
10
-24.1917
20
-86.0062
10
-24.1583
20
-85.7581
10
-24.2032
20
-85.5119
10
-24.3220
20
-85.2916
10
-24.5030
20
-85.1187
10
-24.7286
20
-85.0103
0
LWPOLYLINE
8
COPPER
90
24
70
1
10
-16.0543
20
-87.0662
10
-16.3045
20
-87.0618
10
-16.5439
20
-87.1350
10
-16.7489
20
-87.2786
10
-16.8995
20
-87.4785
10
-16.9810
20
-87.7151
10
-17.0060
20
-87.8567
10
-17.0104
20
-88.1069
10
-16.9372
20
-88.3463
10
-16.7936
20
-88.5513
10
-16.5937
20
-88.7020
10
-16.3571
20
-88.7834
10
-14.9951
20
-89.0236
10
-14.7449
20
-89.0280
10
-14.5055
20
-88.9548
10
-14.3005
20
-88.8112
10
-14.1498
20
-88.6113
10
-14.0684
20
-88.3747
10
-14.0434
20
-88.2331
10
-14.0390
20
-87.9828
10
-14.1122
20
-87.7435
10
-14.2558
20
-87.5385
10
-14.4557
20
-87.3878
10
-14.6923
20
-87.3063
0
LWPOLYLINE
8
COPPER
90
24
70
1
10
-5.8379
20
-88.3413
10
-6.0870
20
-88.3660
10
-6.3163
20
-88.4664
10
-6.5032
20
-88.6328
10
-6.6296
20
-88.8489
10
-6.6831
20
-89.0934
10
-6.6915
20
-89.2369
10
-6.6667
20
-89.4860
10
-6.5663
20
-89.7152
10
-6.3999
20
-89.9022
10
-6.1839
20
-90.0286
10
-5.9393
20
-90.0821
10
-4.5587
20
-90.1625
10
-4.3096
20
-90.1378
10
-4.0804
20
-90.0373
10
-3.8934
20
-89.8709
10
-3.7670
20
-89.6549
10
-3.7136
20
-89.4103
10
-3.7052
20
-89.2668
10
-3.7299
20
-89.0178
10
-3.8304
20
-88.7885
10
-3.9968
20
-88.6015
10
-4.2128
20
-88.4751
10
-4.4573
20
-88.4217
0
LWPOLYLINE
8
COPPER
90
24
70
1
10
4.4573
20
-88.4217
10
4.2128
20
-88.4751
10
3.9968
20
-88.6015
10
3.8304
20
-88.7885
10
3.7299
20
-89.0178
10
3.7052
20
-89.2668
10
3.7136
20
-89.4103
10
3.7670
20
-89.6549
10
3.8934
20
-89.8709
10
4.0804
20
-90.0373
10
4.3096
20
-90.1378
10
4.5587
20
-90.1625
10
5.9393
20
-90.0821
10
6.1839
20
-90.0286
10
6.3999
20
-89.9022
10
6.5663
20
-89.7152
10
6.6667
20
-89.4860
10
6.6915
20
-89.2369
10
6.6831
20
-89.0934
10
6.6296
20
-88.8489
10
6.5032
20
-88.6328
10
6.3163
20
-88.4664
10
6.0870
20
-88.3660
10
5.8379
20
-88.3413
0
LWPOLYLINE
8
COPPER
90
24
70
1
10
14.6923
20
-87.3063
10
14.4557
20
-87.3878
10
14.2558
20
-87.5385
10
14.1122
20
-87.7435
10
14.0390
20
-87.9828
10
14.0434
20
-88.2331
10
14.0684
20
-88.3747
10
14.1498
20
-88.6113
10
14.3005
20
-88.8112
10
14.5055
20
-88.9548
10
14.7449
20
-89.0280
10
14.9951
20
-89.0236
10
16.3571
20
-88.7834
10
16.5937
20
-88.7020
10
16.7936
20
-88.5513
10
16.9372
20
-88.3463
10
17.0104
20
-88.1069
10
17.0060
20
-87.8567
10
16.9810
20
-87.7151
10
16.8995
20
-87.4785
10
16.7489
20
-87.2786
10
16.5439
20
-87.1350
10
16.3045
20
-87.0618
10
16.0543
20
-87.0662
0
LWPOLYLINE
8
COPPER
90
24
70
1
10
24.7286
20
-85.0103
10
24.5030
20
-85.1187
10
24.3220
20
-85.2916
10
24.2032
20
-85.5119
10
24.1583
20
-85.7581
10
24.1917
20
-86.0062
10
24.2329
20
-86.1439
10
24.3413
20
-86.3695
10
24.5141
20
-86.5505
10
24.7344
20
-86.6693
10
24.9807
20
-86.7142
10
25.2287
20
-86.6808
10
26.5536
20
-86.2842
10
26.7792
20
-86.1758
10
26.9602
20
-86.0030
10
27.0790
20
-85.7826
10
27.1239
20
-85.5364
10
27.0905
20
-85.2884
10
27.0493
20
-85.1506
10
26.9409
20
-84.9250
10
26.7681
20
-84.7440
10
26.5478
20
-84.6252
10
26.3015
20
-84.5803
10
26.0535
20
-84.6137
0
LWPOLYLINE
8
COPPER
90
24
70
1
10
34.4305
20
-81.5647
10
34.2190
20
-81.6986
10
34.0593
20
-81.8912
10
33.9668
20
-82.1239
10
33.9508
20
-82.3736
10
34.0128
20
-82.6161
10
34.0697
20
-82.7481
10
34.2036
20
-82.9596
10
34.3963
20
-83.1194
10
34.6289
20
-83.2118
10
34.8787
20
-83.2278
10
35.1212
20
-83.1658
10
36.3910
20
-82.6181
10
36.6025
20
-82.4842
10
36.7623
20
-82.2915
10
36.8547
20
-82.0589
10
36.8707
20
-81.8091
10
36.8087
20
-81.5666
10
36.7518
20
-81.4346
10
36.6179
20
-81.2232
10
36.4253
20
-81.0634
10
36.1926
20
-80.9710
10
35.9429
20
-80.9550
10
35.7004
20
-81.0169
0
LWPOLYLINE
8
COPPER
90
24
70
1
10
43.6668
20
-77.0161
10
43.4723
20
-77.1736
10
43.3360
20
-77.3835
10
43.2712
20
-77.6252
10
43.2843
20
-77.8752
10
43.3740
20
-78.1089
10
43.4458
20
-78.2334
10
43.6034
20
-78.4279
10
43.8133
20
-78.5642
10
44.0550
20
-78.6290
10
44.3050
20
-78.6159
10
44.5387
20
-78.5262
10
45.7363
20
-77.8347
10
45.9309
20
-77.6772
10
46.0672
20
-77.4673
10
46.1320
20
-77.2255
10
46.1189
20
-76.9756
10
46.0292
20
-76.7419
10
45.9573
20
-76.6174
10
45.7998
20
-76.4229
10
45.5899
20
-76.2866
10
45.3481
20
-76.2218
10
45.0981
20
-76.2349
10
44.8645
20
-76.3246
0
LWPOLYLINE
8
COPPER
90
24
70
1
10
52.3125
20
-71.4259
10
52.1376
20
-71.6049
10
52.0266
20
-71.8292
10
51.9903
20
-72.0769
10
52.0324
20
-72.3236
10
52.1486
20
-72.5453
10
52.2344
20
-72.6606
10
52.4134
20
-72.8355
10
52.6378
20
-72.9466
10
52.8854
20
-72.9828
10
53.1322
20
-72.9408
10
53.3538
20
-72.8246
10
54.4631
20
-71.9987
10
54.6381
20
-71.8197
10
54.7491
20
-71.5954
10
54.7854
20
-71.3477
10
54.7433
20
-71.1010
10
54.6271
20
-70.8793
10
54.5413
20
-70.7640
10
54.3622
20
-70.5891
10
54.1379
20
-70.4781
10
53.8903
20
-70.4418
10
53.6435
20
-70.4838
10
53.4218
20
-70.6000
0
LWPOLYLINE
8
COPPER
90
24
70
1
10
60.2509
20
-64.8698
10
60.0979
20
-65.0679
10
60.0137
20
-65.3036
10
60.0064
20
-65.5538
10
60.0768
20
-65.7940
10
60.2180
20
-66.0007
10
60.3166
20
-66.1053
10
60.5147
20
-66.2582
10
60.7504
20
-66.3425
10
61.0006
20
-66.3497
10
61.2408
20
-66.2793
10
61.4475
20
-66.1382
10
62.4534
20
-65.1891
10
62.6064
20
-64.9910
10
62.6906
20
-64.7553
10
62.6979
20
-64.5051
10
62.6275
20
-64.2649
10
62.4863
20
-64.0582
10
62.3877
20
-63.9537
10
62.1896
20
-63.8007
10
61.9539
20
-63.7165
10
61.7037
20
-63.7092
10
61.4635
20
-63.7796
10
61.2568
20
-63.9208
0
LWPOLYLINE
8
COPPER
90
24
70
1
10
67.3744
20
-57.4365
10
67.2455
20
-57.6510
10
67.1892
20
-57.8949
10
67.2110
20
-58.1443
10
67.3088
20
-58.3747
10
67.4730
20
-58.5636
10
67.5831
20
-58.6560
10
67.7977
20
-58.7849
10
68.0415
20
-58.8412
10
68.2909
20
-58.8194
10
68.5213
20
-58.7216
10
68.7102
20
-58.5574
10
69.5991
20
-57.4979
10
69.7280
20
-57.2834
10
69.7844
20
-57.0395
10
69.7625
20
-56.7902
10
69.6647
20
-56.5598
10
69.5005
20
-56.3709
10
69.3904
20
-56.2785
10
69.1759
20
-56.1496
10
68.9320
20
-56.0933
10
68.6826
20
-56.1151
10
68.4522
20
-56.2129
10
68.2633
20
-56.3771
0
LWPOLYLINE
8
COPPER
90
24
70
1
10
73.5868
20
-49.2264
10
73.4837
20
-49.4545
10
73.4561
20
-49.7033
10
73.5067
20
-49.9484
10
73.6306
20
-50.1659
10
73.8156
20
-50.3344
10
73.9357
20
-50.4134
10
74.1638
20
-50.5166
10
74.4125
20
-50.5442
10
74.6576
20
-50.4936
10
74.8751
20
-50.3697
10
75.0437
20
-50.1846
10
75.8036
20
-49.0292
10
75.9068
20
-48.8011
10
75.9344
20
-48.5524
10
75.8838
20
-48.3073
10
75.7599
20
-48.0898
10
75.5749
20
-47.9212
10
75.4548
20
-47.8422
10
75.2267
20
-47.7391
10
74.9779
20
-47.7115
10
74.7328
20
-47.7621
10
74.5153
20
-47.8860
10
74.3468
20
-48.0710
0
LWPOLYLINE
8
COPPER
90
24
70
1
10
78.8041
20
-40.3507
10
78.7281
20
-40.5892
10
78.7296
20
-40.8395
10
78.8083
20
-41.0771
10
78.9566
20
-41.2787
10
79.1599
20
-41.4246
10
79.2884
20
-41.4891
10
79.5269
20
-41.5651
10
79.7772
20
-41.5636
10
80.0148
20
-41.4849
10
80.2164
20
-41.3366
10
80.3624
20
-41.1333
10
80.9830
20
-39.8974
10
81.0590
20
-39.6589
10
81.0575
20
-39.4086
10
80.9788
20
-39.1710
10
80.8305
20
-38.9694
10
80.6272
20
-38.8235
10
80.4987
20
-38.7590
10
80.2602
20
-38.6830
10
80.0099
20
-38.6845
10
79.7723
20
-38.7632
10
79.5707
20
-38.9115
10
79.4247
20
-39.1148
0
LWPOLYLINE
8
COPPER
90
24
70
1
10
82.9557
20
-30.9292
10
82.9079
20
-31.1749
10
82.9384
20
-31.4234
10
83.0442
20
-31.6502
10
83.2149
20
-31.8333
10
83.4338
20
-31.9546
10
83.5689
20
-32.0038
10
83.8146
20
-32.0515
10
84.0630
20
-32.0210
10
84.2899
20
-31.9153
10
84.4729
20
-31.7446
10
84.5943
20
-31.5256
10
85.0673
20
-30.2261
10
85.1150
20
-29.9804
10
85.0845
20
-29.7320
10
84.9787
20
-29.5051
10
84.8080
20
-29.3221
10
84.5891
20
-29.2007
10
84.4540
20
-29.1516
10
84.2083
20
-29.1038
10
83.9599
20
-29.1343
10
83.7331
20
-29.2401
10
83.5500
20
-29.4108
10
83.4287
20
-29.6297
0
LWPOLYLINE
8
COPPER
90
24
70
1
10
85.9854
20
-21.0896
10
85.9665
20
-21.3391
10
86.0256
20
-21.5823
10
86.1570
20
-21.7954
10
86.3478
20
-21.9574
10
86.5794
20
-22.0525
10
86.7192
20
-22.0856
10
86.9688
20
-22.1045
10
87.2120
20
-22.0454
10
87.4251
20
-21.9140
10
87.5870
20
-21.7232
10
87.6822
20
-21.4917
10
88.0011
20
-20.1460
10
88.0200
20
-19.8964
10
87.9609
20
-19.6532
10
87.8295
20
-19.4402
10
87.6387
20
-19.2782
10
87.4071
20
-19.1831
10
87.2673
20
-19.1499
10
87.0177
20
-19.1310
10
86.7745
20
-19.1902
10
86.5615
20
-19.3216
10
86.3995
20
-19.5124
10
86.3043
20
-19.7439
0
LWPOLYLINE
8
COPPER
90
24
70
1
10
87.8524
20
-10.9647
10
87.8625
20
-11.2147
10
87.9495
20
-11.4494
10
88.1048
20
-11.6458
10
88.3131
20
-11.7845
10
88.5541
20
-11.8521
10
88.6969
20
-11.8688
10
88.9469
20
-11.8586
10
89.1816
20
-11.7716
10
89.3780
20
-11.6164
10
89.5167
20
-11.4081
10
89.5843
20
-11.1671
10
89.7449
20
-9.7935
10
89.7347
20
-9.5434
10
89.6477
20
-9.3087
10
89.4925
20
-9.1124
10
89.2841
20
-8.9736
10
89.0432
20
-8.9060
10
88.9004
20
-8.8893
10
88.6503
20
-8.8995
10
88.4156
20
-8.9865
10
88.2193
20
-9.1417
10
88.0805
20
-9.3501
10
88.0129
20
-9.5910
0
LWPOLYLINE
8
COPPER
90
24
70
1
10
90.7250
20
-0.6915
10
90.7642
20
-0.9387
10
90.8778
20
-1.1617
10
91.0548
20
-1.3387
10
91.2778
20
-1.4523
10
91.5250
20
-1.4915
10
91.6688
20
-1.4915
10
91.9160
20
-1.4523
10
92.1390
20
-1.3387
10
92.3160
20
-1.1617
10
92.4296
20
-0.9387
10
92.4688
20
-0.6915
10
92.4688
20
0.6915
10
92.4296
20
0.9387
10
92.3160
20
1.1617
10
92.1390
20
1.3387
10
91.9160
20
1.4523
10
91.6688
20
1.4915
10
91.5250
20
1.4915
10
91.2778
20
1.4523
10
91.0548
20
1.3387
10
90.8778
20
1.1617
10
90.7642
20
0.9387
10
90.7250
20
0.6915
0
LWPOLYLINE
8
COPPER
90
24
70
1
10
90.1918
20
9.8457
10
90.2594
20
9.6047
10
90.3982
20
9.3964
10
90.5945
20
9.2412
10
90.8292
20
9.1542
10
91.0793
20
9.1440
10
91.2221
20
9.1607
10
91.4631
20
9.2283
10
91.6714
20
9.3670
10
91.8266
20
9.5634
10
91.9136
20
9.7981
10
91.9238
20
10.0482
10
91.7632
20
11.4218
10
91.6956
20
11.6628
10
91.5569
20
11.8711
10
91.3606
20
12.0263
10
91.1259
20
12.1133
10
90.8758
20
12.1235
10
90.7330
20
12.1068
10
90.4920
20
12.0392
10
90.2837
20
11.9005
10
90.1284
20
11.7041
10
90.0415
20
11.4694
10
90.0313
20
11.2193
0
LWPOLYLINE
8
COPPER
90
24
70
1
10
88.4390
20
20.2498
10
88.5341
20
20.0183
10
88.6961
20
19.8275
10
88.9091
20
19.6961
10
89.1523
20
19.6369
10
89.4019
20
19.6558
10
89.5418
20
19.6890
10
89.7733
20
19.7841
10
89.9641
20
19.9461
10
90.0955
20
20.1591
10
90.1546
20
20.4023
10
90.1357
20
20.6519
10
89.8168
20
21.9976
10
89.7217
20
22.2291
10
89.5597
20
22.4199
10
89.3466
20
22.5513
10
89.1034
20
22.6105
10
88.8538
20
22.5915
10
88.7140
20
22.5584
10
88.4825
20
22.4633
10
88.2917
20
22.3013
10
88.1603
20
22.0883
10
88.1011
20
21.8450
10
88.1200
20
21.5955
0
LWPOLYLINE
8
COPPER
90
24
70
1
10
85.4901
20
30.3800
10
85.6115
20
30.1611
10
85.7945
20
29.9904
10
86.0214
20
29.8846
10
86.2698
20
29.8541
10
86.5155
20
29.9019
10
86.6506
20
29.9510
10
86.8695
20
30.0724
10
87.0402
20
30.2554
10
87.1460
20
30.4823
10
87.1765
20
30.7307
10
87.1287
20
30.9764
10
86.6557
20
32.2760
10
86.5344
20
32.4949
10
86.3513
20
32.6656
10
86.1245
20
32.7713
10
85.8760
20
32.8018
10
85.6303
20
32.7541
10
85.4953
20
32.7049
10
85.2763
20
32.5836
10
85.1056
20
32.4005
10
84.9999
20
32.1737
10
84.9694
20
31.9253
10
85.0171
20
31.6796
0
LWPOLYLINE
8
COPPER
90
24
70
1
10
81.3852
20
40.0994
10
81.5311
20
39.8960
10
81.7327
20
39.7477
10
81.9703
20
39.6690
10
82.2206
20
39.6676
10
82.4591
20
39.7435
10
82.5876
20
39.8080
10
82.7909
20
39.9540
10
82.9392
20
40.1556
10
83.0179
20
40.3932
10
83.0194
20
40.6435
10
82.9434
20
40.8820
10
82.3228
20
42.1178
10
82.1768
20
42.3212
10
81.9752
20
42.4695
10
81.7376
20
42.5482
10
81.4873
20
42.5497
10
81.2488
20
42.4737
10
81.1204
20
42.4092
10
80.9170
20
42.2632
10
80.7687
20
42.0616
10
80.6900
20
41.8240
10
80.6885
20
41.5737
10
80.7645
20
41.3352
0
LWPOLYLINE
8
COPPER
90
24
70
1
10
76.1796
20
49.2765
10
76.3482
20
49.0915
10
76.5657
20
48.9676
10
76.8108
20
48.9170
10
77.0595
20
48.9446
10
77.2876
20
49.0477
10
77.4077
20
49.1267
10
77.5927
20
49.2952
10
77.7166
20
49.5127
10
77.7672
20
49.7579
10
77.7396
20
50.0066
10
77.6365
20
50.2347
10
76.8765
20
51.3901
10
76.7080
20
51.5752
10
76.4905
20
51.6990
10
76.2454
20
51.7497
10
75.9966
20
51.7220
10
75.7685
20
51.6189
10
75.6484
20
51.5399
10
75.4634
20
51.3714
10
75.3395
20
51.1539
10
75.2889
20
50.9088
10
75.3165
20
50.6600
10
75.4197
20
50.4319
0
LWPOLYLINE
8
COPPER
90
24
70
1
10
69.9439
20
57.7872
10
70.1328
20
57.6230
10
70.3632
20
57.5252
10
70.6125
20
57.5034
10
70.8564
20
57.5597
10
71.0709
20
57.6886
10
71.1810
20
57.7810
10
71.3452
20
57.9699
10
71.4430
20
58.2003
10
71.4649
20
58.4496
10
71.4086
20
58.6935
10
71.2796
20
58.9081
10
70.3907
20
59.9675
10
70.2018
20
60.1317
10
69.9714
20
60.2295
10
69.7221
20
60.2513
10
69.4782
20
60.1950
10
69.2636
20
60.0661
10
69.1535
20
59.9737
10
68.9893
20
59.7848
10
68.8915
20
59.5544
10
68.8697
20
59.3050
10
68.9260
20
59.0612
10
69.0549
20
58.8466
0
LWPOLYLINE
8
COPPER
90
24
70
1
10
62.7622
20
65.5165
10
62.9689
20
65.3753
10
63.2091
20
65.3049
10
63.4593
20
65.3122
10
63.6950
20
65.3964
10
63.8931
20
65.5494
10
63.9918
20
65.6539
10
64.1329
20
65.8606
10
64.2033
20
66.1008
10
64.1961
20
66.3510
10
64.1118
20
66.5867
10
63.9589
20
66.7848
10
62.9529
20
67.7339
10
62.7463
20
67.8750
10
62.5061
20
67.9454
10
62.2559
20
67.9381
10
62.0202
20
67.8539
10
61.8221
20
67.7009
10
61.7234
20
67.5964
10
61.5822
20
67.3897
10
61.5118
20
67.1495
10
61.5191
20
66.8993
10
61.6034
20
66.6636
10
61.7563
20
66.4655
0
LWPOLYLINE
8
COPPER
90
24
70
1
10
54.7319
20
72.3597
10
54.9535
20
72.2435
10
55.2003
20
72.2015
10
55.4479
20
72.2377
10
55.6723
20
72.3488
10
55.8513
20
72.5237
10
55.9371
20
72.6390
10
56.0533
20
72.8607
10
56.0954
20
73.1074
10
56.0591
20
73.3551
10
55.9481
20
73.5794
10
55.7732
20
73.7584
10
54.6639
20
74.5843
10
54.4422
20
74.7005
10
54.1954
20
74.7425
10
53.9478
20
74.7062
10
53.7235
20
74.5952
10
53.5444
20
74.4203
10
53.4586
20
74.3050
10
53.3424
20
74.0833
10
53.3003
20
73.8366
10
53.3366
20
73.5889
10
53.4476
20
73.3646
10
53.6226
20
73.1855
0
LWPOLYLINE
8
COPPER
90
24
70
1
10
45.9613
20
78.2244
10
46.1950
20
78.1347
10
46.4450
20
78.1216
10
46.6867
20
78.1864
10
46.8966
20
78.3227
10
47.0542
20
78.5172
10
47.1260
20
78.6417
10
47.2157
20
78.8754
10
47.2288
20
79.1254
10
47.1640
20
79.3671
10
47.0277
20
79.5770
10
46.8332
20
79.7345
10
45.6355
20
80.4260
10
45.4019
20
80.5157
10
45.1519
20
80.5288
10
44.9101
20
80.4640
10
44.7002
20
80.3277
10
44.5427
20
80.1332
10
44.4708
20
80.0087
10
44.3811
20
79.7750
10
44.3680
20
79.5251
10
44.4328
20
79.2833
10
44.5691
20
79.0734
10
44.7637
20
78.9159
0
LWPOLYLINE
8
COPPER
90
24
70
1
10
36.5693
20
83.0313
10
36.8118
20
82.9693
10
37.0615
20
82.9853
10
37.2942
20
83.0777
10
37.4868
20
83.2375
10
37.6207
20
83.4490
10
37.6776
20
83.5810
10
37.7396
20
83.8235
10
37.7236
20
84.0733
10
37.6312
20
84.3059
10
37.4714
20
84.4985
10
37.2599
20
84.6324
10
35.9901
20
85.1802
10
35.7476
20
85.2421
10
35.4978
20
85.2261
10
35.2652
20
85.1337
10
35.0725
20
84.9740
10
34.9386
20
84.7625
10
34.8817
20
84.6305
10
34.8197
20
84.3880
10
34.8357
20
84.1382
10
34.9282
20
83.9056
10
35.0879
20
83.7129
10
35.2994
20
83.5790
0
LWPOLYLINE
8
COPPER
90
24
70
1
10
26.6827
20
86.7153
10
26.9307
20
86.6819
10
27.1769
20
86.7268
10
27.3973
20
86.8456
10
27.5701
20
87.0266
10
27.6785
20
87.2522
10
27.7197
20
87.3899
10
27.7531
20
87.6380
10
27.7082
20
87.8842
10
27.5894
20
88.1045
10
27.4084
20
88.2774
10
27.1828
20
88.3858
10
25.8579
20
88.7824
10
25.6099
20
88.8158
10
25.3636
20
88.7709
10
25.1433
20
88.6521
10
24.9705
20
88.4711
10
24.8621
20
88.2455
10
24.8208
20
88.1078
10
24.7875
20
87.8597
10
24.8324
20
87.6135
10
24.9511
20
87.3931
10
25.1322
20
87.2203
10
25.3578
20
87.1119
0
LWPOLYLINE
8
COPPER
90
24
70
1
10
16.4352
20
89.2266
10
16.6855
20
89.2222
10
16.9248
20
89.2954
10
17.1298
20
89.4390
10
17.2805
20
89.6389
10
17.3620
20
89.8755
10
17.3869
20
90.0171
10
17.3913
20
90.2674
10
17.3181
20
90.5067
10
17.1746
20
90.7117
10
16.9747
20
90.8624
10
16.7380
20
90.9439
10
15.3761
20
91.1840
10
15.1258
20
91.1884
10
14.8864
20
91.1152
10
14.6814
20
90.9716
10
14.5308
20
90.7717
10
14.4493
20
90.5351
10
14.4243
20
90.3935
10
14.4200
20
90.1433
10
14.4931
20
89.9039
10
14.6367
20
89.6989
10
14.8366
20
89.5482
10
15.0733
20
89.4668
0
LWPOLYLINE
8
COPPER
90
24
70
1
10
5.9655
20
90.5313
10
6.2146
20
90.5560
10
6.4438
20
90.6565
10
6.6308
20
90.8229
10
6.7572
20
91.0389
10
6.8107
20
91.2834
10
6.8190
20
91.4269
10
6.7943
20
91.6760
10
6.6938
20
91.9053
10
6.5274
20
92.0922
10
6.3114
20
92.2186
10
6.0669
20
92.2721
10
4.6863
20
92.3525
10
4.4372
20
92.3278
10
4.2080
20
92.2273
10
4.0210
20
92.0609
10
3.8946
20
91.8449
10
3.8411
20
91.6004
10
3.8328
20
91.4569
10
3.8575
20
91.2078
10
3.9579
20
90.9786
10
4.1243
20
90.7916
10
4.3404
20
90.6652
10
4.5849
20
90.6117
0
LWPOLYLINE
8
COPPER
90
24
70
1
10
-4.5849
20
90.6117
10
-4.3404
20
90.6652
10
-4.1243
20
90.7916
10
-3.9579
20
90.9786
10
-3.8575
20
91.2078
10
-3.8328
20
91.4569
10
-3.8411
20
91.6004
10
-3.8946
20
91.8449
10
-4.0210
20
92.0609
10
-4.2080
20
92.2273
10
-4.4372
20
92.3278
10
-4.6863
20
92.3525
10
-6.0669
20
92.2721
10
-6.3114
20
92.2186
10
-6.5274
20
92.0922
10
-6.6938
20
91.9053
10
-6.7943
20
91.6760
10
-6.8190
20
91.4269
10
-6.8107
20
91.2834
10
-6.7572
20
91.0389
10
-6.6308
20
90.8229
10
-6.4438
20
90.6565
10
-6.2146
20
90.5560
10
-5.9655
20
90.5313
0
LWPOLYLINE
8
COPPER
90
24
70
1
10
-15.0733
20
89.4668
10
-14.8366
20
89.5482
10
-14.6367
20
89.6989
10
-14.4931
20
89.9039
10
-14.4200
20
90.1433
10
-14.4243
20
90.3935
10
-14.4493
20
90.5351
10
-14.5308
20
90.7717
10
-14.6814
20
90.9716
10
-14.8864
20
91.1152
10
-15.1258
20
91.1884
10
-15.3761
20
91.1840
10
-16.7380
20
90.9439
10
-16.9747
20
90.8624
10
-17.1746
20
90.7117
10
-17.3181
20
90.5067
10
-17.3913
20
90.2674
10
-17.3869
20
90.0171
10
-17.3620
20
89.8755
10
-17.2805
20
89.6389
10
-17.1298
20
89.4390
10
-16.9248
20
89.2954
10
-16.6855
20
89.2222
10
-16.4352
20
89.2266
0
LWPOLYLINE
8
COPPER
90
24
70
1
10
-25.3578
20
87.1119
10
-25.1322
20
87.2203
10
-24.9511
20
87.3931
10
-24.8324
20
87.6135
10
-24.7875
20
87.8597
10
-24.8208
20
88.1078
10
-24.8621
20
88.2455
10
-24.9705
20
88.4711
10
-25.1433
20
88.6521
10
-25.3636
20
88.7709
10
-25.6099
20
88.8158
10
-25.8579
20
88.7824
10
-27.1828
20
88.3858
10
-27.4084
20
88.2774
10
-27.5894
20
88.1045
10
-27.7082
20
87.8842
10
-27.7531
20
87.6380
10
-27.7197
20
87.3899
10
-27.6785
20
87.2522
10
-27.5701
20
87.0266
10
-27.3973
20
86.8456
10
-27.1769
20
86.7268
10
-26.9307
20
86.6819
10
-26.6827
20
86.7153
0
LWPOLYLINE
8
COPPER
90
24
70
1
10
-35.2994
20
83.5790
10
-35.0879
20
83.7129
10
-34.9282
20
83.9056
10
-34.8357
20
84.1382
10
-34.8197
20
84.3880
10
-34.8817
20
84.6305
10
-34.9386
20
84.7625
10
-35.0725
20
84.9740
10
-35.2652
20
85.1337
10
-35.4978
20
85.2261
10
-35.7476
20
85.2421
10
-35.9901
20
85.1802
10
-37.2599
20
84.6324
10
-37.4714
20
84.4985
10
-37.6312
20
84.3059
10
-37.7236
20
84.0733
10
-37.7396
20
83.8235
10
-37.6776
20
83.5810
10
-37.6207
20
83.4490
10
-37.4868
20
83.2375
10
-37.2942
20
83.0777
10
-37.0615
20
82.9853
10
-36.8118
20
82.9693
10
-36.5693
20
83.0313
0
LWPOLYLINE
8
COPPER
90
24
70
1
10
-44.7637
20
78.9159
10
-44.5691
20
79.0734
10
-44.4328
20
79.2833
10
-44.3680
20
79.5251
10
-44.3811
20
79.7750
10
-44.4708
20
80.0087
10
-44.5427
20
80.1332
10
-44.7002
20
80.3277
10
-44.9101
20
80.4640
10
-45.1519
20
80.5288
10
-45.4019
20
80.5157
10
-45.6355
20
80.4260
10
-46.8332
20
79.7345
10
-47.0277
20
79.5770
10
-47.1640
20
79.3671
10
-47.2288
20
79.1254
10
-47.2157
20
78.8754
10
-47.1260
20
78.6417
10
-47.0542
20
78.5172
10
-46.8966
20
78.3227
10
-46.6867
20
78.1864
10
-46.4450
20
78.1216
10
-46.1950
20
78.1347
10
-45.9613
20
78.2244
0
LWPOLYLINE
8
COPPER
90
24
70
1
10
-53.6226
20
73.1855
10
-53.4476
20
73.3646
10
-53.3366
20
73.5889
10
-53.3003
20
73.8366
10
-53.3424
20
74.0833
10
-53.4586
20
74.3050
10
-53.5444
20
74.4203
10
-53.7235
20
74.5952
10
-53.9478
20
74.7062
10
-54.1954
20
74.7425
10
-54.4422
20
74.7005
10
-54.6639
20
74.5843
10
-55.7732
20
73.7584
10
-55.9481
20
73.5794
10
-56.0591
20
73.3551
10
-56.0954
20
73.1074
10
-56.0533
20
72.8607
10
-55.9371
20
72.6390
10
-55.8513
20
72.5237
10
-55.6723
20
72.3488
10
-55.4479
20
72.2377
10
-55.2003
20
72.2015
10
-54.9535
20
72.2435
10
-54.7319
20
72.3597
0
LWPOLYLINE
8
COPPER
90
24
70
1
10
-61.7563
20
66.4655
10
-61.6034
20
66.6636
10
-61.5191
20
66.8993
10
-61.5118
20
67.1495
10
-61.5822
20
67.3897
10
-61.7234
20
67.5964
10
-61.8221
20
67.7009
10
-62.0202
20
67.8539
10
-62.2559
20
67.9381
10
-62.5061
20
67.9454
10
-62.7463
20
67.8750
10
-62.9529
20
67.7339
10
-63.9589
20
66.7848
10
-64.1118
20
66.5867
10
-64.1961
20
66.3510
10
-64.2033
20
66.1008
10
-64.1329
20
65.8606
10
-63.9918
20
65.6539
10
-63.8931
20
65.5494
10
-63.6950
20
65.3964
10
-63.4593
20
65.3122
10
-63.2091
20
65.3049
10
-62.9689
20
65.3753
10
-62.7622
20
65.5165
0
LWPOLYLINE
8
COPPER
90
24
70
1
10
-69.0549
20
58.8466
10
-68.9260
20
59.0612
10
-68.8697
20
59.3050
10
-68.8915
20
59.5544
10
-68.9893
20
59.7848
10
-69.1535
20
59.9737
10
-69.2636
20
60.0661
10
-69.4782
20
60.1950
10
-69.7221
20
60.2513
10
-69.9714
20
60.2295
10
-70.2018
20
60.1317
10
-70.3907
20
59.9675
10
-71.2796
20
58.9081
10
-71.4086
20
58.6935
10
-71.4649
20
58.4496
10
-71.4430
20
58.2003
10
-71.3452
20
57.9699
10
-71.1810
20
57.7810
10
-71.0709
20
57.6886
10
-70.8564
20
57.5597
10
-70.6125
20
57.5034
10
-70.3632
20
57.5252
10
-70.1328
20
57.6230
10
-69.9439
20
57.7872
0
LWPOLYLINE
8
COPPER
90
24
70
1
10
-75.4197
20
50.4319
10
-75.3165
20
50.6600
10
-75.2889
20
50.9088
10
-75.3395
20
51.1539
10
-75.4634
20
51.3714
10
-75.6484
20
51.5399
10
-75.7685
20
51.6189
10
-75.9966
20
51.7220
10
-76.2454
20
51.7497
10
-76.4905
20
51.6990
10
-76.7080
20
51.5752
10
-76.8765
20
51.3901
10
-77.6365
20
50.2347
10
-77.7396
20
50.0066
10
-77.7672
20
49.7579
10
-77.7166
20
49.5127
10
-77.5927
20
49.2952
10
-77.4077
20
49.1267
10
-77.2876
20
49.0477
10
-77.0595
20
48.9446
10
-76.8108
20
48.9170
10
-76.5657
20
48.9676
10
-76.3482
20
49.0915
10
-76.1796
20
49.2765
0
LWPOLYLINE
8
COPPER
90
24
70
1
10
-80.7645
20
41.3352
10
-80.6885
20
41.5737
10
-80.6900
20
41.8240
10
-80.7687
20
42.0616
10
-80.9170
20
42.2632
10
-81.1204
20
42.4092
10
-81.2488
20
42.4737
10
-81.4873
20
42.5497
10
-81.7376
20
42.5482
10
-81.9752
20
42.4695
10
-82.1768
20
42.3212
10
-82.3228
20
42.1178
10
-82.9434
20
40.8820
10
-83.0194
20
40.6435
10
-83.0179
20
40.3932
10
-82.9392
20
40.1556
10
-82.7909
20
39.9540
10
-82.5876
20
39.8080
10
-82.4591
20
39.7435
10
-82.2206
20
39.6676
10
-81.9703
20
39.6690
10
-81.7327
20
39.7477
10
-81.5311
20
39.8960
10
-81.3852
20
40.0994
0
LWPOLYLINE
8
COPPER
90
24
70
1
10
-85.0171
20
31.6796
10
-84.9694
20
31.9253
10
-84.9999
20
32.1737
10
-85.1056
20
32.4005
10
-85.2763
20
32.5836
10
-85.4953
20
32.7049
10
-85.6303
20
32.7541
10
-85.8760
20
32.8018
10
-86.1245
20
32.7713
10
-86.3513
20
32.6656
10
-86.5344
20
32.4949
10
-86.6557
20
32.2760
10
-87.1287
20
30.9764
10
-87.1765
20
30.7307
10
-87.1460
20
30.4823
10
-87.0402
20
30.2554
10
-86.8695
20
30.0724
10
-86.6506
20
29.9510
10
-86.5155
20
29.9019
10
-86.2698
20
29.8541
10
-86.0214
20
29.8846
10
-85.7945
20
29.9904
10
-85.6115
20
30.1611
10
-85.4901
20
30.3800
0
LWPOLYLINE
8
COPPER
90
24
70
1
10
-88.1200
20
21.5955
10
-88.1011
20
21.8450
10
-88.1603
20
22.0883
10
-88.2917
20
22.3013
10
-88.4825
20
22.4633
10
-88.7140
20
22.5584
10
-88.8538
20
22.5915
10
-89.1034
20
22.6105
10
-89.3466
20
22.5513
10
-89.5597
20
22.4199
10
-89.7217
20
22.2291
10
-89.8168
20
21.9976
10
-90.1357
20
20.6519
10
-90.1546
20
20.4023
10
-90.0955
20
20.1591
10
-89.9641
20
19.9461
10
-89.7733
20
19.7841
10
-89.5418
20
19.6890
10
-89.4019
20
19.6558
10
-89.1523
20
19.6369
10
-88.9091
20
19.6961
10
-88.6961
20
19.8275
10
-88.5341
20
20.0183
10
-88.4390
20
20.2498
0
LWPOLYLINE
8
COPPER
90
24
70
1
10
-90.0313
20
11.2193
10
-90.0415
20
11.4694
10
-90.1284
20
11.7041
10
-90.2837
20
11.9005
10
-90.4920
20
12.0392
10
-90.7330
20
12.1068
10
-90.8758
20
12.1235
10
-91.1259
20
12.1133
10
-91.3606
20
12.0263
10
-91.5569
20
11.8711
10
-91.6956
20
11.6628
10
-91.7632
20
11.4218
10
-91.9238
20
10.0482
10
-91.9136
20
9.7981
10
-91.8266
20
9.5634
10
-91.6714
20
9.3670
10
-91.4631
20
9.2283
10
-91.2221
20
9.1607
10
-91.0793
20
9.1440
10
-90.8292
20
9.1542
10
-90.5945
20
9.2412
10
-90.3982
20
9.3964
10
-90.2594
20
9.6047
10
-90.1918
20
9.8457
0
LWPOLYLINE
8
COPPER
90
24
70
1
10
-90.7250
20
0.6915
10
-90.7642
20
0.9387
10
-90.8778
20
1.1617
10
-91.0548
20
1.3387
10
-91.2778
20
1.4523
10
-91.5250
20
1.4915
10
-91.6688
20
1.4915
10
-91.9160
20
1.4523
10
-92.1390
20
1.3387
10
-92.3160
20
1.1617
10
-92.4296
20
0.9387
10
-92.4688
20
0.6915
10
-92.4688
20
-0.6915
10
-92.4296
20
-0.9387
10
-92.3160
20
-1.1617
10
-92.1390
20
-1.3387
10
-91.9160
20
-1.4523
10
-91.6688
20
-1.4915
10
-91.5250
20
-1.4915
10
-91.2778
20
-1.4523
10
-91.0548
20
-1.3387
10
-90.8778
20
-1.1617
10
-90.7642
20
-0.9387
10
-90.7250
20
-0.6915
0
LWPOLYLINE
8
COPPER
90
24
70
1
10
-90.1918
20
-9.8457
10
-90.2594
20
-9.6047
10
-90.3982
20
-9.3964
10
-90.5945
20
-9.2412
10
-90.8292
20
-9.1542
10
-91.0793
20
-9.1440
10
-91.2221
20
-9.1607
10
-91.4631
20
-9.2283
10
-91.6714
20
-9.3670
10
-91.8266
20
-9.5634
10
-91.9136
20
-9.7981
10
-91.9238
20
-10.0482
10
-91.7632
20
-11.4218
10
-91.6956
20
-11.6628
10
-91.5569
20
-11.8711
10
-91.3606
20
-12.0263
10
-91.1259
20
-12.1133
10
-90.8758
20
-12.1235
10
-90.7330
20
-12.1068
10
-90.4920
20
-12.0392
10
-90.2837
20
-11.9005
10
-90.1284
20
-11.7041
10
-90.0415
20
-11.4694
10
-90.0313
20
-11.2193
0
LWPOLYLINE
8
COPPER
90
24
70
1
10
-88.4390
20
-20.2498
10
-88.5341
20
-20.0183
10
-88.6961
20
-19.8275
10
-88.9091
20
-19.6961
10
-89.1523
20
-19.6369
10
-89.4019
20
-19.6558
10
-89.5418
20
-19.6890
10
-89.7733
20
-19.7841
10
-89.9641
20
-19.9461
10
-90.0955
20
-20.1591
10
-90.1546
20
-20.4023
10
-90.1357
20
-20.6519
10
-89.8168
20
-21.9976
10
-89.7217
20
-22.2291
10
-89.5597
20
-22.4199
10
-89.3466
20
-22.5513
10
-89.1034
20
-22.6105
10
-88.8538
20
-22.5915
10
-88.7140
20
-22.5584
10
-88.4825
20
-22.4633
10
-88.2917
20
-22.3013
10
-88.1603
20
-22.0883
10
-88.1011
20
-21.8450
10
-88.1200
20
-21.5955
0
LWPOLYLINE
8
COPPER
90
24
70
1
10
-85.4901
20
-30.3800
10
-85.6115
20
-30.1611
10
-85.7945
20
-29.9904
10
-86.0214
20
-29.8846
10
-86.2698
20
-29.8541
10
-86.5155
20
-29.9019
10
-86.6506
20
-29.9510
10
-86.8695
20
-30.0724
10
-87.0402
20
-30.2554
10
-87.1460
20
-30.4823
10
-87.1765
20
-30.7307
10
-87.1287
20
-30.9764
10
-86.6557
20
-32.2760
10
-86.5344
20
-32.4949
10
-86.3513
20
-32.6656
10
-86.1245
20
-32.7713
10
-85.8760
20
-32.8018
10
-85.6303
20
-32.7541
10
-85.4953
20
-32.7049
10
-85.2763
20
-32.5836
10
-85.1056
20
-32.4005
10
-84.9999
20
-32.1737
10
-84.9694
20
-31.9253
10
-85.0171
20
-31.6796
0
LWPOLYLINE
8
COPPER
90
24
70
1
10
-81.3852
20
-40.0994
10
-81.5311
20
-39.8960
10
-81.7327
20
-39.7477
10
-81.9703
20
-39.6690
10
-82.2206
20
-39.6676
10
-82.4591
20
-39.7435
10
-82.5876
20
-39.8080
10
-82.7909
20
-39.9540
10
-82.9392
20
-40.1556
10
-83.0179
20
-40.3932
10
-83.0194
20
-40.6435
10
-82.9434
20
-40.8820
10
-82.3228
20
-42.1178
10
-82.1768
20
-42.3212
10
-81.9752
20
-42.4695
10
-81.7376
20
-42.5482
10
-81.4873
20
-42.5497
10
-81.2488
20
-42.4737
10
-81.1204
20
-42.4092
10
-80.9170
20
-42.2632
10
-80.7687
20
-42.0616
10
-80.6900
20
-41.8240
10
-80.6885
20
-41.5737
10
-80.7645
20
-41.3352
0
LWPOLYLINE
8
COPPER
90
24
70
1
10
-76.1796
20
-49.2765
10
-76.3482
20
-49.0915
10
-76.5657
20
-48.9676
10
-76.8108
20
-48.9170
10
-77.0595
20
-48.9446
10
-77.2876
20
-49.0477
10
-77.4077
20
-49.1267
10
-77.5927
20
-49.2952
10
-77.7166
20
-49.5127
10
-77.7672
20
-49.7579
10
-77.7396
20
-50.0066
10
-77.6365
20
-50.2347
10
-76.8765
20
-51.3901
10
-76.7080
20
-51.5752
10
-76.4905
20
-51.6990
10
-76.2454
20
-51.7497
10
-75.9966
20
-51.7220
10
-75.7685
20
-51.6189
10
-75.6484
20
-51.5399
10
-75.4634
20
-51.3714
10
-75.3395
20
-51.1539
10
-75.2889
20
-50.9088
10
-75.3165
20
-50.6600
10
-75.4197
20
-50.4319
0
LWPOLYLINE
8
COPPER
90
24
70
1
10
-69.9439
20
-57.7872
10
-70.1328
20
-57.6230
10
-70.3632
20
-57.5252
10
-70.6125
20
-57.5034
10
-70.8564
20
-57.5597
10
-71.0709
20
-57.6886
10
-71.1810
20
-57.7810
10
-71.3452
20
-57.9699
10
-71.4430
20
-58.2003
10
-71.4649
20
-58.4496
10
-71.4086
20
-58.6935
10
-71.2796
20
-58.9081
10
-70.3907
20
-59.9675
10
-70.2018
20
-60.1317
10
-69.9714
20
-60.2295
10
-69.7221
20
-60.2513
10
-69.4782
20
-60.1950
10
-69.2636
20
-60.0661
10
-69.1535
20
-59.9737
10
-68.9893
20
-59.7848
10
-68.8915
20
-59.5544
10
-68.8697
20
-59.3050
10
-68.9260
20
-59.0612
10
-69.0549
20
-58.8466
0
LWPOLYLINE
8
COPPER
90
24
70
1
10
-62.7622
20
-65.5165
10
-62.9689
20
-65.3753
10
-63.2091
20
-65.3049
10
-63.4593
20
-65.3122
10
-63.6950
20
-65.3964
10
-63.8931
20
-65.5494
10
-63.9918
20
-65.6539
10
-64.1329
20
-65.8606
10
-64.2033
20
-66.1008
10
-64.1961
20
-66.3510
10
-64.1118
20
-66.5867
10
-63.9589
20
-66.7848
10
-62.9529
20
-67.7339
10
-62.7463
20
-67.8750
10
-62.5061
20
-67.9454
10
-62.2559
20
-67.9381
10
-62.0202
20
-67.8539
10
-61.8221
20
-67.7009
10
-61.7234
20
-67.5964
10
-61.5822
20
-67.3897
10
-61.5118
20
-67.1495
10
-61.5191
20
-66.8993
10
-61.6034
20
-66.6636
10
-61.7563
20
-66.4655
0
LWPOLYLINE
8
COPPER
90
24
70
1
10
-54.7319
20
-72.3597
10
-54.9535
20
-72.2435
10
-55.2003
20
-72.2015
10
-55.4479
20
-72.2377
10
-55.6723
20
-72.3488
10
-55.8513
20
-72.5237
10
-55.9371
20
-72.6390
10
-56.0533
20
-72.8607
10
-56.0954
20
-73.1074
10
-56.0591
20
-73.3551
10
-55.9481
20
-73.5794
10
-55.7732
20
-73.7584
10
-54.6639
20
-74.5843
10
-54.4422
20
-74.7005
10
-54.1954
20
-74.7425
10
-53.9478
20
-74.7062
10
-53.7235
20
-74.5952
10
-53.5444
20
-74.4203
10
-53.4586
20
-74.3050
10
-53.3424
20
-74.0833
10
-53.3003
20
-73.8366
10
-53.3366
20
-73.5889
10
-53.4476
20
-73.3646
10
-53.6226
20
-73.1855
0
LWPOLYLINE
8
COPPER
90
24
70
1
10
-45.9613
20
-78.2244
10
-46.1950
20
-78.1347
10
-46.4450
20
-78.1216
10
-46.6867
20
-78.1864
10
-46.8966
20
-78.3227
10
-47.0542
20
-78.5172
10
-47.1260
20
-78.6417
10
-47.2157
20
-78.8754
10
-47.2288
20
-79.1254
10
-47.1640
20
-79.3671
10
-47.0277
20
-79.5770
10
-46.8332
20
-79.7345
10
-45.6355
20
-80.4260
10
-45.4019
20
-80.5157
10
-45.1519
20
-80.5288
10
-44.9101
20
-80.4640
10
-44.7002
20
-80.3277
10
-44.5427
20
-80.1332
10
-44.4708
20
-80.0087
10
-44.3811
20
-79.7750
10
-44.3680
20
-79.5251
10
-44.4328
20
-79.2833
10
-44.5691
20
-79.0734
10
-44.7637
20
-78.9159
0
LWPOLYLINE
8
COPPER
90
24
70
1
10
-36.5693
20
-83.0313
10
-36.8118
20
-82.9693
10
-37.0615
20
-82.9853
10
-37.2942
20
-83.0777
10
-37.4868
20
-83.2375
10
-37.6207
20
-83.4490
10
-37.6776
20
-83.5810
10
-37.7396
20
-83.8235
10
-37.7236
20
-84.0733
10
-37.6312
20
-84.3059
10
-37.4714
20
-84.4985
10
-37.2599
20
-84.6324
10
-35.9901
20
-85.1802
10
-35.7476
20
-85.2421
10
-35.4978
20
-85.2261
10
-35.2652
20
-85.1337
10
-35.0725
20
-84.9740
10
-34.9386
20
-84.7625
10
-34.8817
20
-84.6305
10
-34.8197
20
-84.3880
10
-34.8357
20
-84.1382
10
-34.9282
20
-83.9056
10
-35.0879
20
-83.7129
10
-35.2994
20
-83.5790
0
LWPOLYLINE
8
COPPER
90
24
70
1
10
-26.6827
20
-86.7153
10
-26.9307
20
-86.6819
10
-27.1769
20
-86.7268
10
-27.3973
20
-86.8456
10
-27.5701
20
-87.0266
10
-27.6785
20
-87.2522
10
-27.7197
20
-87.3899
10
-27.7531
20
-87.6380
10
-27.7082
20
-87.8842
10
-27.5894
20
-88.1045
10
-27.4084
20
-88.2774
10
-27.1828
20
-88.3858
10
-25.8579
20
-88.7824
10
-25.6099
20
-88.8158
10
-25.3636
20
-88.7709
10
-25.1433
20
-88.6521
10
-24.9705
20
-88.4711
10
-24.8621
20
-88.2455
10
-24.8208
20
-88.1078
10
-24.7875
20
-87.8597
10
-24.8324
20
-87.6135
10
-24.9511
20
-87.3931
10
-25.1322
20
-87.2203
10
-25.3578
20
-87.1119
0
LWPOLYLINE
8
COPPER
90
24
70
1
10
-16.4352
20
-89.2266
10
-16.6855
20
-89.2222
10
-16.9248
20
-89.2954
10
-17.1298
20
-89.4390
10
-17.2805
20
-89.6389
10
-17.3620
20
-89.8755
10
-17.3869
20
-90.0171
10
-17.3913
20
-90.2674
10
-17.3181
20
-90.5067
10
-17.1746
20
-90.7117
10
-16.9747
20
-90.8624
10
-16.7380
20
-90.9439
10
-15.3761
20
-91.1840
10
-15.1258
20
-91.1884
10
-14.8864
20
-91.1152
10
-14.6814
20
-90.9716
10
-14.5308
20
-90.7717
10
-14.4493
20
-90.5351
10
-14.4243
20
-90.3935
10
-14.4200
20
-90.1433
10
-14.4931
20
-89.9039
10
-14.6367
20
-89.6989
10
-14.8366
20
-89.5482
10
-15.0733
20
-89.4668
0
LWPOLYLINE
8
COPPER
90
24
70
1
10
-5.9655
20
-90.5313
10
-6.2146
20
-90.5560
10
-6.4438
20
-90.6565
10
-6.6308
20
-90.8229
10
-6.7572
20
-91.0389
10
-6.8107
20
-91.2834
10
-6.8190
20
-91.4269
10
-6.7943
20
-91.6760
10
-6.6938
20
-91.9053
10
-6.5274
20
-92.0922
10
-6.3114
20
-92.2186
10
-6.0669
20
-92.2721
10
-4.6863
20
-92.3525
10
-4.4372
20
-92.3278
10
-4.2080
20
-92.2273
10
-4.0210
20
-92.0609
10
-3.8946
20
-91.8449
10
-3.8411
20
-91.6004
10
-3.8328
20
-91.4569
10
-3.8575
20
-91.2078
10
-3.9579
20
-90.9786
10
-4.1243
20
-90.7916
10
-4.3404
20
-90.6652
10
-4.5849
20
-90.6117
0
LWPOLYLINE
8
COPPER
90
24
70
1
10
4.5849
20
-90.6117
10
4.3404
20
-90.6652
10
4.1243
20
-90.7916
10
3.9579
20
-90.9786
10
3.8575
20
-91.2078
10
3.8328
20
-91.4569
10
3.8411
20
-91.6004
10
3.8946
20
-91.8449
10
4.0210
20
-92.0609
10
4.2080
20
-92.2273
10
4.4372
20
-92.3278
10
4.6863
20
-92.3525
10
6.0669
20
-92.2721
10
6.3114
20
-92.2186
10
6.5274
20
-92.0922
10
6.6938
20
-91.9053
10
6.7943
20
-91.6760
10
6.8190
20
-91.4269
10
6.8107
20
-91.2834
10
6.7572
20
-91.0389
10
6.6308
20
-90.8229
10
6.4438
20
-90.6565
10
6.2146
20
-90.5560
10
5.9655
20
-90.5313
0
LWPOLYLINE
8
COPPER
90
24
70
1
10
15.0733
20
-89.4668
10
14.8366
20
-89.5482
10
14.6367
20
-89.6989
10
14.4931
20
-89.9039
10
14.4200
20
-90.1433
10
14.4243
20
-90.3935
10
14.4493
20
-90.5351
10
14.5308
20
-90.7717
10
14.6814
20
-90.9716
10
14.8864
20
-91.1152
10
15.1258
20
-91.1884
10
15.3761
20
-91.1840
10
16.7380
20
-90.9439
10
16.9747
20
-90.8624
10
17.1746
20
-90.7117
10
17.3181
20
-90.5067
10
17.3913
20
-90.2674
10
17.3869
20
-90.0171
10
17.3620
20
-89.8755
10
17.2805
20
-89.6389
10
17.1298
20
-89.4390
10
16.9248
20
-89.2954
10
16.6855
20
-89.2222
10
16.4352
20
-89.2266
0
LWPOLYLINE
8
COPPER
90
24
70
1
10
25.3578
20
-87.1119
10
25.1322
20
-87.2203
10
24.9511
20
-87.3931
10
24.8324
20
-87.6135
10
24.7875
20
-87.8597
10
24.8208
20
-88.1078
10
24.8621
20
-88.2455
10
24.9705
20
-88.4711
10
25.1433
20
-88.6521
10
25.3636
20
-88.7709
10
25.6099
20
-88.8158
10
25.8579
20
-88.7824
10
27.1828
20
-88.3858
10
27.4084
20
-88.2774
10
27.5894
20
-88.1045
10
27.7082
20
-87.8842
10
27.7531
20
-87.6380
10
27.7197
20
-87.3899
10
27.6785
20
-87.2522
10
27.5701
20
-87.0266
10
27.3973
20
-86.8456
10
27.1769
20
-86.7268
10
26.9307
20
-86.6819
10
26.6827
20
-86.7153
0
LWPOLYLINE
8
COPPER
90
24
70
1
10
35.2994
20
-83.5790
10
35.0879
20
-83.7129
10
34.9282
20
-83.9056
10
34.8357
20
-84.1382
10
34.8197
20
-84.3880
10
34.8817
20
-84.6305
10
34.9386
20
-84.7625
10
35.0725
20
-84.9740
10
35.2652
20
-85.1337
10
35.4978
20
-85.2261
10
35.7476
20
-85.2421
10
35.9901
20
-85.1802
10
37.2599
20
-84.6324
10
37.4714
20
-84.4985
10
37.6312
20
-84.3059
10
37.7236
20
-84.0733
10
37.7396
20
-83.8235
10
37.6776
20
-83.5810
10
37.6207
20
-83.4490
10
37.4868
20
-83.2375
10
37.2942
20
-83.0777
10
37.0615
20
-82.9853
10
36.8118
20
-82.9693
10
36.5693
20
-83.0313
0
LWPOLYLINE
8
COPPER
90
24
70
1
10
44.7637
20
-78.9159
10
44.5691
20
-79.0734
10
44.4328
20
-79.2833
10
44.3680
20
-79.5251
10
44.3811
20
-79.7750
10
44.4708
20
-80.0087
10
44.5427
20
-80.1332
10
44.7002
20
-80.3277
10
44.9101
20
-80.4640
10
45.1519
20
-80.5288
10
45.4019
20
-80.5157
10
45.6355
20
-80.4260
10
46.8332
20
-79.7345
10
47.0277
20
-79.5770
10
47.1640
20
-79.3671
10
47.2288
20
-79.1254
10
47.2157
20
-78.8754
10
47.1260
20
-78.6417
10
47.0542
20
-78.5172
10
46.8966
20
-78.3227
10
46.6867
20
-78.1864
10
46.4450
20
-78.1216
10
46.1950
20
-78.1347
10
45.9613
20
-78.2244
0
LWPOLYLINE
8
COPPER
90
24
70
1
10
53.6226
20
-73.1855
10
53.4476
20
-73.3646
10
53.3366
20
-73.5889
10
53.3003
20
-73.8366
10
53.3424
20
-74.0833
10
53.4586
20
-74.3050
10
53.5444
20
-74.4203
10
53.7235
20
-74.5952
10
53.9478
20
-74.7062
10
54.1954
20
-74.7425
10
54.4422
20
-74.7005
10
54.6639
20
-74.5843
10
55.7732
20
-73.7584
10
55.9481
20
-73.5794
10
56.0591
20
-73.3551
10
56.0954
20
-73.1074
10
56.0533
20
-72.8607
10
55.9371
20
-72.6390
10
55.8513
20
-72.5237
10
55.6723
20
-72.3488
10
55.4479
20
-72.2377
10
55.2003
20
-72.2015
10
54.9535
20
-72.2435
10
54.7319
20
-72.3597
0
LWPOLYLINE
8
COPPER
90
24
70
1
10
61.7563
20
-66.4655
10
61.6034
20
-66.6636
10
61.5191
20
-66.8993
10
61.5118
20
-67.1495
10
61.5822
20
-67.3897
10
61.7234
20
-67.5964
10
61.8221
20
-67.7009
10
62.0202
20
-67.8539
10
62.2559
20
-67.9381
10
62.5061
20
-67.9454
10
62.7463
20
-67.8750
10
62.9529
20
-67.7339
10
63.9589
20
-66.7848
10
64.1118
20
-66.5867
10
64.1961
20
-66.3510
10
64.2033
20
-66.1008
10
64.1329
20
-65.8606
10
63.9918
20
-65.6539
10
63.8931
20
-65.5494
10
63.6950
20
-65.3964
10
63.4593
20
-65.3122
10
63.2091
20
-65.3049
10
62.9689
20
-65.3753
10
62.7622
20
-65.5165
0
LWPOLYLINE
8
COPPER
90
24
70
1
10
69.0549
20
-58.8466
10
68.9260
20
-59.0612
10
68.8697
20
-59.3050
10
68.8915
20
-59.5544
10
68.9893
20
-59.7848
10
69.1535
20
-59.9737
10
69.2636
20
-60.0661
10
69.4782
20
-60.1950
10
69.7221
20
-60.2513
10
69.9714
20
-60.2295
10
70.2018
20
-60.1317
10
70.3907
20
-59.9675
10
71.2796
20
-58.9081
10
71.4086
20
-58.6935
10
71.4649
20
-58.4496
10
71.4430
20
-58.2003
10
71.3452
20
-57.9699
10
71.1810
20
-57.7810
10
71.0709
20
-57.6886
10
70.8564
20
-57.5597
10
70.6125
20
-57.5034
10
70.3632
20
-57.5252
10
70.1328
20
-57.6230
10
69.9439
20
-57.7872
0
LWPOLYLINE
8
COPPER
90
24
70
1
10
75.4197
20
-50.4319
10
75.3165
20
-50.6600
10
75.2889
20
-50.9088
10
75.3395
20
-51.1539
10
75.4634
20
-51.3714
10
75.6484
20
-51.5399
10
75.7685
20
-51.6189
10
75.9966
20
-51.7220
10
76.2454
20
-51.7497
10
76.4905
20
-51.6990
10
76.7080
20
-51.5752
10
76.8765
20
-51.3901
10
77.6365
20
-50.2347
10
77.7396
20
-50.0066
10
77.7672
20
-49.7579
10
77.7166
20
-49.5127
10
77.5927
20
-49.2952
10
77.4077
20
-49.1267
10
77.2876
20
-49.0477
10
77.0595
20
-48.9446
10
76.8108
20
-48.9170
10
76.5657
20
-48.9676
10
76.3482
20
-49.0915
10
76.1796
20
-49.2765
0
LWPOLYLINE
8
COPPER
90
24
70
1
10
80.7645
20
-41.3352
10
80.6885
20
-41.5737
10
80.6900
20
-41.8240
10
80.7687
20
-42.0616
10
80.9170
20
-42.2632
10
81.1204
20
-42.4092
10
81.2488
20
-42.4737
10
81.4873
20
-42.5497
10
81.7376
20
-42.5482
10
81.9752
20
-42.4695
10
82.1768
20
-42.3212
10
82.3228
20
-42.1178
10
82.9434
20
-40.8820
10
83.0194
20
-40.6435
10
83.0179
20
-40.3932
10
82.9392
20
-40.1556
10
82.7909
20
-39.9540
10
82.5876
20
-39.8080
10
82.4591
20
-39.7435
10
82.2206
20
-39.6676
10
81.9703
20
-39.6690
10
81.7327
20
-39.7477
10
81.5311
20
-39.8960
10
81.3852
20
-40.0994
0
LWPOLYLINE
8
COPPER
90
24
70
1
10
85.0171
20
-31.6796
10
84.9694
20
-31.9253
10
84.9999
20
-32.1737
10
85.1056
20
-32.4005
10
85.2763
20
-32.5836
10
85.4953
20
-32.7049
10
85.6303
20
-32.7541
10
85.8760
20
-32.8018
10
86.1245
20
-32.7713
10
86.3513
20
-32.6656
10
86.5344
20
-32.4949
10
86.6557
20
-32.2760
10
87.1287
20
-30.9764
10
87.1765
20
-30.7307
10
87.1460
20
-30.4823
10
87.0402
20
-30.2554
10
86.8695
20
-30.0724
10
86.6506
20
-29.9510
10
86.5155
20
-29.9019
10
86.2698
20
-29.8541
10
86.0214
20
-29.8846
10
85.7945
20
-29.9904
10
85.6115
20
-30.1611
10
85.4901
20
-30.3800
0
LWPOLYLINE
8
COPPER
90
24
70
1
10
88.1200
20
-21.5955
10
88.1011
20
-21.8450
10
88.1603
20
-22.0883
10
88.2917
20
-22.3013
10
88.4825
20
-22.4633
10
88.7140
20
-22.5584
10
88.8538
20
-22.5915
10
89.1034
20
-22.6105
10
89.3466
20
-22.5513
10
89.5597
20
-22.4199
10
89.7217
20
-22.2291
10
89.8168
20
-21.9976
10
90.1357
20
-20.6519
10
90.1546
20
-20.4023
10
90.0955
20
-20.1591
10
89.9641
20
-19.9461
10
89.7733
20
-19.7841
10
89.5418
20
-19.6890
10
89.4019
20
-19.6558
10
89.1523
20
-19.6369
10
88.9091
20
-19.6961
10
88.6961
20
-19.8275
10
88.5341
20
-20.0183
10
88.4390
20
-20.2498
0
LWPOLYLINE
8
COPPER
90
24
70
1
10
90.0313
20
-11.2193
10
90.0415
20
-11.4694
10
90.1284
20
-11.7041
10
90.2837
20
-11.9005
10
90.4920
20
-12.0392
10
90.7330
20
-12.1068
10
90.8758
20
-12.1235
10
91.1259
20
-12.1133
10
91.3606
20
-12.0263
10
91.5569
20
-11.8711
10
91.6956
20
-11.6628
10
91.7632
20
-11.4218
10
91.9238
20
-10.0482
10
91.9136
20
-9.7981
10
91.8266
20
-9.5634
10
91.6714
20
-9.3670
10
91.4631
20
-9.2283
10
91.2221
20
-9.1607
10
91.0793
20
-9.1440
10
90.8292
20
-9.1542
10
90.5945
20
-9.2412
10
90.3982
20
-9.3964
10
90.2594
20
-9.6047
10
90.1918
20
-9.8457
0
LWPOLYLINE
8
COPPER
90
24
70
1
10
92.9188
20
-0.6915
10
92.9579
20
-0.9387
10
93.0715
20
-1.1617
10
93.2485
20
-1.3387
10
93.4715
20
-1.4523
10
93.7188
20
-1.4915
10
93.8625
20
-1.4915
10
94.1097
20
-1.4523
10
94.3327
20
-1.3387
10
94.5097
20
-1.1617
10
94.6233
20
-0.9387
10
94.6625
20
-0.6915
10
94.6625
20
0.6915
10
94.6233
20
0.9387
10
94.5097
20
1.1617
10
94.3327
20
1.3387
10
94.1097
20
1.4523
10
93.8625
20
1.4915
10
93.7188
20
1.4915
10
93.4715
20
1.4523
10
93.2485
20
1.3387
10
93.0715
20
1.1617
10
92.9579
20
0.9387
10
92.9188
20
0.6915
0
LWPOLYLINE
8
COPPER
90
24
70
1
10
92.3707
20
10.1004
10
92.4383
20
9.8594
10
92.5771
20
9.6511
10
92.7734
20
9.4959
10
93.0081
20
9.4089
10
93.2582
20
9.3987
10
93.4010
20
9.4154
10
93.6420
20
9.4830
10
93.8503
20
9.6217
10
94.0055
20
9.8181
10
94.0925
20
10.0528
10
94.1027
20
10.3028
10
93.9422
20
11.6764
10
93.8746
20
11.9174
10
93.7358
20
12.1258
10
93.5395
20
12.2810
10
93.3048
20
12.3680
10
93.0547
20
12.3782
10
92.9119
20
12.3615
10
92.6709
20
12.2939
10
92.4626
20
12.1551
10
92.3074
20
11.9588
10
92.2204
20
11.7241
10
92.2102
20
11.4740
0
LWPOLYLINE
8
COPPER
90
24
70
1
10
90.5736
20
20.7557
10
90.6687
20
20.5242
10
90.8307
20
20.3334
10
91.0437
20
20.2020
10
91.2869
20
20.1428
10
91.5365
20
20.1618
10
91.6764
20
20.1949
10
91.9079
20
20.2900
10
92.0987
20
20.4520
10
92.2301
20
20.6650
10
92.2892
20
20.9083
10
92.2703
20
21.1578
10
91.9514
20
22.5035
10
91.8563
20
22.7350
10
91.6943
20
22.9258
10
91.4813
20
23.0572
10
91.2380
20
23.1164
10
90.9885
20
23.0975
10
90.8486
20
23.0643
10
90.6171
20
22.9692
10
90.4263
20
22.8072
10
90.2949
20
22.5942
10
90.2357
20
22.3510
10
90.2546
20
22.1014
0
LWPOLYLINE
8
COPPER
90
24
70
1
10
87.5516
20
31.1303
10
87.6729
20
30.9114
10
87.8560
20
30.7407
10
88.0828
20
30.6349
10
88.3312
20
30.6044
10
88.5769
20
30.6522
10
88.7120
20
30.7013
10
88.9309
20
30.8227
10
89.1016
20
31.0057
10
89.2074
20
31.2326
10
89.2379
20
31.4810
10
89.1902
20
31.7267
10
88.7172
20
33.0263
10
88.5958
20
33.2452
10
88.4128
20
33.4159
10
88.1859
20
33.5217
10
87.9375
20
33.5522
10
87.6918
20
33.5044
10
87.5567
20
33.4552
10
87.3378
20
33.3339
10
87.1671
20
33.1508
10
87.0613
20
32.9240
10
87.0308
20
32.6756
10
87.0786
20
32.4299
0
LWPOLYLINE
8
COPPER
90
24
70
1
10
83.3456
20
41.0839
10
83.4915
20
40.8806
10
83.6931
20
40.7323
10
83.9307
20
40.6536
10
84.1810
20
40.6521
10
84.4195
20
40.7281
10
84.5480
20
40.7926
10
84.7513
20
40.9385
10
84.8996
20
41.1402
10
84.9783
20
41.3777
10
84.9798
20
41.6280
10
84.9038
20
41.8665
10
84.2832
20
43.1024
10
84.1372
20
43.3057
10
83.9356
20
43.4540
10
83.6980
20
43.5327
10
83.4477
20
43.5342
10
83.2092
20
43.4582
10
83.0808
20
43.3937
10
82.8774
20
43.2478
10
82.7291
20
43.0462
10
82.6504
20
42.8086
10
82.6489
20
42.5583
10
82.7249
20
42.3198
0
LWPOLYLINE
8
COPPER
90
24
70
1
10
78.0125
20
50.4820
10
78.1810
20
50.2969
10
78.3985
20
50.1731
10
78.6436
20
50.1224
10
78.8924
20
50.1501
10
79.1205
20
50.2532
10
79.2406
20
50.3322
10
79.4256
20
50.5007
10
79.5495
20
50.7182
10
79.6001
20
50.9633
10
79.5725
20
51.2121
10
79.4693
20
51.4402
10
78.7094
20
52.5956
10
78.5408
20
52.7806
10
78.3233
20
52.9045
10
78.0782
20
52.9551
10
77.8295
20
52.9275
10
77.6014
20
52.8244
10
77.4813
20
52.7454
10
77.2963
20
52.5768
10
77.1724
20
52.3594
10
77.1218
20
52.1142
10
77.1494
20
51.8655
10
77.2525
20
51.6374
0
LWPOLYLINE
8
COPPER
90
24
70
1
10
71.6244
20
59.1973
10
71.8133
20
59.0331
10
72.0437
20
58.9353
10
72.2930
20
58.9135
10
72.5369
20
58.9698
10
72.7514
20
59.0987
10
72.8616
20
59.1911
10
73.0258
20
59.3800
10
73.1236
20
59.6104
10
73.1454
20
59.8598
10
73.0891
20
60.1036
10
72.9602
20
60.3182
10
72.0712
20
61.3776
10
71.8823
20
61.5418
10
71.6519
20
61.6396
10
71.4026
20
61.6614
10
71.1587
20
61.6051
10
70.9441
20
61.4762
10
70.8340
20
61.3838
10
70.6698
20
61.1949
10
70.5720
20
60.9645
10
70.5502
20
60.7151
10
70.6065
20
60.4713
10
70.7354
20
60.2567
0
LWPOLYLINE
8
COPPER
90
24
70
1
10
64.2677
20
67.1121
10
64.4744
20
66.9710
10
64.7146
20
66.9006
10
64.9647
20
66.9079
10
65.2004
20
66.9921
10
65.3986
20
67.1450
10
65.4972
20
67.2496
10
65.6384
20
67.4563
10
65.7088
20
67.6965
10
65.7015
20
67.9467
10
65.6173
20
68.1824
10
65.4643
20
68.3805
10
64.4584
20
69.3295
10
64.2517
20
69.4707
10
64.0115
20
69.5411
10
63.7613
20
69.5338
10
63.5256
20
69.4496
10
63.3275
20
69.2966
10
63.2288
20
69.1921
10
63.0877
20
68.9854
10
63.0173
20
68.7452
10
63.0246
20
68.4950
10
63.1088
20
68.2593
10
63.2618
20
68.0612
0
LWPOLYLINE
8
COPPER
90
24
70
1
10
56.0419
20
74.1194
10
56.2636
20
74.0031
10
56.5103
20
73.9611
10
56.7580
20
73.9974
10
56.9823
20
74.1084
10
57.1613
20
74.2833
10
57.2471
20
74.3986
10
57.3634
20
74.6203
10
57.4054
20
74.8671
10
57.3691
20
75.1147
10
57.2581
20
75.3390
10
57.0832
20
75.5181
10
55.9739
20
76.3439
10
55.7522
20
76.4601
10
55.5055
20
76.5022
10
55.2578
20
76.4659
10
55.0335
20
76.3549
10
54.8544
20
76.1799
10
54.7686
20
76.0646
10
54.6524
20
75.8430
10
54.6104
20
75.5962
10
54.6466
20
75.3486
10
54.7577
20
75.1242
10
54.9326
20
74.9452
0
LWPOLYLINE
8
COPPER
90
24
70
1
10
47.0582
20
80.1243
10
47.2919
20
80.0346
10
47.5418
20
80.0215
10
47.7836
20
80.0862
10
47.9935
20
80.2226
10
48.1510
20
80.4171
10
48.2229
20
80.5416
10
48.3126
20
80.7752
10
48.3257
20
81.0252
10
48.2609
20
81.2670
10
48.1246
20
81.4769
10
47.9301
20
81.6344
10
46.7324
20
82.3259
10
46.4987
20
82.4156
10
46.2488
20
82.4287
10
46.0070
20
82.3639
10
45.7971
20
82.2276
10
45.6396
20
82.0330
10
45.5677
20
81.9086
10
45.4780
20
81.6749
10
45.4649
20
81.4249
10
45.5297
20
81.1832
10
45.6660
20
80.9733
10
45.8605
20
80.8157
0
LWPOLYLINE
8
COPPER
90
24
70
1
10
37.4382
20
85.0456
10
37.6807
20
84.9836
10
37.9304
20
84.9997
10
38.1631
20
85.0921
10
38.3557
20
85.2518
10
38.4896
20
85.4633
10
38.5465
20
85.5953
10
38.6085
20
85.8378
10
38.5925
20
86.0876
10
38.5001
20
86.3202
10
38.3403
20
86.5129
10
38.1288
20
86.6468
10
36.8590
20
87.1945
10
36.6165
20
87.2565
10
36.3667
20
87.2405
10
36.1341
20
87.1481
10
35.9414
20
86.9883
10
35.8075
20
86.7768
10
35.7506
20
86.6448
10
35.6886
20
86.4023
10
35.7046
20
86.1525
10
35.7971
20
85.9199
10
35.9568
20
85.7272
10
36.1683
20
85.5934
0
LWPOLYLINE
8
COPPER
90
24
70
1
10
27.3118
20
88.8169
10
27.5599
20
88.7835
10
27.8061
20
88.8284
10
28.0264
20
88.9472
10
28.1992
20
89.1282
10
28.3077
20
89.3538
10
28.3489
20
89.4915
10
28.3823
20
89.7396
10
28.3374
20
89.9858
10
28.2186
20
90.2061
10
28.0375
20
90.3790
10
27.8119
20
90.4874
10
26.4871
20
90.8840
10
26.2390
20
90.9174
10
25.9928
20
90.8725
10
25.7725
20
90.7537
10
25.5997
20
90.5726
10
25.4912
20
90.3471
10
25.4500
20
90.2093
10
25.4166
20
89.9613
10
25.4615
20
89.7150
10
25.5803
20
89.4947
10
25.7614
20
89.3219
10
25.9870
20
89.2135
0
LWPOLYLINE
8
COPPER
90
24
70
1
10
16.8161
20
91.3870
10
17.0664
20
91.3827
10
17.3058
20
91.4558
10
17.5108
20
91.5994
10
17.6614
20
91.7993
10
17.7429
20
92.0360
10
17.7679
20
92.1775
10
17.7722
20
92.4278
10
17.6991
20
92.6671
10
17.5555
20
92.8722
10
17.3556
20
93.0228
10
17.1189
20
93.1043
10
15.7570
20
93.3444
10
15.5067
20
93.3488
10
15.2674
20
93.2756
10
15.0624
20
93.1321
10
14.9117
20
92.9322
10
14.8302
20
92.6955
10
14.8053
20
92.5539
10
14.8009
20
92.3037
10
14.8741
20
92.0643
10
15.0176
20
91.8593
10
15.2175
20
91.7087
10
15.4542
20
91.6272
0
LWPOLYLINE
8
COPPER
90
24
70
1
10
6.0931
20
92.7213
10
6.3421
20
92.7461
10
6.5714
20
92.8465
10
6.7583
20
93.0129
10
6.8848
20
93.2290
10
6.9382
20
93.4735
10
6.9466
20
93.6170
10
6.9219
20
93.8661
10
6.8214
20
94.0953
10
6.6550
20
94.2823
10
6.4390
20
94.4087
10
6.1944
20
94.4621
10
4.8138
20
94.5426
10
4.5648
20
94.5178
10
4.3355
20
94.4174
10
4.1485
20
94.2510
10
4.0221
20
94.0349
10
3.9687
20
93.7904
10
3.9603
20
93.6469
10
3.9850
20
93.3978
10
4.0855
20
93.1686
10
4.2519
20
92.9816
10
4.4679
20
92.8552
10
4.7124
20
92.8018
0
LWPOLYLINE
8
COPPER
90
24
70
1
10
-4.7124
20
92.8018
10
-4.4679
20
92.8552
10
-4.2519
20
92.9816
10
-4.0855
20
93.1686
10
-3.9850
20
93.3978
10
-3.9603
20
93.6469
10
-3.9687
20
93.7904
10
-4.0221
20
94.0349
10
-4.1485
20
94.2510
10
-4.3355
20
94.4174
10
-4.5648
20
94.5178
10
-4.8138
20
94.5426
10
-6.1944
20
94.4621
10
-6.4390
20
94.4087
10
-6.6550
20
94.2823
10
-6.8214
20
94.0953
10
-6.9219
20
93.8661
10
-6.9466
20
93.6170
10
-6.9382
20
93.4735
10
-6.8848
20
93.2290
10
-6.7583
20
93.0129
10
-6.5714
20
92.8465
10
-6.3421
20
92.7461
10
-6.0931
20
92.7213
0
LWPOLYLINE
8
COPPER
90
24
70
1
10
-15.4542
20
91.6272
10
-15.2175
20
91.7087
10
-15.0176
20
91.8593
10
-14.8741
20
92.0643
10
-14.8009
20
92.3037
10
-14.8053
20
92.5539
10
-14.8302
20
92.6955
10
-14.9117
20
92.9322
10
-15.0624
20
93.1321
10
-15.2674
20
93.2756
10
-15.5067
20
93.3488
10
-15.7570
20
93.3444
10
-17.1189
20
93.1043
10
-17.3556
20
93.0228
10
-17.5555
20
92.8722
10
-17.6991
20
92.6671
10
-17.7722
20
92.4278
10
-17.7679
20
92.1775
10
-17.7429
20
92.0360
10
-17.6614
20
91.7993
10
-17.5108
20
91.5994
10
-17.3058
20
91.4558
10
-17.0664
20
91.3827
10
-16.8161
20
91.3870
0
LWPOLYLINE
8
COPPER
90
24
70
1
10
-25.9870
20
89.2135
10
-25.7614
20
89.3219
10
-25.5803
20
89.4947
10
-25.4615
20
89.7150
10
-25.4166
20
89.9613
10
-25.4500
20
90.2093
10
-25.4912
20
90.3471
10
-25.5997
20
90.5726
10
-25.7725
20
90.7537
10
-25.9928
20
90.8725
10
-26.2390
20
90.9174
10
-26.4871
20
90.8840
10
-27.8119
20
90.4874
10
-28.0375
20
90.3790
10
-28.2186
20
90.2061
10
-28.3374
20
89.9858
10
-28.3823
20
89.7396
10
-28.3489
20
89.4915
10
-28.3077
20
89.3538
10
-28.1992
20
89.1282
10
-28.0264
20
88.9472
10
-27.8061
20
88.8284
10
-27.5599
20
88.7835
10
-27.3118
20
88.8169
0
LWPOLYLINE
8
COPPER
90
24
70
1
10
-36.1683
20
85.5934
10
-35.9568
20
85.7272
10
-35.7971
20
85.9199
10
-35.7046
20
86.1525
10
-35.6886
20
86.4023
10
-35.7506
20
86.6448
10
-35.8075
20
86.7768
10
-35.9414
20
86.9883
10
-36.1341
20
87.1481
10
-36.3667
20
87.2405
10
-36.6165
20
87.2565
10
-36.8590
20
87.1945
10
-38.1288
20
86.6468
10
-38.3403
20
86.5129
10
-38.5001
20
86.3202
10
-38.5925
20
86.0876
10
-38.6085
20
85.8378
10
-38.5465
20
85.5953
10
-38.4896
20
85.4633
10
-38.3557
20
85.2518
10
-38.1631
20
85.0921
10
-37.9304
20
84.9997
10
-37.6807
20
84.9836
10
-37.4382
20
85.0456
0
LWPOLYLINE
8
COPPER
90
24
70
1
10
-45.8605
20
80.8157
10
-45.6660
20
80.9733
10
-45.5297
20
81.1832
10
-45.4649
20
81.4249
10
-45.4780
20
81.6749
10
-45.5677
20
81.9086
10
-45.6396
20
82.0330
10
-45.7971
20
82.2276
10
-46.0070
20
82.3639
10
-46.2488
20
82.4287
10
-46.4987
20
82.4156
10
-46.7324
20
82.3259
10
-47.9301
20
81.6344
10
-48.1246
20
81.4769
10
-48.2609
20
81.2670
10
-48.3257
20
81.0252
10
-48.3126
20
80.7752
10
-48.2229
20
80.5416
10
-48.1510
20
80.4171
10
-47.9935
20
80.2226
10
-47.7836
20
80.0862
10
-47.5418
20
80.0215
10
-47.2919
20
80.0346
10
-47.0582
20
80.1243
0
LWPOLYLINE
8
COPPER
90
24
70
1
10
-54.9326
20
74.9452
10
-54.7577
20
75.1242
10
-54.6466
20
75.3486
10
-54.6104
20
75.5962
10
-54.6524
20
75.8430
10
-54.7686
20
76.0646
10
-54.8544
20
76.1799
10
-55.0335
20
76.3549
10
-55.2578
20
76.4659
10
-55.5055
20
76.5022
10
-55.7522
20
76.4601
10
-55.9739
20
76.3439
10
-57.0832
20
75.5181
10
-57.2581
20
75.3390
10
-57.3691
20
75.1147
10
-57.4054
20
74.8671
10
-57.3634
20
74.6203
10
-57.2471
20
74.3986
10
-57.1613
20
74.2833
10
-56.9823
20
74.1084
10
-56.7580
20
73.9974
10
-56.5103
20
73.9611
10
-56.2636
20
74.0031
10
-56.0419
20
74.1194
0
LWPOLYLINE
8
COPPER
90
24
70
1
10
-63.2618
20
68.0612
10
-63.1088
20
68.2593
10
-63.0246
20
68.4950
10
-63.0173
20
68.7452
10
-63.0877
20
68.9854
10
-63.2288
20
69.1921
10
-63.3275
20
69.2966
10
-63.5256
20
69.4496
10
-63.7613
20
69.5338
10
-64.0115
20
69.5411
10
-64.2517
20
69.4707
10
-64.4584
20
69.3295
10
-65.4643
20
68.3805
10
-65.6173
20
68.1824
10
-65.7015
20
67.9467
10
-65.7088
20
67.6965
10
-65.6384
20
67.4563
10
-65.4972
20
67.2496
10
-65.3986
20
67.1450
10
-65.2004
20
66.9921
10
-64.9647
20
66.9079
10
-64.7146
20
66.9006
10
-64.4744
20
66.9710
10
-64.2677
20
67.1121
0
LWPOLYLINE
8
COPPER
90
24
70
1
10
-70.7354
20
60.2567
10
-70.6065
20
60.4713
10
-70.5502
20
60.7151
10
-70.5720
20
60.9645
10
-70.6698
20
61.1949
10
-70.8340
20
61.3838
10
-70.9441
20
61.4762
10
-71.1587
20
61.6051
10
-71.4026
20
61.6614
10
-71.6519
20
61.6396
10
-71.8823
20
61.5418
10
-72.0712
20
61.3776
10
-72.9602
20
60.3182
10
-73.0891
20
60.1036
10
-73.1454
20
59.8598
10
-73.1236
20
59.6104
10
-73.0258
20
59.3800
10
-72.8616
20
59.1911
10
-72.7514
20
59.0987
10
-72.5369
20
58.9698
10
-72.2930
20
58.9135
10
-72.0437
20
58.9353
10
-71.8133
20
59.0331
10
-71.6244
20
59.1973
0
LWPOLYLINE
8
COPPER
90
24
70
1
10
-77.2525
20
51.6374
10
-77.1494
20
51.8655
10
-77.1218
20
52.1142
10
-77.1724
20
52.3594
10
-77.2963
20
52.5768
10
-77.4813
20
52.7454
10
-77.6014
20
52.8244
10
-77.8295
20
52.9275
10
-78.0782
20
52.9551
10
-78.3233
20
52.9045
10
-78.5408
20
52.7806
10
-78.7094
20
52.5956
10
-79.4693
20
51.4402
10
-79.5725
20
51.2121
10
-79.6001
20
50.9633
10
-79.5495
20
50.7182
10
-79.4256
20
50.5007
10
-79.2406
20
50.3322
10
-79.1205
20
50.2532
10
-78.8924
20
50.1501
10
-78.6436
20
50.1224
10
-78.3985
20
50.1731
10
-78.1810
20
50.2969
10
-78.0125
20
50.4820
0
LWPOLYLINE
8
COPPER
90
24
70
1
10
-82.7249
20
42.3198
10
-82.6489
20
42.5583
10
-82.6504
20
42.8086
10
-82.7291
20
43.0462
10
-82.8774
20
43.2478
10
-83.0808
20
43.3937
10
-83.2092
20
43.4582
10
-83.4477
20
43.5342
10
-83.6980
20
43.5327
10
-83.9356
20
43.4540
10
-84.1372
20
43.3057
10
-84.2832
20
43.1024
10
-84.9038
20
41.8665
10
-84.9798
20
41.6280
10
-84.9783
20
41.3777
10
-84.8996
20
41.1402
10
-84.7513
20
40.9385
10
-84.5480
20
40.7926
10
-84.4195
20
40.7281
10
-84.1810
20
40.6521
10
-83.9307
20
40.6536
10
-83.6931
20
40.7323
10
-83.4915
20
40.8806
10
-83.3456
20
41.0839
0
LWPOLYLINE
8
COPPER
90
24
70
1
10
-87.0786
20
32.4299
10
-87.0308
20
32.6756
10
-87.0613
20
32.9240
10
-87.1671
20
33.1508
10
-87.3378
20
33.3339
10
-87.5567
20
33.4552
10
-87.6918
20
33.5044
10
-87.9375
20
33.5522
10
-88.1859
20
33.5217
10
-88.4128
20
33.4159
10
-88.5958
20
33.2452
10
-88.7172
20
33.0263
10
-89.1902
20
31.7267
10
-89.2379
20
31.4810
10
-89.2074
20
31.2326
10
-89.1016
20
31.0057
10
-88.9309
20
30.8227
10
-88.7120
20
30.7013
10
-88.5769
20
30.6522
10
-88.3312
20
30.6044
10
-88.0828
20
30.6349
10
-87.8560
20
30.7407
10
-87.6729
20
30.9114
10
-87.5516
20
31.1303
0
LWPOLYLINE
8
COPPER
90
24
70
1
10
-90.2546
20
22.1014
10
-90.2357
20
22.3510
10
-90.2949
20
22.5942
10
-90.4263
20
22.8072
10
-90.6171
20
22.9692
10
-90.8486
20
23.0643
10
-90.9885
20
23.0975
10
-91.2380
20
23.1164
10
-91.4813
20
23.0572
10
-91.6943
20
22.9258
10
-91.8563
20
22.7350
10
-91.9514
20
22.5035
10
-92.2703
20
21.1578
10
-92.2892
20
20.9083
10
-92.2301
20
20.6650
10
-92.0987
20
20.4520
10
-91.9079
20
20.2900
10
-91.6764
20
20.1949
10
-91.5365
20
20.1618
10
-91.2869
20
20.1428
10
-91.0437
20
20.2020
10
-90.8307
20
20.3334
10
-90.6687
20
20.5242
10
-90.5736
20
20.7557
0
LWPOLYLINE
8
COPPER
90
24
70
1
10
-92.2102
20
11.4740
10
-92.2204
20
11.7241
10
-92.3074
20
11.9588
10
-92.4626
20
12.1551
10
-92.6709
20
12.2939
10
-92.9119
20
12.3615
10
-93.0547
20
12.3782
10
-93.3048
20
12.3680
10
-93.5395
20
12.2810
10
-93.7358
20
12.1258
10
-93.8746
20
11.9174
10
-93.9422
20
11.6764
10
-94.1027
20
10.3028
10
-94.0925
20
10.0528
10
-94.0055
20
9.8181
10
-93.8503
20
9.6217
10
-93.6420
20
9.4830
10
-93.4010
20
9.4154
10
-93.2582
20
9.3987
10
-93.0081
20
9.4089
10
-92.7734
20
9.4959
10
-92.5771
20
9.6511
10
-92.4383
20
9.8594
10
-92.3707
20
10.1004
0
LWPOLYLINE
8
COPPER
90
24
70
1
10
-92.9188
20
0.6915
10
-92.9579
20
0.9387
10
-93.0715
20
1.1617
10
-93.2485
20
1.3387
10
-93.4715
20
1.4523
10
-93.7188
20
1.4915
10
-93.8625
20
1.4915
10
-94.1097
20
1.4523
10
-94.3327
20
1.3387
10
-94.5097
20
1.1617
10
-94.6233
20
0.9387
10
-94.6625
20
0.6915
10
-94.6625
20
-0.6915
10
-94.6233
20
-0.9387
10
-94.5097
20
-1.1617
10
-94.3327
20
-1.3387
10
-94.1097
20
-1.4523
10
-93.8625
20
-1.4915
10
-93.7188
20
-1.4915
10
-93.4715
20
-1.4523
10
-93.2485
20
-1.3387
10
-93.0715
20
-1.1617
10
-92.9579
20
-0.9387
10
-92.9188
20
-0.6915
0
LWPOLYLINE
8
COPPER
90
24
70
1
10
-92.3707
20
-10.1004
10
-92.4383
20
-9.8594
10
-92.5771
20
-9.6511
10
-92.7734
20
-9.4959
10
-93.0081
20
-9.4089
10
-93.2582
20
-9.3987
10
-93.4010
20
-9.4154
10
-93.6420
20
-9.4830
10
-93.8503
20
-9.6217
10
-94.0055
20
-9.8181
10
-94.0925
20
-10.0528
10
-94.1027
20
-10.3028
10
-93.9422
20
-11.6764
10
-93.8746
20
-11.9174
10
-93.7358
20
-12.1258
10
-93.5395
20
-12.2810
10
-93.3048
20
-12.3680
10
-93.0547
20
-12.3782
10
-92.9119
20
-12.3615
10
-92.6709
20
-12.2939
10
-92.4626
20
-12.1551
10
-92.3074
20
-11.9588
10
-92.2204
20
-11.7241
10
-92.2102
20
-11.4740
0
LWPOLYLINE
8
COPPER
90
24
70
1
10
-90.5736
20
-20.7557
10
-90.6687
20
-20.5242
10
-90.8307
20
-20.3334
10
-91.0437
20
-20.2020
10
-91.2869
20
-20.1428
10
-91.5365
20
-20.1618
10
-91.6764
20
-20.1949
10
-91.9079
20
-20.2900
10
-92.0987
20
-20.4520
10
-92.2301
20
-20.6650
10
-92.2892
20
-20.9083
10
-92.2703
20
-21.1578
10
-91.9514
20
-22.5035
10
-91.8563
20
-22.7350
10
-91.6943
20
-22.9258
10
-91.4813
20
-23.0572
10
-91.2380
20
-23.1164
10
-90.9885
20
-23.0975
10
-90.8486
20
-23.0643
10
-90.6171
20
-22.9692
10
-90.4263
20
-22.8072
10
-90.2949
20
-22.5942
10
-90.2357
20
-22.3510
10
-90.2546
20
-22.1014
0
LWPOLYLINE
8
COPPER
90
24
70
1
10
-87.5516
20
-31.1303
10
-87.6729
20
-30.9114
10
-87.8560
20
-30.7407
10
-88.0828
20
-30.6349
10
-88.3312
20
-30.6044
10
-88.5769
20
-30.6522
10
-88.7120
20
-30.7013
10
-88.9309
20
-30.8227
10
-89.1016
20
-31.0057
10
-89.2074
20
-31.2326
10
-89.2379
20
-31.4810
10
-89.1902
20
-31.7267
10
-88.7172
20
-33.0263
10
-88.5958
20
-33.2452
10
-88.4128
20
-33.4159
10
-88.1859
20
-33.5217
10
-87.9375
20
-33.5522
10
-87.6918
20
-33.5044
10
-87.5567
20
-33.4552
10
-87.3378
20
-33.3339
10
-87.1671
20
-33.1508
10
-87.0613
20
-32.9240
10
-87.0308
20
-32.6756
10
-87.0786
20
-32.4299
0
LWPOLYLINE
8
COPPER
90
24
70
1
10
-83.3456
20
-41.0839
10
-83.4915
20
-40.8806
10
-83.6931
20
-40.7323
10
-83.9307
20
-40.6536
10
-84.1810
20
-40.6521
10
-84.4195
20
-40.7281
10
-84.5480
20
-40.7926
10
-84.7513
20
-40.9385
10
-84.8996
20
-41.1402
10
-84.9783
20
-41.3777
10
-84.9798
20
-41.6280
10
-84.9038
20
-41.8665
10
-84.2832
20
-43.1024
10
-84.1372
20
-43.3057
10
-83.9356
20
-43.4540
10
-83.6980
20
-43.5327
10
-83.4477
20
-43.5342
10
-83.2092
20
-43.4582
10
-83.0808
20
-43.3937
10
-82.8774
20
-43.2478
10
-82.7291
20
-43.0462
10
-82.6504
20
-42.8086
10
-82.6489
20
-42.5583
10
-82.7249
20
-42.3198
0
LWPOLYLINE
8
COPPER
90
24
70
1
10
-78.0125
20
-50.4820
10
-78.1810
20
-50.2969
10
-78.3985
20
-50.1731
10
-78.6436
20
-50.1224
10
-78.8924
20
-50.1501
10
-79.1205
20
-50.2532
10
-79.2406
20
-50.3322
10
-79.4256
20
-50.5007
10
-79.5495
20
-50.7182
10
-79.6001
20
-50.9633
10
-79.5725
20
-51.2121
10
-79.4693
20
-51.4402
10
-78.7094
20
-52.5956
10
-78.5408
20
-52.7806
10
-78.3233
20
-52.9045
10
-78.0782
20
-52.9551
10
-77.8295
20
-52.9275
10
-77.6014
20
-52.8244
10
-77.4813
20
-52.7454
10
-77.2963
20
-52.5768
10
-77.1724
20
-52.3594
10
-77.1218
20
-52.1142
10
-77.1494
20
-51.8655
10
-77.2525
20
-51.6374
0
LWPOLYLINE
8
COPPER
90
24
70
1
10
-71.6244
20
-59.1973
10
-71.8133
20
-59.0331
10
-72.0437
20
-58.9353
10
-72.2930
20
-58.9135
10
-72.5369
20
-58.9698
10
-72.7514
20
-59.0987
10
-72.8616
20
-59.1911
10
-73.0258
20
-59.3800
10
-73.1236
20
-59.6104
10
-73.1454
20
-59.8598
10
-73.0891
20
-60.1036
10
-72.9602
20
-60.3182
10
-72.0712
20
-61.3776
10
-71.8823
20
-61.5418
10
-71.6519
20
-61.6396
10
-71.4026
20
-61.6614
10
-71.1587
20
-61.6051
10
-70.9441
20
-61.4762
10
-70.8340
20
-61.3838
10
-70.6698
20
-61.1949
10
-70.5720
20
-60.9645
10
-70.5502
20
-60.7151
10
-70.6065
20
-60.4713
10
-70.7354
20
-60.2567
0
LWPOLYLINE
8
COPPER
90
24
70
1
10
-64.2677
20
-67.1121
10
-64.4744
20
-66.9710
10
-64.7146
20
-66.9006
10
-64.9647
20
-66.9079
10
-65.2004
20
-66.9921
10
-65.3986
20
-67.1450
10
-65.4972
20
-67.2496
10
-65.6384
20
-67.4563
10
-65.7088
20
-67.6965
10
-65.7015
20
-67.9467
10
-65.6173
20
-68.1824
10
-65.4643
20
-68.3805
10
-64.4584
20
-69.3295
10
-64.2517
20
-69.4707
10
-64.0115
20
-69.5411
10
-63.7613
20
-69.5338
10
-63.5256
20
-69.4496
10
-63.3275
20
-69.2966
10
-63.2288
20
-69.1921
10
-63.0877
20
-68.9854
10
-63.0173
20
-68.7452
10
-63.0246
20
-68.4950
10
-63.1088
20
-68.2593
10
-63.2618
20
-68.0612
0
LWPOLYLINE
8
COPPER
90
24
70
1
10
-56.0419
20
-74.1194
10
-56.2636
20
-74.0031
10
-56.5103
20
-73.9611
10
-56.7580
20
-73.9974
10
-56.9823
20
-74.1084
10
-57.1613
20
-74.2833
10
-57.2471
20
-74.3986
10
-57.3634
20
-74.6203
10
-57.4054
20
-74.8671
10
-57.3691
20
-75.1147
10
-57.2581
20
-75.3390
10
-57.0832
20
-75.5181
10
-55.9739
20
-76.3439
10
-55.7522
20
-76.4601
10
-55.5055
20
-76.5022
10
-55.2578
20
-76.4659
10
-55.0335
20
-76.3549
10
-54.8544
20
-76.1799
10
-54.7686
20
-76.0646
10
-54.6524
20
-75.8430
10
-54.6104
20
-75.5962
10
-54.6466
20
-75.3486
10
-54.7577
20
-75.1242
10
-54.9326
20
-74.9452
0
LWPOLYLINE
8
COPPER
90
24
70
1
10
-47.0582
20
-80.1243
10
-47.2919
20
-80.0346
10
-47.5418
20
-80.0215
10
-47.7836
20
-80.0862
10
-47.9935
20
-80.2226
10
-48.1510
20
-80.4171
10
-48.2229
20
-80.5416
10
-48.3126
20
-80.7752
10
-48.3257
20
-81.0252
10
-48.2609
20
-81.2670
10
-48.1246
20
-81.4769
10
-47.9301
20
-81.6344
10
-46.7324
20
-82.3259
10
-46.4987
20
-82.4156
10
-46.2488
20
-82.4287
10
-46.0070
20
-82.3639
10
-45.7971
20
-82.2276
10
-45.6396
20
-82.0330
10
-45.5677
20
-81.9086
10
-45.4780
20
-81.6749
10
-45.4649
20
-81.4249
10
-45.5297
20
-81.1832
10
-45.6660
20
-80.9733
10
-45.8605
20
-80.8157
0
LWPOLYLINE
8
COPPER
90
24
70
1
10
-37.4382
20
-85.0456
10
-37.6807
20
-84.9836
10
-37.9304
20
-84.9997
10
-38.1631
20
-85.0921
10
-38.3557
20
-85.2518
10
-38.4896
20
-85.4633
10
-38.5465
20
-85.5953
10
-38.6085
20
-85.8378
10
-38.5925
20
-86.0876
10
-38.5001
20
-86.3202
10
-38.3403
20
-86.5129
10
-38.1288
20
-86.6468
10
-36.8590
20
-87.1945
10
-36.6165
20
-87.2565
10
-36.3667
20
-87.2405
10
-36.1341
20
-87.1481
10
-35.9414
20
-86.9883
10
-35.8075
20
-86.7768
10
-35.7506
20
-86.6448
10
-35.6886
20
-86.4023
10
-35.7046
20
-86.1525
10
-35.7971
20
-85.9199
10
-35.9568
20
-85.7272
10
-36.1683
20
-85.5934
0
LWPOLYLINE
8
COPPER
90
24
70
1
10
-27.3118
20
-88.8169
10
-27.5599
20
-88.7835
10
-27.8061
20
-88.8284
10
-28.0264
20
-88.9472
10
-28.1992
20
-89.1282
10
-28.3077
20
-89.3538
10
-28.3489
20
-89.4915
10
-28.3823
20
-89.7396
10
-28.3374
20
-89.9858
10
-28.2186
20
-90.2061
10
-28.0375
20
-90.3790
10
-27.8119
20
-90.4874
10
-26.4871
20
-90.8840
10
-26.2390
20
-90.9174
10
-25.9928
20
-90.8725
10
-25.7725
20
-90.7537
10
-25.5997
20
-90.5726
10
-25.4912
20
-90.3471
10
-25.4500
20
-90.2093
10
-25.4166
20
-89.9613
10
-25.4615
20
-89.7150
10
-25.5803
20
-89.4947
10
-25.7614
20
-89.3219
10
-25.9870
20
-89.2135
0
LWPOLYLINE
8
COPPER
90
24
70
1
10
-16.8161
20
-91.3870
10
-17.0664
20
-91.3827
10
-17.3058
20
-91.4558
10
-17.5108
20
-91.5994
10
-17.6614
20
-91.7993
10
-17.7429
20
-92.0360
10
-17.7679
20
-92.1775
10
-17.7722
20
-92.4278
10
-17.6991
20
-92.6671
10
-17.5555
20
-92.8722
10
-17.3556
20
-93.0228
10
-17.1189
20
-93.1043
10
-15.7570
20
-93.3444
10
-15.5067
20
-93.3488
10
-15.2674
20
-93.2756
10
-15.0624
20
-93.1321
10
-14.9117
20
-92.9322
10
-14.8302
20
-92.6955
10
-14.8053
20
-92.5539
10
-14.8009
20
-92.3037
10
-14.8741
20
-92.0643
10
-15.0176
20
-91.8593
10
-15.2175
20
-91.7087
10
-15.4542
20
-91.6272
0
LWPOLYLINE
8
COPPER
90
24
70
1
10
-6.0931
20
-92.7213
10
-6.3421
20
-92.7461
10
-6.5714
20
-92.8465
10
-6.7583
20
-93.0129
10
-6.8848
20
-93.2290
10
-6.9382
20
-93.4735
10
-6.9466
20
-93.6170
10
-6.9219
20
-93.8661
10
-6.8214
20
-94.0953
10
-6.6550
20
-94.2823
10
-6.4390
20
-94.4087
10
-6.1944
20
-94.4621
10
-4.8138
20
-94.5426
10
-4.5648
20
-94.5178
10
-4.3355
20
-94.4174
10
-4.1485
20
-94.2510
10
-4.0221
20
-94.0349
10
-3.9687
20
-93.7904
10
-3.9603
20
-93.6469
10
-3.9850
20
-93.3978
10
-4.0855
20
-93.1686
10
-4.2519
20
-92.9816
10
-4.4679
20
-92.8552
10
-4.7124
20
-92.8018
0
LWPOLYLINE
8
COPPER
90
24
70
1
10
4.7124
20
-92.8018
10
4.4679
20
-92.8552
10
4.2519
20
-92.9816
10
4.0855
20
-93.1686
10
3.9850
20
-93.3978
10
3.9603
20
-93.6469
10
3.9687
20
-93.7904
10
4.0221
20
-94.0349
10
4.1485
20
-94.2510
10
4.3355
20
-94.4174
10
4.5648
20
-94.5178
10
4.8138
20
-94.5426
10
6.1944
20
-94.4621
10
6.4390
20
-94.4087
10
6.6550
20
-94.2823
10
6.8214
20
-94.0953
10
6.9219
20
-93.8661
10
6.9466
20
-93.6170
10
6.9382
20
-93.4735
10
6.8848
20
-93.2290
10
6.7583
20
-93.0129
10
6.5714
20
-92.8465
10
6.3421
20
-92.7461
10
6.0931
20
-92.7213
0
LWPOLYLINE
8
COPPER
90
24
70
1
10
15.4542
20
-91.6272
10
15.2175
20
-91.7087
10
15.0176
20
-91.8593
10
14.8741
20
-92.0643
10
14.8009
20
-92.3037
10
14.8053
20
-92.5539
10
14.8302
20
-92.6955
10
14.9117
20
-92.9322
10
15.0624
20
-93.1321
10
15.2674
20
-93.2756
10
15.5067
20
-93.3488
10
15.7570
20
-93.3444
10
17.1189
20
-93.1043
10
17.3556
20
-93.0228
10
17.5555
20
-92.8722
10
17.6991
20
-92.6671
10
17.7722
20
-92.4278
10
17.7679
20
-92.1775
10
17.7429
20
-92.0360
10
17.6614
20
-91.7993
10
17.5108
20
-91.5994
10
17.3058
20
-91.4558
10
17.0664
20
-91.3827
10
16.8161
20
-91.3870
0
LWPOLYLINE
8
COPPER
90
24
70
1
10
25.9870
20
-89.2135
10
25.7614
20
-89.3219
10
25.5803
20
-89.4947
10
25.4615
20
-89.7150
10
25.4166
20
-89.9613
10
25.4500
20
-90.2093
10
25.4912
20
-90.3471
10
25.5997
20
-90.5726
10
25.7725
20
-90.7537
10
25.9928
20
-90.8725
10
26.2390
20
-90.9174
10
26.4871
20
-90.8840
10
27.8119
20
-90.4874
10
28.0375
20
-90.3790
10
28.2186
20
-90.2061
10
28.3374
20
-89.9858
10
28.3823
20
-89.7396
10
28.3489
20
-89.4915
10
28.3077
20
-89.3538
10
28.1992
20
-89.1282
10
28.0264
20
-88.9472
10
27.8061
20
-88.8284
10
27.5599
20
-88.7835
10
27.3118
20
-88.8169
0
LWPOLYLINE
8
COPPER
90
24
70
1
10
36.1683
20
-85.5934
10
35.9568
20
-85.7272
10
35.7971
20
-85.9199
10
35.7046
20
-86.1525
10
35.6886
20
-86.4023
10
35.7506
20
-86.6448
10
35.8075
20
-86.7768
10
35.9414
20
-86.9883
10
36.1341
20
-87.1481
10
36.3667
20
-87.2405
10
36.6165
20
-87.2565
10
36.8590
20
-87.1945
10
38.1288
20
-86.6468
10
38.3403
20
-86.5129
10
38.5001
20
-86.3202
10
38.5925
20
-86.0876
10
38.6085
20
-85.8378
10
38.5465
20
-85.5953
10
38.4896
20
-85.4633
10
38.3557
20
-85.2518
10
38.1631
20
-85.0921
10
37.9304
20
-84.9997
10
37.6807
20
-84.9836
10
37.4382
20
-85.0456
0
LWPOLYLINE
8
COPPER
90
24
70
1
10
45.8605
20
-80.8157
10
45.6660
20
-80.9733
10
45.5297
20
-81.1832
10
45.4649
20
-81.4249
10
45.4780
20
-81.6749
10
45.5677
20
-81.9086
10
45.6396
20
-82.0330
10
45.7971
20
-82.2276
10
46.0070
20
-82.3639
10
46.2488
20
-82.4287
10
46.4987
20
-82.4156
10
46.7324
20
-82.3259
10
47.9301
20
-81.6344
10
48.1246
20
-81.4769
10
48.2609
20
-81.2670
10
48.3257
20
-81.0252
10
48.3126
20
-80.7752
10
48.2229
20
-80.5416
10
48.1510
20
-80.4171
10
47.9935
20
-80.2226
10
47.7836
20
-80.0862
10
47.5418
20
-80.0215
10
47.2919
20
-80.0346
10
47.0582
20
-80.1243
0
LWPOLYLINE
8
COPPER
90
24
70
1
10
54.9326
20
-74.9452
10
54.7577
20
-75.1242
10
54.6466
20
-75.3486
10
54.6104
20
-75.5962
10
54.6524
20
-75.8430
10
54.7686
20
-76.0646
10
54.8544
20
-76.1799
10
55.0335
20
-76.3549
10
55.2578
20
-76.4659
10
55.5055
20
-76.5022
10
55.7522
20
-76.4601
10
55.9739
20
-76.3439
10
57.0832
20
-75.5181
10
57.2581
20
-75.3390
10
57.3691
20
-75.1147
10
57.4054
20
-74.8671
10
57.3634
20
-74.6203
10
57.2471
20
-74.3986
10
57.1613
20
-74.2833
10
56.9823
20
-74.1084
10
56.7580
20
-73.9974
10
56.5103
20
-73.9611
10
56.2636
20
-74.0031
10
56.0419
20
-74.1194
0
LWPOLYLINE
8
COPPER
90
24
70
1
10
63.2618
20
-68.0612
10
63.1088
20
-68.2593
10
63.0246
20
-68.4950
10
63.0173
20
-68.7452
10
63.0877
20
-68.9854
10
63.2288
20
-69.1921
10
63.3275
20
-69.2966
10
63.5256
20
-69.4496
10
63.7613
20
-69.5338
10
64.0115
20
-69.5411
10
64.2517
20
-69.4707
10
64.4584
20
-69.3295
10
65.4643
20
-68.3805
10
65.6173
20
-68.1824
10
65.7015
20
-67.9467
10
65.7088
20
-67.6965
10
65.6384
20
-67.4563
10
65.4972
20
-67.2496
10
65.3986
20
-67.1450
10
65.2004
20
-66.9921
10
64.9647
20
-66.9079
10
64.7146
20
-66.9006
10
64.4744
20
-66.9710
10
64.2677
20
-67.1121
0
LWPOLYLINE
8
COPPER
90
24
70
1
10
70.7354
20
-60.2567
10
70.6065
20
-60.4713
10
70.5502
20
-60.7151
10
70.5720
20
-60.9645
10
70.6698
20
-61.1949
10
70.8340
20
-61.3838
10
70.9441
20
-61.4762
10
71.1587
20
-61.6051
10
71.4026
20
-61.6614
10
71.6519
20
-61.6396
10
71.8823
20
-61.5418
10
72.0712
20
-61.3776
10
72.9602
20
-60.3182
10
73.0891
20
-60.1036
10
73.1454
20
-59.8598
10
73.1236
20
-59.6104
10
73.0258
20
-59.3800
10
72.8616
20
-59.1911
10
72.7514
20
-59.0987
10
72.5369
20
-58.9698
10
72.2930
20
-58.9135
10
72.0437
20
-58.9353
10
71.8133
20
-59.0331
10
71.6244
20
-59.1973
0
LWPOLYLINE
8
COPPER
90
24
70
1
10
77.2525
20
-51.6374
10
77.1494
20
-51.8655
10
77.1218
20
-52.1142
10
77.1724
20
-52.3594
10
77.2963
20
-52.5768
10
77.4813
20
-52.7454
10
77.6014
20
-52.8244
10
77.8295
20
-52.9275
10
78.0782
20
-52.9551
10
78.3233
20
-52.9045
10
78.5408
20
-52.7806
10
78.7094
20
-52.5956
10
79.4693
20
-51.4402
10
79.5725
20
-51.2121
10
79.6001
20
-50.9633
10
79.5495
20
-50.7182
10
79.4256
20
-50.5007
10
79.2406
20
-50.3322
10
79.1205
20
-50.2532
10
78.8924
20
-50.1501
10
78.6436
20
-50.1224
10
78.3985
20
-50.1731
10
78.1810
20
-50.2969
10
78.0125
20
-50.4820
0
LWPOLYLINE
8
COPPER
90
24
70
1
10
82.7249
20
-42.3198
10
82.6489
20
-42.5583
10
82.6504
20
-42.8086
10
82.7291
20
-43.0462
10
82.8774
20
-43.2478
10
83.0808
20
-43.3937
10
83.2092
20
-43.4582
10
83.4477
20
-43.5342
10
83.6980
20
-43.5327
10
83.9356
20
-43.4540
10
84.1372
20
-43.3057
10
84.2832
20
-43.1024
10
84.9038
20
-41.8665
10
84.9798
20
-41.6280
10
84.9783
20
-41.3777
10
84.8996
20
-41.1402
10
84.7513
20
-40.9385
10
84.5480
20
-40.7926
10
84.4195
20
-40.7281
10
84.1810
20
-40.6521
10
83.9307
20
-40.6536
10
83.6931
20
-40.7323
10
83.4915
20
-40.8806
10
83.3456
20
-41.0839
0
LWPOLYLINE
8
COPPER
90
24
70
1
10
87.0786
20
-32.4299
10
87.0308
20
-32.6756
10
87.0613
20
-32.9240
10
87.1671
20
-33.1508
10
87.3378
20
-33.3339
10
87.5567
20
-33.4552
10
87.6918
20
-33.5044
10
87.9375
20
-33.5522
10
88.1859
20
-33.5217
10
88.4128
20
-33.4159
10
88.5958
20
-33.2452
10
88.7172
20
-33.0263
10
89.1902
20
-31.7267
10
89.2379
20
-31.4810
10
89.2074
20
-31.2326
10
89.1016
20
-31.0057
10
88.9309
20
-30.8227
10
88.7120
20
-30.7013
10
88.5769
20
-30.6522
10
88.3312
20
-30.6044
10
88.0828
20
-30.6349
10
87.8560
20
-30.7407
10
87.6729
20
-30.9114
10
87.5516
20
-31.1303
0
LWPOLYLINE
8
COPPER
90
24
70
1
10
90.2546
20
-22.1014
10
90.2357
20
-22.3510
10
90.2949
20
-22.5942
10
90.4263
20
-22.8072
10
90.6171
20
-22.9692
10
90.8486
20
-23.0643
10
90.9885
20
-23.0975
10
91.2380
20
-23.1164
10
91.4813
20
-23.0572
10
91.6943
20
-22.9258
10
91.8563
20
-22.7350
10
91.9514
20
-22.5035
10
92.2703
20
-21.1578
10
92.2892
20
-20.9083
10
92.2301
20
-20.6650
10
92.0987
20
-20.4520
10
91.9079
20
-20.2900
10
91.6764
20
-20.1949
10
91.5365
20
-20.1618
10
91.2869
20
-20.1428
10
91.0437
20
-20.2020
10
90.8307
20
-20.3334
10
90.6687
20
-20.5242
10
90.5736
20
-20.7557
0
LWPOLYLINE
8
COPPER
90
24
70
1
10
92.2102
20
-11.4740
10
92.2204
20
-11.7241
10
92.3074
20
-11.9588
10
92.4626
20
-12.1551
10
92.6709
20
-12.2939
10
92.9119
20
-12.3615
10
93.0547
20
-12.3782
10
93.3048
20
-12.3680
10
93.5395
20
-12.2810
10
93.7358
20
-12.1258
10
93.8746
20
-11.9174
10
93.9422
20
-11.6764
10
94.1027
20
-10.3028
10
94.0925
20
-10.0528
10
94.0055
20
-9.8181
10
93.8503
20
-9.6217
10
93.6420
20
-9.4830
10
93.4010
20
-9.4154
10
93.2582
20
-9.3987
10
93.0081
20
-9.4089
10
92.7734
20
-9.4959
10
92.5771
20
-9.6511
10
92.4383
20
-9.8594
10
92.3707
20
-10.1004
0
LWPOLYLINE
8
COPPER
90
24
70
1
10
95.1125
20
-0.6915
10
95.1517
20
-0.9387
10
95.2653
20
-1.1617
10
95.4423
20
-1.3387
10
95.6653
20
-1.4523
10
95.9125
20
-1.4915
10
96.0563
20
-1.4915
10
96.3035
20
-1.4523
10
96.5265
20
-1.3387
10
96.7035
20
-1.1617
10
96.8171
20
-0.9387
10
96.8563
20
-0.6915
10
96.8563
20
0.6915
10
96.8171
20
0.9387
10
96.7035
20
1.1617
10
96.5265
20
1.3387
10
96.3035
20
1.4523
10
96.0563
20
1.4915
10
95.9125
20
1.4915
10
95.6653
20
1.4523
10
95.4423
20
1.3387
10
95.2653
20
1.1617
10
95.1517
20
0.9387
10
95.1125
20
0.6915
0
LWPOLYLINE
8
COPPER
90
24
70
1
10
94.5497
20
10.3551
10
94.6172
20
10.1141
10
94.7560
20
9.9058
10
94.9523
20
9.7505
10
95.1870
20
9.6636
10
95.4371
20
9.6534
10
95.5799
20
9.6701
10
95.8209
20
9.7376
10
96.0292
20
9.8764
10
96.1845
20
10.0727
10
96.2714
20
10.3074
10
96.2816
20
10.5575
10
96.1211
20
11.9311
10
96.0535
20
12.1721
10
95.9147
20
12.3804
10
95.7184
20
12.5357
10
95.4837
20
12.6227
10
95.2336
20
12.6328
10
95.0908
20
12.6162
10
94.8498
20
12.5486
10
94.6415
20
12.4098
10
94.4863
20
12.2135
10
94.3993
20
11.9788
10
94.3891
20
11.7287
0
LWPOLYLINE
8
COPPER
90
24
70
1
10
92.7082
20
21.2616
10
92.8033
20
21.0301
10
92.9653
20
20.8393
10
93.1783
20
20.7079
10
93.4215
20
20.6488
10
93.6711
20
20.6677
10
93.8110
20
20.7008
10
94.0425
20
20.7959
10
94.2333
20
20.9579
10
94.3647
20
21.1710
10
94.4239
20
21.4142
10
94.4049
20
21.6637
10
94.0860
20
23.0094
10
93.9909
20
23.2409
10
93.8289
20
23.4317
10
93.6159
20
23.5631
10
93.3727
20
23.6223
10
93.1231
20
23.6034
10
92.9832
20
23.5702
10
92.7517
20
23.4751
10
92.5609
20
23.3131
10
92.4295
20
23.1001
10
92.3704
20
22.8569
10
92.3893
20
22.6073
0
LWPOLYLINE
8
COPPER
90
24
70
1
10
89.6130
20
31.8806
10
89.7344
20
31.6617
10
89.9174
20
31.4910
10
90.1443
20
31.3852
10
90.3927
20
31.3547
10
90.6384
20
31.4025
10
90.7735
20
31.4516
10
90.9924
20
31.5730
10
91.1631
20
31.7560
10
91.2689
20
31.9829
10
91.2994
20
32.2313
10
91.2516
20
32.4770
10
90.7786
20
33.7766
10
90.6573
20
33.9955
10
90.4742
20
34.1662
10
90.2474
20
34.2720
10
89.9989
20
34.3025
10
89.7532
20
34.2547
10
89.6182
20
34.2055
10
89.3992
20
34.0842
10
89.2285
20
33.9011
10
89.1228
20
33.6743
10
89.0923
20
33.4259
10
89.1400
20
33.1802
0
LWPOLYLINE
8
COPPER
90
24
70
1
10
85.3060
20
42.0685
10
85.4519
20
41.8651
10
85.6535
20
41.7168
10
85.8911
20
41.6381
10
86.1414
20
41.6367
10
86.3799
20
41.7126
10
86.5084
20
41.7771
10
86.7117
20
41.9231
10
86.8600
20
42.1247
10
86.9387
20
42.3623
10
86.9402
20
42.6126
10
86.8642
20
42.8511
10
86.2436
20
44.0869
10
86.0976
20
44.2903
10
85.8960
20
44.4386
10
85.6584
20
44.5173
10
85.4081
20
44.5188
10
85.1696
20
44.4428
10
85.0412
20
44.3783
10
84.8378
20
44.2323
10
84.6895
20
44.0307
10
84.6108
20
43.7931
10
84.6093
20
43.5428
10
84.6853
20
43.3043
0
LWPOLYLINE
8
COPPER
90
24
70
1
10
79.8453
20
51.6875
10
80.0139
20
51.5024
10
80.2314
20
51.3785
10
80.4765
20
51.3279
10
80.7252
20
51.3555
10
80.9533
20
51.4587
10
81.0734
20
51.5377
10
81.2584
20
51.7062
10
81.3823
20
51.9237
10
81.4329
20
52.1688
10
81.4053
20
52.4176
10
81.3022
20
52.6457
10
80.5422
20
53.8011
10
80.3737
20
53.9861
10
80.1562
20
54.1100
10
79.9111
20
54.1606
10
79.6623
20
54.1330
10
79.4342
20
54.0299
10
79.3141
20
53.9509
10
79.1291
20
53.7823
10
79.0052
20
53.5648
10
78.9546
20
53.3197
10
78.9822
20
53.0710
10
79.0854
20
52.8429
0
LWPOLYLINE
8
COPPER
90
24
70
1
10
73.3049
20
60.6074
10
73.4938
20
60.4432
10
73.7242
20
60.3454
10
73.9735
20
60.3236
10
74.2174
20
60.3799
10
74.4319
20
60.5088
10
74.5421
20
60.6012
10
74.7063
20
60.7901
10
74.8041
20
61.0205
10
74.8259
20
61.2699
10
74.7696
20
61.5138
10
74.6407
20
61.7283
10
73.7517
20
62.7877
10
73.5628
20
62.9519
10
73.3324
20
63.0497
10
73.0831
20
63.0715
10
72.8392
20
63.0152
10
72.6247
20
62.8863
10
72.5145
20
62.7939
10
72.3503
20
62.6050
10
72.2525
20
62.3746
10
72.2307
20
62.1253
10
72.2870
20
61.8814
10
72.4159
20
61.6668
0
LWPOLYLINE
8
COPPER
90
24
70
1
10
65.7731
20
68.7078
10
65.9798
20
68.5666
10
66.2200
20
68.4962
10
66.4702
20
68.5035
10
66.7059
20
68.5878
10
66.9040
20
68.7407
10
67.0027
20
68.8453
10
67.1438
20
69.0520
10
67.2142
20
69.2922
10
67.2069
20
69.5423
10
67.1227
20
69.7780
10
66.9698
20
69.9762
10
65.9638
20
70.9252
10
65.7571
20
71.0664
10
65.5169
20
71.1368
10
65.2668
20
71.1295
10
65.0311
20
71.0452
10
64.8329
20
70.8923
10
64.7343
20
70.7877
10
64.5931
20
70.5811
10
64.5227
20
70.3409
10
64.5300
20
70.0907
10
64.6142
20
69.8550
10
64.7672
20
69.6568
0
LWPOLYLINE
8
COPPER
90
24
70
1
10
57.3519
20
75.8790
10
57.5736
20
75.7628
10
57.8203
20
75.7208
10
58.0680
20
75.7570
10
58.2923
20
75.8681
10
58.4713
20
76.0430
10
58.5572
20
76.1583
10
58.6734
20
76.3800
10
58.7154
20
76.6267
10
58.6791
20
76.8744
10
58.5681
20
77.0987
10
58.3932
20
77.2777
10
57.2839
20
78.1036
10
57.0622
20
78.2198
10
56.8155
20
78.2618
10
56.5678
20
78.2255
10
56.3435
20
78.1145
10
56.1645
20
77.9396
10
56.0786
20
77.8243
10
55.9624
20
77.6026
10
55.9204
20
77.3559
10
55.9567
20
77.1082
10
56.0677
20
76.8839
10
56.2426
20
76.7049
0
LWPOLYLINE
8
COPPER
90
24
70
1
10
48.1551
20
82.0241
10
48.3888
20
81.9344
10
48.6387
20
81.9213
10
48.8805
20
81.9861
10
49.0904
20
82.1224
10
49.2479
20
82.3169
10
49.3198
20
82.4414
10
49.4095
20
82.6751
10
49.4226
20
82.9250
10
49.3578
20
83.1668
10
49.2215
20
83.3767
10
49.0270
20
83.5342
10
47.8293
20
84.2257
10
47.5956
20
84.3154
10
47.3457
20
84.3285
10
47.1039
20
84.2637
10
46.8940
20
84.1274
10
46.7365
20
83.9329
10
46.6646
20
83.8084
10
46.5749
20
83.5747
10
46.5618
20
83.3248
10
46.6266
20
83.0830
10
46.7629
20
82.8731
10
46.9574
20
82.7156
0
LWPOLYLINE
8
COPPER
90
24
70
1
10
38.3071
20
87.0599
10
38.5496
20
86.9980
10
38.7993
20
87.0140
10
39.0320
20
87.1064
10
39.2246
20
87.2662
10
39.3585
20
87.4777
10
39.4154
20
87.6097
10
39.4774
20
87.8522
10
39.4614
20
88.1019
10
39.3690
20
88.3345
10
39.2092
20
88.5272
10
38.9977
20
88.6611
10
37.7279
20
89.2088
10
37.4854
20
89.2708
10
37.2356
20
89.2548
10
37.0030
20
89.1624
10
36.8103
20
89.0026
10
36.6764
20
88.7911
10
36.6195
20
88.6591
10
36.5575
20
88.4166
10
36.5735
20
88.1669
10
36.6660
20
87.9342
10
36.8257
20
87.7416
10
37.0372
20
87.6077
0
LWPOLYLINE
8
COPPER
90
24
70
1
10
27.9410
20
90.9185
10
28.1891
20
90.8851
10
28.4353
20
90.9300
10
28.6556
20
91.0488
10
28.8284
20
91.2298
10
28.9368
20
91.4554
10
28.9781
20
91.5931
10
29.0115
20
91.8412
10
28.9666
20
92.0874
10
28.8478
20
92.3077
10
28.6667
20
92.4805
10
28.4411
20
92.5890
10
27.1163
20
92.9856
10
26.8682
20
93.0190
10
26.6220
20
92.9741
10
26.4017
20
92.8553
10
26.2288
20
92.6742
10
26.1204
20
92.4486
10
26.0792
20
92.3109
10
26.0458
20
92.0629
10
26.0907
20
91.8166
10
26.2095
20
91.5963
10
26.3905
20
91.4235
10
26.6161
20
91.3151
0
LWPOLYLINE
8
COPPER
90
24
70
1
10
17.1971
20
93.5475
10
17.4473
20
93.5431
10
17.6867
20
93.6163
10
17.8917
20
93.7598
10
18.0424
20
93.9597
10
18.1238
20
94.1964
10
18.1488
20
94.3379
10
18.1532
20
94.5882
10
18.0800
20
94.8276
10
17.9364
20
95.0326
10
17.7365
20
95.1832
10
17.4999
20
95.2647
10
16.1379
20
95.5049
10
15.8877
20
95.5092
10
15.6483
20
95.4360
10
15.4433
20
95.2925
10
15.2927
20
95.0926
10
15.2112
20
94.8559
10
15.1862
20
94.7144
10
15.1818
20
94.4641
10
15.2550
20
94.2248
10
15.3986
20
94.0197
10
15.5985
20
93.8691
10
15.8351
20
93.7876
0
LWPOLYLINE
8
COPPER
90
24
70
1
10
6.2206
20
94.9114
10
6.4697
20
94.9361
10
6.6989
20
95.0366
10
6.8859
20
95.2030
10
7.0123
20
95.4190
10
7.0658
20
95.6635
10
7.0741
20
95.8070
10
7.0494
20
96.0561
10
6.9489
20
96.2853
10
6.7825
20
96.4723
10
6.5665
20
96.5987
10
6.3220
20
96.6522
10
4.9414
20
96.7326
10
4.6923
20
96.7079
10
4.4631
20
96.6074
10
4.2761
20
96.4410
10
4.1497
20
96.2250
10
4.0962
20
95.9805
10
4.0879
20
95.8370
10
4.1126
20
95.5879
10
4.2130
20
95.3586
10
4.3794
20
95.1717
10
4.5955
20
95.0453
10
4.8400
20
94.9918
0
LWPOLYLINE
8
COPPER
90
24
70
1
10
-4.8400
20
94.9918
10
-4.5955
20
95.0453
10
-4.3794
20
95.1717
10
-4.2130
20
95.3586
10
-4.1126
20
95.5879
10
-4.0879
20
95.8370
10
-4.0962
20
95.9805
10
-4.1497
20
96.2250
10
-4.2761
20
96.4410
10
-4.4631
20
96.6074
10
-4.6923
20
96.7079
10
-4.9414
20
96.7326
10
-6.3220
20
96.6522
10
-6.5665
20
96.5987
10
-6.7825
20
96.4723
10
-6.9489
20
96.2853
10
-7.0494
20
96.0561
10
-7.0741
20
95.8070
10
-7.0658
20
95.6635
10
-7.0123
20
95.4190
10
-6.8859
20
95.2030
10
-6.6989
20
95.0366
10
-6.4697
20
94.9361
10
-6.2206
20
94.9114
0
LWPOLYLINE
8
COPPER
90
24
70
1
10
-15.8351
20
93.7876
10
-15.5985
20
93.8691
10
-15.3986
20
94.0197
10
-15.2550
20
94.2248
10
-15.1818
20
94.4641
10
-15.1862
20
94.7144
10
-15.2112
20
94.8559
10
-15.2927
20
95.0926
10
-15.4433
20
95.2925
10
-15.6483
20
95.4360
10
-15.8877
20
95.5092
10
-16.1379
20
95.5049
10
-17.4999
20
95.2647
10
-17.7365
20
95.1832
10
-17.9364
20
95.0326
10
-18.0800
20
94.8276
10
-18.1532
20
94.5882
10
-18.1488
20
94.3379
10
-18.1238
20
94.1964
10
-18.0424
20
93.9597
10
-17.8917
20
93.7598
10
-17.6867
20
93.6163
10
-17.4473
20
93.5431
10
-17.1971
20
93.5475
0
LWPOLYLINE
8
COPPER
90
24
70
1
10
-26.6161
20
91.3151
10
-26.3905
20
91.4235
10
-26.2095
20
91.5963
10
-26.0907
20
91.8166
10
-26.0458
20
92.0629
10
-26.0792
20
92.3109
10
-26.1204
20
92.4486
10
-26.2288
20
92.6742
10
-26.4017
20
92.8553
10
-26.6220
20
92.9741
10
-26.8682
20
93.0190
10
-27.1163
20
92.9856
10
-28.4411
20
92.5890
10
-28.6667
20
92.4805
10
-28.8478
20
92.3077
10
-28.9666
20
92.0874
10
-29.0115
20
91.8412
10
-28.9781
20
91.5931
10
-28.9368
20
91.4554
10
-28.8284
20
91.2298
10
-28.6556
20
91.0488
10
-28.4353
20
90.9300
10
-28.1891
20
90.8851
10
-27.9410
20
90.9185
0
LWPOLYLINE
8
COPPER
90
24
70
1
10
-37.0372
20
87.6077
10
-36.8257
20
87.7416
10
-36.6660
20
87.9342
10
-36.5735
20
88.1669
10
-36.5575
20
88.4166
10
-36.6195
20
88.6591
10
-36.6764
20
88.7911
10
-36.8103
20
89.0026
10
-37.0030
20
89.1624
10
-37.2356
20
89.2548
10
-37.4854
20
89.2708
10
-37.7279
20
89.2088
10
-38.9977
20
88.6611
10
-39.2092
20
88.5272
10
-39.3690
20
88.3345
10
-39.4614
20
88.1019
10
-39.4774
20
87.8522
10
-39.4154
20
87.6097
10
-39.3585
20
87.4777
10
-39.2246
20
87.2662
10
-39.0320
20
87.1064
10
-38.7993
20
87.0140
10
-38.5496
20
86.9980
10
-38.3071
20
87.0599
0
LWPOLYLINE
8
COPPER
90
24
70
1
10
-46.9574
20
82.7156
10
-46.7629
20
82.8731
10
-46.6266
20
83.0830
10
-46.5618
20
83.3248
10
-46.5749
20
83.5747
10
-46.6646
20
83.8084
10
-46.7365
20
83.9329
10
-46.8940
20
84.1274
10
-47.1039
20
84.2637
10
-47.3457
20
84.3285
10
-47.5956
20
84.3154
10
-47.8293
20
84.2257
10
-49.0270
20
83.5342
10
-49.2215
20
83.3767
10
-49.3578
20
83.1668
10
-49.4226
20
82.9250
10
-49.4095
20
82.6751
10
-49.3198
20
82.4414
10
-49.2479
20
82.3169
10
-49.0904
20
82.1224
10
-48.8805
20
81.9861
10
-48.6387
20
81.9213
10
-48.3888
20
81.9344
10
-48.1551
20
82.0241
0
LWPOLYLINE
8
COPPER
90
24
70
1
10
-56.2426
20
76.7049
10
-56.0677
20
76.8839
10
-55.9567
20
77.1082
10
-55.9204
20
77.3559
10
-55.9624
20
77.6026
10
-56.0786
20
77.8243
10
-56.1645
20
77.9396
10
-56.3435
20
78.1145
10
-56.5678
20
78.2255
10
-56.8155
20
78.2618
10
-57.0622
20
78.2198
10
-57.2839
20
78.1036
10
-58.3932
20
77.2777
10
-58.5681
20
77.0987
10
-58.6791
20
76.8744
10
-58.7154
20
76.6267
10
-58.6734
20
76.3800
10
-58.5572
20
76.1583
10
-58.4713
20
76.0430
10
-58.2923
20
75.8681
10
-58.0680
20
75.7570
10
-57.8203
20
75.7208
10
-57.5736
20
75.7628
10
-57.3519
20
75.8790
0
LWPOLYLINE
8
COPPER
90
24
70
1
10
-64.7672
20
69.6568
10
-64.6142
20
69.8550
10
-64.5300
20
70.0907
10
-64.5227
20
70.3409
10
-64.5931
20
70.5811
10
-64.7343
20
70.7877
10
-64.8329
20
70.8923
10
-65.0311
20
71.0452
10
-65.2668
20
71.1295
10
-65.5169
20
71.1368
10
-65.7571
20
71.0664
10
-65.9638
20
70.9252
10
-66.9698
20
69.9762
10
-67.1227
20
69.7780
10
-67.2069
20
69.5423
10
-67.2142
20
69.2922
10
-67.1438
20
69.0520
10
-67.0027
20
68.8453
10
-66.9040
20
68.7407
10
-66.7059
20
68.5878
10
-66.4702
20
68.5035
10
-66.2200
20
68.4962
10
-65.9798
20
68.5666
10
-65.7731
20
68.7078
0
LWPOLYLINE
8
COPPER
90
24
70
1
10
-72.4159
20
61.6668
10
-72.2870
20
61.8814
10
-72.2307
20
62.1253
10
-72.2525
20
62.3746
10
-72.3503
20
62.6050
10
-72.5145
20
62.7939
10
-72.6247
20
62.8863
10
-72.8392
20
63.0152
10
-73.0831
20
63.0715
10
-73.3324
20
63.0497
10
-73.5628
20
62.9519
10
-73.7517
20
62.7877
10
-74.6407
20
61.7283
10
-74.7696
20
61.5138
10
-74.8259
20
61.2699
10
-74.8041
20
61.0205
10
-74.7063
20
60.7901
10
-74.5421
20
60.6012
10
-74.4319
20
60.5088
10
-74.2174
20
60.3799
10
-73.9735
20
60.3236
10
-73.7242
20
60.3454
10
-73.4938
20
60.4432
10
-73.3049
20
60.6074
0
LWPOLYLINE
8
COPPER
90
24
70
1
10
-79.0854
20
52.8429
10
-78.9822
20
53.0710
10
-78.9546
20
53.3197
10
-79.0052
20
53.5648
10
-79.1291
20
53.7823
10
-79.3141
20
53.9509
10
-79.4342
20
54.0299
10
-79.6623
20
54.1330
10
-79.9111
20
54.1606
10
-80.1562
20
54.1100
10
-80.3737
20
53.9861
10
-80.5422
20
53.8011
10
-81.3022
20
52.6457
10
-81.4053
20
52.4176
10
-81.4329
20
52.1688
10
-81.3823
20
51.9237
10
-81.2584
20
51.7062
10
-81.0734
20
51.5377
10
-80.9533
20
51.4587
10
-80.7252
20
51.3555
10
-80.4765
20
51.3279
10
-80.2314
20
51.3785
10
-80.0139
20
51.5024
10
-79.8453
20
51.6875
0
LWPOLYLINE
8
COPPER
90
24
70
1
10
-84.6853
20
43.3043
10
-84.6093
20
43.5428
10
-84.6108
20
43.7931
10
-84.6895
20
44.0307
10
-84.8378
20
44.2323
10
-85.0412
20
44.3783
10
-85.1696
20
44.4428
10
-85.4081
20
44.5188
10
-85.6584
20
44.5173
10
-85.8960
20
44.4386
10
-86.0976
20
44.2903
10
-86.2436
20
44.0869
10
-86.8642
20
42.8511
10
-86.9402
20
42.6126
10
-86.9387
20
42.3623
10
-86.8600
20
42.1247
10
-86.7117
20
41.9231
10
-86.5084
20
41.7771
10
-86.3799
20
41.7126
10
-86.1414
20
41.6367
10
-85.8911
20
41.6381
10
-85.6535
20
41.7168
10
-85.4519
20
41.8651
10
-85.3060
20
42.0685
0
LWPOLYLINE
8
COPPER
90
24
70
1
10
-89.1400
20
33.1802
10
-89.0923
20
33.4259
10
-89.1228
20
33.6743
10
-89.2285
20
33.9011
10
-89.3992
20
34.0842
10
-89.6182
20
34.2055
10
-89.7532
20
34.2547
10
-89.9989
20
34.3025
10
-90.2474
20
34.2720
10
-90.4742
20
34.1662
10
-90.6573
20
33.9955
10
-90.7786
20
33.7766
10
-91.2516
20
32.4770
10
-91.2994
20
32.2313
10
-91.2689
20
31.9829
10
-91.1631
20
31.7560
10
-90.9924
20
31.5730
10
-90.7735
20
31.4516
10
-90.6384
20
31.4025
10
-90.3927
20
31.3547
10
-90.1443
20
31.3852
10
-89.9174
20
31.4910
10
-89.7344
20
31.6617
10
-89.6130
20
31.8806
0
LWPOLYLINE
8
COPPER
90
24
70
1
10
-92.3893
20
22.6073
10
-92.3704
20
22.8569
10
-92.4295
20
23.1001
10
-92.5609
20
23.3131
10
-92.7517
20
23.4751
10
-92.9832
20
23.5702
10
-93.1231
20
23.6034
10
-93.3727
20
23.6223
10
-93.6159
20
23.5631
10
-93.8289
20
23.4317
10
-93.9909
20
23.2409
10
-94.0860
20
23.0094
10
-94.4049
20
21.6637
10
-94.4239
20
21.4142
10
-94.3647
20
21.1710
10
-94.2333
20
20.9579
10
-94.0425
20
20.7959
10
-93.8110
20
20.7008
10
-93.6711
20
20.6677
10
-93.4215
20
20.6488
10
-93.1783
20
20.7079
10
-92.9653
20
20.8393
10
-92.8033
20
21.0301
10
-92.7082
20
21.2616
0
LWPOLYLINE
8
COPPER
90
24
70
1
10
-94.3891
20
11.7287
10
-94.3993
20
11.9788
10
-94.4863
20
12.2135
10
-94.6415
20
12.4098
10
-94.8498
20
12.5486
10
-95.0908
20
12.6162
10
-95.2336
20
12.6328
10
-95.4837
20
12.6227
10
-95.7184
20
12.5357
10
-95.9147
20
12.3804
10
-96.0535
20
12.1721
10
-96.1211
20
11.9311
10
-96.2816
20
10.5575
10
-96.2714
20
10.3074
10
-96.1845
20
10.0727
10
-96.0292
20
9.8764
10
-95.8209
20
9.7376
10
-95.5799
20
9.6701
10
-95.4371
20
9.6534
10
-95.1870
20
9.6636
10
-94.9523
20
9.7505
10
-94.7560
20
9.9058
10
-94.6172
20
10.1141
10
-94.5497
20
10.3551
0
LWPOLYLINE
8
COPPER
90
24
70
1
10
-95.1125
20
0.6915
10
-95.1517
20
0.9387
10
-95.2653
20
1.1617
10
-95.4423
20
1.3387
10
-95.6653
20
1.4523
10
-95.9125
20
1.4915
10
-96.0563
20
1.4915
10
-96.3035
20
1.4523
10
-96.5265
20
1.3387
10
-96.7035
20
1.1617
10
-96.8171
20
0.9387
10
-96.8563
20
0.6915
10
-96.8563
20
-0.6915
10
-96.8171
20
-0.9387
10
-96.7035
20
-1.1617
10
-96.5265
20
-1.3387
10
-96.3035
20
-1.4523
10
-96.0563
20
-1.4915
10
-95.9125
20
-1.4915
10
-95.6653
20
-1.4523
10
-95.4423
20
-1.3387
10
-95.2653
20
-1.1617
10
-95.1517
20
-0.9387
10
-95.1125
20
-0.6915
0
LWPOLYLINE
8
COPPER
90
24
70
1
10
-94.5497
20
-10.3551
10
-94.6172
20
-10.1141
10
-94.7560
20
-9.9058
10
-94.9523
20
-9.7505
10
-95.1870
20
-9.6636
10
-95.4371
20
-9.6534
10
-95.5799
20
-9.6701
10
-95.8209
20
-9.7376
10
-96.0292
20
-9.8764
10
-96.1845
20
-10.0727
10
-96.2714
20
-10.3074
10
-96.2816
20
-10.5575
10
-96.1211
20
-11.9311
10
-96.0535
20
-12.1721
10
-95.9147
20
-12.3804
10
-95.7184
20
-12.5357
10
-95.4837
20
-12.6227
10
-95.2336
20
-12.6328
10
-95.0908
20
-12.6162
10
-94.8498
20
-12.5486
10
-94.6415
20
-12.4098
10
-94.4863
20
-12.2135
10
-94.3993
20
-11.9788
10
-94.3891
20
-11.7287
0
LWPOLYLINE
8
COPPER
90
24
70
1
10
-92.7082
20
-21.2616
10
-92.8033
20
-21.0301
10
-92.9653
20
-20.8393
10
-93.1783
20
-20.7079
10
-93.4215
20
-20.6488
10
-93.6711
20
-20.6677
10
-93.8110
20
-20.7008
10
-94.0425
20
-20.7959
10
-94.2333
20
-20.9579
10
-94.3647
20
-21.1710
10
-94.4239
20
-21.4142
10
-94.4049
20
-21.6637
10
-94.0860
20
-23.0094
10
-93.9909
20
-23.2409
10
-93.8289
20
-23.4317
10
-93.6159
20
-23.5631
10
-93.3727
20
-23.6223
10
-93.1231
20
-23.6034
10
-92.9832
20
-23.5702
10
-92.7517
20
-23.4751
10
-92.5609
20
-23.3131
10
-92.4295
20
-23.1001
10
-92.3704
20
-22.8569
10
-92.3893
20
-22.6073
0
LWPOLYLINE
8
COPPER
90
24
70
1
10
-89.6130
20
-31.8806
10
-89.7344
20
-31.6617
10
-89.9174
20
-31.4910
10
-90.1443
20
-31.3852
10
-90.3927
20
-31.3547
10
-90.6384
20
-31.4025
10
-90.7735
20
-31.4516
10
-90.9924
20
-31.5730
10
-91.1631
20
-31.7560
10
-91.2689
20
-31.9829
10
-91.2994
20
-32.2313
10
-91.2516
20
-32.4770
10
-90.7786
20
-33.7766
10
-90.6573
20
-33.9955
10
-90.4742
20
-34.1662
10
-90.2474
20
-34.2720
10
-89.9989
20
-34.3025
10
-89.7532
20
-34.2547
10
-89.6182
20
-34.2055
10
-89.3992
20
-34.0842
10
-89.2285
20
-33.9011
10
-89.1228
20
-33.6743
10
-89.0923
20
-33.4259
10
-89.1400
20
-33.1802
0
LWPOLYLINE
8
COPPER
90
24
70
1
10
-85.3060
20
-42.0685
10
-85.4519
20
-41.8651
10
-85.6535
20
-41.7168
10
-85.8911
20
-41.6381
10
-86.1414
20
-41.6367
10
-86.3799
20
-41.7126
10
-86.5084
20
-41.7771
10
-86.7117
20
-41.9231
10
-86.8600
20
-42.1247
10
-86.9387
20
-42.3623
10
-86.9402
20
-42.6126
10
-86.8642
20
-42.8511
10
-86.2436
20
-44.0869
10
-86.0976
20
-44.2903
10
-85.8960
20
-44.4386
10
-85.6584
20
-44.5173
10
-85.4081
20
-44.5188
10
-85.1696
20
-44.4428
10
-85.0412
20
-44.3783
10
-84.8378
20
-44.2323
10
-84.6895
20
-44.0307
10
-84.6108
20
-43.7931
10
-84.6093
20
-43.5428
10
-84.6853
20
-43.3043
0
LWPOLYLINE
8
COPPER
90
24
70
1
10
-79.8453
20
-51.6875
10
-80.0139
20
-51.5024
10
-80.2314
20
-51.3785
10
-80.4765
20
-51.3279
10
-80.7252
20
-51.3555
10
-80.9533
20
-51.4587
10
-81.0734
20
-51.5377
10
-81.2584
20
-51.7062
10
-81.3823
20
-51.9237
10
-81.4329
20
-52.1688
10
-81.4053
20
-52.4176
10
-81.3022
20
-52.6457
10
-80.5422
20
-53.8011
10
-80.3737
20
-53.9861
10
-80.1562
20
-54.1100
10
-79.9111
20
-54.1606
10
-79.6623
20
-54.1330
10
-79.4342
20
-54.0299
10
-79.3141
20
-53.9509
10
-79.1291
20
-53.7823
10
-79.0052
20
-53.5648
10
-78.9546
20
-53.3197
10
-78.9822
20
-53.0710
10
-79.0854
20
-52.8429
0
LWPOLYLINE
8
COPPER
90
24
70
1
10
-73.3049
20
-60.6074
10
-73.4938
20
-60.4432
10
-73.7242
20
-60.3454
10
-73.9735
20
-60.3236
10
-74.2174
20
-60.3799
10
-74.4319
20
-60.5088
10
-74.5421
20
-60.6012
10
-74.7063
20
-60.7901
10
-74.8041
20
-61.0205
10
-74.8259
20
-61.2699
10
-74.7696
20
-61.5138
10
-74.6407
20
-61.7283
10
-73.7517
20
-62.7877
10
-73.5628
20
-62.9519
10
-73.3324
20
-63.0497
10
-73.0831
20
-63.0715
10
-72.8392
20
-63.0152
10
-72.6247
20
-62.8863
10
-72.5145
20
-62.7939
10
-72.3503
20
-62.6050
10
-72.2525
20
-62.3746
10
-72.2307
20
-62.1253
10
-72.2870
20
-61.8814
10
-72.4159
20
-61.6668
0
LWPOLYLINE
8
COPPER
90
24
70
1
10
-65.7731
20
-68.7078
10
-65.9798
20
-68.5666
10
-66.2200
20
-68.4962
10
-66.4702
20
-68.5035
10
-66.7059
20
-68.5878
10
-66.9040
20
-68.7407
10
-67.0027
20
-68.8453
10
-67.1438
20
-69.0520
10
-67.2142
20
-69.2922
10
-67.2069
20
-69.5423
10
-67.1227
20
-69.7780
10
-66.9698
20
-69.9762
10
-65.9638
20
-70.9252
10
-65.7571
20
-71.0664
10
-65.5169
20
-71.1368
10
-65.2668
20
-71.1295
10
-65.0311
20
-71.0452
10
-64.8329
20
-70.8923
10
-64.7343
20
-70.7877
10
-64.5931
20
-70.5811
10
-64.5227
20
-70.3409
10
-64.5300
20
-70.0907
10
-64.6142
20
-69.8550
10
-64.7672
20
-69.6568
0
LWPOLYLINE
8
COPPER
90
24
70
1
10
-57.3519
20
-75.8790
10
-57.5736
20
-75.7628
10
-57.8203
20
-75.7208
10
-58.0680
20
-75.7570
10
-58.2923
20
-75.8681
10
-58.4713
20
-76.0430
10
-58.5572
20
-76.1583
10
-58.6734
20
-76.3800
10
-58.7154
20
-76.6267
10
-58.6791
20
-76.8744
10
-58.5681
20
-77.0987
10
-58.3932
20
-77.2777
10
-57.2839
20
-78.1036
10
-57.0622
20
-78.2198
10
-56.8155
20
-78.2618
10
-56.5678
20
-78.2255
10
-56.3435
20
-78.1145
10
-56.1645
20
-77.9396
10
-56.0786
20
-77.8243
10
-55.9624
20
-77.6026
10
-55.9204
20
-77.3559
10
-55.9567
20
-77.1082
10
-56.0677
20
-76.8839
10
-56.2426
20
-76.7049
0
LWPOLYLINE
8
COPPER
90
24
70
1
10
-48.1551
20
-82.0241
10
-48.3888
20
-81.9344
10
-48.6387
20
-81.9213
10
-48.8805
20
-81.9861
10
-49.0904
20
-82.1224
10
-49.2479
20
-82.3169
10
-49.3198
20
-82.4414
10
-49.4095
20
-82.6751
10
-49.4226
20
-82.9250
10
-49.3578
20
-83.1668
10
-49.2215
20
-83.3767
10
-49.0270
20
-83.5342
10
-47.8293
20
-84.2257
10
-47.5956
20
-84.3154
10
-47.3457
20
-84.3285
10
-47.1039
20
-84.2637
10
-46.8940
20
-84.1274
10
-46.7365
20
-83.9329
10
-46.6646
20
-83.8084
10
-46.5749
20
-83.5747
10
-46.5618
20
-83.3248
10
-46.6266
20
-83.0830
10
-46.7629
20
-82.8731
10
-46.9574
20
-82.7156
0
LWPOLYLINE
8
COPPER
90
24
70
1
10
-38.3071
20
-87.0599
10
-38.5496
20
-86.9980
10
-38.7993
20
-87.0140
10
-39.0320
20
-87.1064
10
-39.2246
20
-87.2662
10
-39.3585
20
-87.4777
10
-39.4154
20
-87.6097
10
-39.4774
20
-87.8522
10
-39.4614
20
-88.1019
10
-39.3690
20
-88.3345
10
-39.2092
20
-88.5272
10
-38.9977
20
-88.6611
10
-37.7279
20
-89.2088
10
-37.4854
20
-89.2708
10
-37.2356
20
-89.2548
10
-37.0030
20
-89.1624
10
-36.8103
20
-89.0026
10
-36.6764
20
-88.7911
10
-36.6195
20
-88.6591
10
-36.5575
20
-88.4166
10
-36.5735
20
-88.1669
10
-36.6660
20
-87.9342
10
-36.8257
20
-87.7416
10
-37.0372
20
-87.6077
0
LWPOLYLINE
8
COPPER
90
24
70
1
10
-27.9410
20
-90.9185
10
-28.1891
20
-90.8851
10
-28.4353
20
-90.9300
10
-28.6556
20
-91.0488
10
-28.8284
20
-91.2298
10
-28.9368
20
-91.4554
10
-28.9781
20
-91.5931
10
-29.0115
20
-91.8412
10
-28.9666
20
-92.0874
10
-28.8478
20
-92.3077
10
-28.6667
20
-92.4805
10
-28.4411
20
-92.5890
10
-27.1163
20
-92.9856
10
-26.8682
20
-93.0190
10
-26.6220
20
-92.9741
10
-26.4017
20
-92.8553
10
-26.2288
20
-92.6742
10
-26.1204
20
-92.4486
10
-26.0792
20
-92.3109
10
-26.0458
20
-92.0629
10
-26.0907
20
-91.8166
10
-26.2095
20
-91.5963
10
-26.3905
20
-91.4235
10
-26.6161
20
-91.3151
0
LWPOLYLINE
8
COPPER
90
24
70
1
10
-17.1971
20
-93.5475
10
-17.4473
20
-93.5431
10
-17.6867
20
-93.6163
10
-17.8917
20
-93.7598
10
-18.0424
20
-93.9597
10
-18.1238
20
-94.1964
10
-18.1488
20
-94.3379
10
-18.1532
20
-94.5882
10
-18.0800
20
-94.8276
10
-17.9364
20
-95.0326
10
-17.7365
20
-95.1832
10
-17.4999
20
-95.2647
10
-16.1379
20
-95.5049
10
-15.8877
20
-95.5092
10
-15.6483
20
-95.4360
10
-15.4433
20
-95.2925
10
-15.2927
20
-95.0926
10
-15.2112
20
-94.8559
10
-15.1862
20
-94.7144
10
-15.1818
20
-94.4641
10
-15.2550
20
-94.2248
10
-15.3986
20
-94.0197
10
-15.5985
20
-93.8691
10
-15.8351
20
-93.7876
0
LWPOLYLINE
8
COPPER
90
24
70
1
10
-6.2206
20
-94.9114
10
-6.4697
20
-94.9361
10
-6.6989
20
-95.0366
10
-6.8859
20
-95.2030
10
-7.0123
20
-95.4190
10
-7.0658
20
-95.6635
10
-7.0741
20
-95.8070
10
-7.0494
20
-96.0561
10
-6.9489
20
-96.2853
10
-6.7825
20
-96.4723
10
-6.5665
20
-96.5987
10
-6.3220
20
-96.6522
10
-4.9414
20
-96.7326
10
-4.6923
20
-96.7079
10
-4.4631
20
-96.6074
10
-4.2761
20
-96.4410
10
-4.1497
20
-96.2250
10
-4.0962
20
-95.9805
10
-4.0879
20
-95.8370
10
-4.1126
20
-95.5879
10
-4.2130
20
-95.3586
10
-4.3794
20
-95.1717
10
-4.5955
20
-95.0453
10
-4.8400
20
-94.9918
0
LWPOLYLINE
8
COPPER
90
24
70
1
10
4.8400
20
-94.9918
10
4.5955
20
-95.0453
10
4.3794
20
-95.1717
10
4.2130
20
-95.3586
10
4.1126
20
-95.5879
10
4.0879
20
-95.8370
10
4.0962
20
-95.9805
10
4.1497
20
-96.2250
10
4.2761
20
-96.4410
10
4.4631
20
-96.6074
10
4.6923
20
-96.7079
10
4.9414
20
-96.7326
10
6.3220
20
-96.6522
10
6.5665
20
-96.5987
10
6.7825
20
-96.4723
10
6.9489
20
-96.2853
10
7.0494
20
-96.0561
10
7.0741
20
-95.8070
10
7.0658
20
-95.6635
10
7.0123
20
-95.4190
10
6.8859
20
-95.2030
10
6.6989
20
-95.0366
10
6.4697
20
-94.9361
10
6.2206
20
-94.9114
0
LWPOLYLINE
8
COPPER
90
24
70
1
10
15.8351
20
-93.7876
10
15.5985
20
-93.8691
10
15.3986
20
-94.0197
10
15.2550
20
-94.2248
10
15.1818
20
-94.4641
10
15.1862
20
-94.7144
10
15.2112
20
-94.8559
10
15.2927
20
-95.0926
10
15.4433
20
-95.2925
10
15.6483
20
-95.4360
10
15.8877
20
-95.5092
10
16.1379
20
-95.5049
10
17.4999
20
-95.2647
10
17.7365
20
-95.1832
10
17.9364
20
-95.0326
10
18.0800
20
-94.8276
10
18.1532
20
-94.5882
10
18.1488
20
-94.3379
10
18.1238
20
-94.1964
10
18.0424
20
-93.9597
10
17.8917
20
-93.7598
10
17.6867
20
-93.6163
10
17.4473
20
-93.5431
10
17.1971
20
-93.5475
0
LWPOLYLINE
8
COPPER
90
24
70
1
10
26.6161
20
-91.3151
10
26.3905
20
-91.4235
10
26.2095
20
-91.5963
10
26.0907
20
-91.8166
10
26.0458
20
-92.0629
10
26.0792
20
-92.3109
10
26.1204
20
-92.4486
10
26.2288
20
-92.6742
10
26.4017
20
-92.8553
10
26.6220
20
-92.9741
10
26.8682
20
-93.0190
10
27.1163
20
-92.9856
10
28.4411
20
-92.5890
10
28.6667
20
-92.4805
10
28.8478
20
-92.3077
10
28.9666
20
-92.0874
10
29.0115
20
-91.8412
10
28.9781
20
-91.5931
10
28.9368
20
-91.4554
10
28.8284
20
-91.2298
10
28.6556
20
-91.0488
10
28.4353
20
-90.9300
10
28.1891
20
-90.8851
10
27.9410
20
-90.9185
0
LWPOLYLINE
8
COPPER
90
24
70
1
10
37.0372
20
-87.6077
10
36.8257
20
-87.7416
10
36.6660
20
-87.9342
10
36.5735
20
-88.1669
10
36.5575
20
-88.4166
10
36.6195
20
-88.6591
10
36.6764
20
-88.7911
10
36.8103
20
-89.0026
10
37.0030
20
-89.1624
10
37.2356
20
-89.2548
10
37.4854
20
-89.2708
10
37.7279
20
-89.2088
10
38.9977
20
-88.6611
10
39.2092
20
-88.5272
10
39.3690
20
-88.3345
10
39.4614
20
-88.1019
10
39.4774
20
-87.8522
10
39.4154
20
-87.6097
10
39.3585
20
-87.4777
10
39.2246
20
-87.2662
10
39.0320
20
-87.1064
10
38.7993
20
-87.0140
10
38.5496
20
-86.9980
10
38.3071
20
-87.0599
0
LWPOLYLINE
8
COPPER
90
24
70
1
10
46.9574
20
-82.7156
10
46.7629
20
-82.8731
10
46.6266
20
-83.0830
10
46.5618
20
-83.3248
10
46.5749
20
-83.5747
10
46.6646
20
-83.8084
10
46.7365
20
-83.9329
10
46.8940
20
-84.1274
10
47.1039
20
-84.2637
10
47.3457
20
-84.3285
10
47.5956
20
-84.3154
10
47.8293
20
-84.2257
10
49.0270
20
-83.5342
10
49.2215
20
-83.3767
10
49.3578
20
-83.1668
10
49.4226
20
-82.9250
10
49.4095
20
-82.6751
10
49.3198
20
-82.4414
10
49.2479
20
-82.3169
10
49.0904
20
-82.1224
10
48.8805
20
-81.9861
10
48.6387
20
-81.9213
10
48.3888
20
-81.9344
10
48.1551
20
-82.0241
0
LWPOLYLINE
8
COPPER
90
24
70
1
10
56.2426
20
-76.7049
10
56.0677
20
-76.8839
10
55.9567
20
-77.1082
10
55.9204
20
-77.3559
10
55.9624
20
-77.6026
10
56.0786
20
-77.8243
10
56.1645
20
-77.9396
10
56.3435
20
-78.1145
10
56.5678
20
-78.2255
10
56.8155
20
-78.2618
10
57.0622
20
-78.2198
10
57.2839
20
-78.1036
10
58.3932
20
-77.2777
10
58.5681
20
-77.0987
10
58.6791
20
-76.8744
10
58.7154
20
-76.6267
10
58.6734
20
-76.3800
10
58.5572
20
-76.1583
10
58.4713
20
-76.0430
10
58.2923
20
-75.8681
10
58.0680
20
-75.7570
10
57.8203
20
-75.7208
10
57.5736
20
-75.7628
10
57.3519
20
-75.8790
0
LWPOLYLINE
8
COPPER
90
24
70
1
10
64.7672
20
-69.6568
10
64.6142
20
-69.8550
10
64.5300
20
-70.0907
10
64.5227
20
-70.3409
10
64.5931
20
-70.5811
10
64.7343
20
-70.7877
10
64.8329
20
-70.8923
10
65.0311
20
-71.0452
10
65.2668
20
-71.1295
10
65.5169
20
-71.1368
10
65.7571
20
-71.0664
10
65.9638
20
-70.9252
10
66.9698
20
-69.9762
10
67.1227
20
-69.7780
10
67.2069
20
-69.5423
10
67.2142
20
-69.2922
10
67.1438
20
-69.0520
10
67.0027
20
-68.8453
10
66.9040
20
-68.7407
10
66.7059
20
-68.5878
10
66.4702
20
-68.5035
10
66.2200
20
-68.4962
10
65.9798
20
-68.5666
10
65.7731
20
-68.7078
0
LWPOLYLINE
8
COPPER
90
24
70
1
10
72.4159
20
-61.6668
10
72.2870
20
-61.8814
10
72.2307
20
-62.1253
10
72.2525
20
-62.3746
10
72.3503
20
-62.6050
10
72.5145
20
-62.7939
10
72.6247
20
-62.8863
10
72.8392
20
-63.0152
10
73.0831
20
-63.0715
10
73.3324
20
-63.0497
10
73.5628
20
-62.9519
10
73.7517
20
-62.7877
10
74.6407
20
-61.7283
10
74.7696
20
-61.5138
10
74.8259
20
-61.2699
10
74.8041
20
-61.0205
10
74.7063
20
-60.7901
10
74.5421
20
-60.6012
10
74.4319
20
-60.5088
10
74.2174
20
-60.3799
10
73.9735
20
-60.3236
10
73.7242
20
-60.3454
10
73.4938
20
-60.4432
10
73.3049
20
-60.6074
0
LWPOLYLINE
8
COPPER
90
24
70
1
10
79.0854
20
-52.8429
10
78.9822
20
-53.0710
10
78.9546
20
-53.3197
10
79.0052
20
-53.5648
10
79.1291
20
-53.7823
10
79.3141
20
-53.9509
10
79.4342
20
-54.0299
10
79.6623
20
-54.1330
10
79.9111
20
-54.1606
10
80.1562
20
-54.1100
10
80.3737
20
-53.9861
10
80.5422
20
-53.8011
10
81.3022
20
-52.6457
10
81.4053
20
-52.4176
10
81.4329
20
-52.1688
10
81.3823
20
-51.9237
10
81.2584
20
-51.7062
10
81.0734
20
-51.5377
10
80.9533
20
-51.4587
10
80.7252
20
-51.3555
10
80.4765
20
-51.3279
10
80.2314
20
-51.3785
10
80.0139
20
-51.5024
10
79.8453
20
-51.6875
0
LWPOLYLINE
8
COPPER
90
24
70
1
10
84.6853
20
-43.3043
10
84.6093
20
-43.5428
10
84.6108
20
-43.7931
10
84.6895
20
-44.0307
10
84.8378
20
-44.2323
10
85.0412
20
-44.3783
10
85.1696
20
-44.4428
10
85.4081
20
-44.5188
10
85.6584
20
-44.5173
10
85.8960
20
-44.4386
10
86.0976
20
-44.2903
10
86.2436
20
-44.0869
10
86.8642
20
-42.8511
10
86.9402
20
-42.6126
10
86.9387
20
-42.3623
10
86.8600
20
-42.1247
10
86.7117
20
-41.9231
10
86.5084
20
-41.7771
10
86.3799
20
-41.7126
10
86.1414
20
-41.6367
10
85.8911
20
-41.6381
10
85.6535
20
-41.7168
10
85.4519
20
-41.8651
10
85.3060
20
-42.0685
0
LWPOLYLINE
8
COPPER
90
24
70
1
10
89.1400
20
-33.1802
10
89.0923
20
-33.4259
10
89.1228
20
-33.6743
10
89.2285
20
-33.9011
10
89.3992
20
-34.0842
10
89.6182
20
-34.2055
10
89.7532
20
-34.2547
10
89.9989
20
-34.3025
10
90.2474
20
-34.2720
10
90.4742
20
-34.1662
10
90.6573
20
-33.9955
10
90.7786
20
-33.7766
10
91.2516
20
-32.4770
10
91.2994
20
-32.2313
10
91.2689
20
-31.9829
10
91.1631
20
-31.7560
10
90.9924
20
-31.5730
10
90.7735
20
-31.4516
10
90.6384
20
-31.4025
10
90.3927
20
-31.3547
10
90.1443
20
-31.3852
10
89.9174
20
-31.4910
10
89.7344
20
-31.6617
10
89.6130
20
-31.8806
0
LWPOLYLINE
8
COPPER
90
24
70
1
10
92.3893
20
-22.6073
10
92.3704
20
-22.8569
10
92.4295
20
-23.1001
10
92.5609
20
-23.3131
10
92.7517
20
-23.4751
10
92.9832
20
-23.5702
10
93.1231
20
-23.6034
10
93.3727
20
-23.6223
10
93.6159
20
-23.5631
10
93.8289
20
-23.4317
10
93.9909
20
-23.2409
10
94.0860
20
-23.0094
10
94.4049
20
-21.6637
10
94.4239
20
-21.4142
10
94.3647
20
-21.1710
10
94.2333
20
-20.9579
10
94.0425
20
-20.7959
10
93.8110
20
-20.7008
10
93.6711
20
-20.6677
10
93.4215
20
-20.6488
10
93.1783
20
-20.7079
10
92.9653
20
-20.8393
10
92.8033
20
-21.0301
10
92.7082
20
-21.2616
0
LWPOLYLINE
8
COPPER
90
24
70
1
10
94.3891
20
-11.7287
10
94.3993
20
-11.9788
10
94.4863
20
-12.2135
10
94.6415
20
-12.4098
10
94.8498
20
-12.5486
10
95.0908
20
-12.6162
10
95.2336
20
-12.6328
10
95.4837
20
-12.6227
10
95.7184
20
-12.5357
10
95.9147
20
-12.3804
10
96.0535
20
-12.1721
10
96.1211
20
-11.9311
10
96.2816
20
-10.5575
10
96.2714
20
-10.3074
10
96.1845
20
-10.0727
10
96.0292
20
-9.8764
10
95.8209
20
-9.7376
10
95.5799
20
-9.6701
10
95.4371
20
-9.6534
10
95.1870
20
-9.6636
10
94.9523
20
-9.7505
10
94.7560
20
-9.9058
10
94.6172
20
-10.1141
10
94.5497
20
-10.3551
0
LWPOLYLINE
8
COPPER
90
24
70
1
10
97.3063
20
-0.6915
10
97.3454
20
-0.9387
10
97.4590
20
-1.1617
10
97.6360
20
-1.3387
10
97.8590
20
-1.4523
10
98.1063
20
-1.4915
10
98.2500
20
-1.4915
10
98.4972
20
-1.4523
10
98.7202
20
-1.3387
10
98.8972
20
-1.1617
10
99.0108
20
-0.9387
10
99.0500
20
-0.6915
10
99.0500
20
0.6915
10
99.0108
20
0.9387
10
98.8972
20
1.1617
10
98.7202
20
1.3387
10
98.4972
20
1.4523
10
98.2500
20
1.4915
10
98.1063
20
1.4915
10
97.8590
20
1.4523
10
97.6360
20
1.3387
10
97.4590
20
1.1617
10
97.3454
20
0.9387
10
97.3063
20
0.6915
0
LWPOLYLINE
8
COPPER
90
24
70
1
10
96.7286
20
10.6098
10
96.7962
20
10.3688
10
96.9349
20
10.1605
10
97.1313
20
10.0052
10
97.3660
20
9.9182
10
97.6160
20
9.9080
10
97.7588
20
9.9247
10
97.9998
20
9.9923
10
98.2081
20
10.1311
10
98.3634
20
10.3274
10
98.4503
20
10.5621
10
98.4605
20
10.8122
10
98.3000
20
12.1858
10
98.2324
20
12.4268
10
98.0936
20
12.6351
10
97.8973
20
12.7904
10
97.6626
20
12.8773
10
97.4125
20
12.8875
10
97.2697
20
12.8708
10
97.0287
20
12.8032
10
96.8204
20
12.6645
10
96.6652
20
12.4682
10
96.5782
20
12.2335
10
96.5680
20
11.9834
0
LWPOLYLINE
8
COPPER
90
24
70
1
10
94.8428
20
21.7675
10
94.9379
20
21.5360
10
95.0999
20
21.3452
10
95.3130
20
21.2138
10
95.5562
20
21.1547
10
95.8057
20
21.1736
10
95.9456
20
21.2067
10
96.1771
20
21.3018
10
96.3679
20
21.4638
10
96.4993
20
21.6769
10
96.5585
20
21.9201
10
96.5396
20
22.1697
10
96.2206
20
23.5153
10
96.1255
20
23.7469
10
95.9635
20
23.9377
10
95.7505
20
24.0691
10
95.5073
20
24.1282
10
95.2577
20
24.1093
10
95.1178
20
24.0761
10
94.8863
20
23.9810
10
94.6955
20
23.8190
10
94.5641
20
23.6060
10
94.5050
20
23.3628
10
94.5239
20
23.1132
0
LWPOLYLINE
8
COPPER
90
24
70
1
10
91.6745
20
32.6309
10
91.7958
20
32.4120
10
91.9789
20
32.2413
10
92.2057
20
32.1355
10
92.4541
20
32.1050
10
92.6998
20
32.1528
10
92.8349
20
32.2019
10
93.0538
20
32.3233
10
93.2245
20
32.5063
10
93.3303
20
32.7332
10
93.3608
20
32.9816
10
93.3131
20
33.2273
10
92.8401
20
34.5269
10
92.7187
20
34.7458
10
92.5357
20
34.9165
10
92.3088
20
35.0223
10
92.0604
20
35.0528
10
91.8147
20
35.0050
10
91.6796
20
34.9558
10
91.4607
20
34.8345
10
91.2900
20
34.6514
10
91.1842
20
34.4246
10
91.1537
20
34.1762
10
91.2015
20
33.9305
0
LWPOLYLINE
8
COPPER
90
24
70
1
10
87.2664
20
43.0530
10
87.4123
20
42.8497
10
87.6139
20
42.7014
10
87.8515
20
42.6227
10
88.1018
20
42.6212
10
88.3403
20
42.6972
10
88.4688
20
42.7617
10
88.6721
20
42.9076
10
88.8204
20
43.1093
10
88.8992
20
43.3469
10
88.9006
20
43.5971
10
88.8246
20
43.8356
10
88.2040
20
45.0715
10
88.0580
20
45.2748
10
87.8564
20
45.4231
10
87.6188
20
45.5019
10
87.3685
20
45.5033
10
87.1300
20
45.4274
10
87.0016
20
45.3628
10
86.7982
20
45.2169
10
86.6499
20
45.0153
10
86.5712
20
44.7777
10
86.5697
20
44.5274
10
86.6457
20
44.2889
0
LWPOLYLINE
8
COPPER
90
24
70
1
10
81.6782
20
52.8929
10
81.8467
20
52.7079
10
82.0642
20
52.5840
10
82.3093
20
52.5334
10
82.5581
20
52.5610
10
82.7862
20
52.6642
10
82.9063
20
52.7431
10
83.0913
20
52.9117
10
83.2152
20
53.1292
10
83.2658
20
53.3743
10
83.2382
20
53.6231
10
83.1350
20
53.8511
10
82.3751
20
55.0066
10
82.2065
20
55.1916
10
81.9890
20
55.3155
10
81.7439
20
55.3661
10
81.4952
20
55.3385
10
81.2671
20
55.2354
10
81.1470
20
55.1564
10
80.9620
20
54.9878
10
80.8381
20
54.7703
10
80.7875
20
54.5252
10
80.8151
20
54.2764
10
80.9182
20
54.0484
0
LWPOLYLINE
8
COPPER
90
24
70
1
10
74.9854
20
62.0175
10
75.1743
20
61.8533
10
75.4047
20
61.7555
10
75.6540
20
61.7337
10
75.8979
20
61.7900
10
76.1125
20
61.9189
10
76.2226
20
62.0113
10
76.3868
20
62.2002
10
76.4846
20
62.4306
10
76.5064
20
62.6800
10
76.4501
20
62.9239
10
76.3212
20
63.1384
10
75.4322
20
64.1978
10
75.2433
20
64.3620
10
75.0129
20
64.4598
10
74.7636
20
64.4816
10
74.5197
20
64.4253
10
74.3052
20
64.2964
10
74.1950
20
64.2040
10
74.0308
20
64.0151
10
73.9330
20
63.7847
10
73.9112
20
63.5354
10
73.9675
20
63.2915
10
74.0964
20
63.0770
0
LWPOLYLINE
8
COPPER
90
24
70
1
10
67.2786
20
70.3035
10
67.4852
20
70.1623
10
67.7254
20
70.0919
10
67.9756
20
70.0992
10
68.2113
20
70.1834
10
68.4095
20
70.3364
10
68.5081
20
70.4409
10
68.6493
20
70.6476
10
68.7197
20
70.8878
10
68.7124
20
71.1380
10
68.6281
20
71.3737
10
68.4752
20
71.5718
10
67.4693
20
72.5209
10
67.2626
20
72.6620
10
67.0224
20
72.7324
10
66.7722
20
72.7252
10
66.5365
20
72.6409
10
66.3384
20
72.4880
10
66.2397
20
72.3834
10
66.0986
20
72.1767
10
66.0282
20
71.9365
10
66.0355
20
71.6863
10
66.1197
20
71.4507
10
66.2726
20
71.2525
0
LWPOLYLINE
8
COPPER
90
24
70
1
10
58.6619
20
77.6387
10
58.8836
20
77.5225
10
59.1303
20
77.4804
10
59.3780
20
77.5167
10
59.6023
20
77.6277
10
59.7813
20
77.8026
10
59.8672
20
77.9180
10
59.9834
20
78.1396
10
60.0254
20
78.3864
10
59.9892
20
78.6340
10
59.8781
20
78.8583
10
59.7032
20
79.0374
10
58.5939
20
79.8632
10
58.3722
20
79.9794
10
58.1255
20
80.0215
10
57.8778
20
79.9852
10
57.6535
20
79.8742
10
57.4745
20
79.6993
10
57.3886
20
79.5839
10
57.2724
20
79.3623
10
57.2304
20
79.1155
10
57.2667
20
78.8679
10
57.3777
20
78.6436
10
57.5526
20
78.4645
0
LWPOLYLINE
8
COPPER
90
24
70
1
10
49.2520
20
83.9239
10
49.4856
20
83.8342
10
49.7356
20
83.8211
10
49.9774
20
83.8859
10
50.1873
20
84.0222
10
50.3448
20
84.2168
10
50.4167
20
84.3413
10
50.5064
20
84.5749
10
50.5195
20
84.8249
10
50.4547
20
85.0666
10
50.3184
20
85.2766
10
50.1238
20
85.4341
10
48.9262
20
86.1256
10
48.6925
20
86.2153
10
48.4425
20
86.2284
10
48.2008
20
86.1636
10
47.9909
20
86.0273
10
47.8333
20
85.8327
10
47.7615
20
85.7082
10
47.6718
20
85.4746
10
47.6587
20
85.2246
10
47.7235
20
84.9829
10
47.8598
20
84.7729
10
48.0543
20
84.6154
0
LWPOLYLINE
8
COPPER
90
24
70
1
10
39.1760
20
89.0743
10
39.4185
20
89.0123
10
39.6682
20
89.0283
10
39.9009
20
89.1207
10
40.0935
20
89.2805
10
40.2274
20
89.4920
10
40.2843
20
89.6240
10
40.3463
20
89.8665
10
40.3303
20
90.1163
10
40.2379
20
90.3489
10
40.0781
20
90.5416
10
39.8666
20
90.6754
10
38.5968
20
91.2232
10
38.3543
20
91.2851
10
38.1045
20
91.2691
10
37.8719
20
91.1767
10
37.6792
20
91.0170
10
37.5453
20
90.8055
10
37.4884
20
90.6735
10
37.4264
20
90.4310
10
37.4424
20
90.1812
10
37.5349
20
89.9486
10
37.6946
20
89.7559
10
37.9061
20
89.6220
0
LWPOLYLINE
8
COPPER
90
24
70
1
10
28.5702
20
93.0200
10
28.8182
20
92.9867
10
29.0645
20
93.0316
10
29.2848
20
93.1503
10
29.4576
20
93.3314
10
29.5660
20
93.5570
10
29.6072
20
93.6947
10
29.6406
20
93.9428
10
29.5957
20
94.1890
10
29.4769
20
94.4093
10
29.2959
20
94.5821
10
29.0703
20
94.6905
10
27.7454
20
95.0872
10
27.4974
20
95.1206
10
27.2511
20
95.0757
10
27.0308
20
94.9569
10
26.8580
20
94.7758
10
26.7496
20
94.5502
10
26.7084
20
94.4125
10
26.6750
20
94.1645
10
26.7199
20
93.9182
10
26.8387
20
93.6979
10
27.0197
20
93.5251
10
27.2453
20
93.4167
0
LWPOLYLINE
8
COPPER
90
24
70
1
10
17.5780
20
95.7079
10
17.8283
20
95.7035
10
18.0676
20
95.7767
10
18.2727
20
95.9203
10
18.4233
20
96.1201
10
18.5048
20
96.3568
10
18.5298
20
96.4984
10
18.5341
20
96.7486
10
18.4609
20
96.9880
10
18.3174
20
97.1930
10
18.1175
20
97.3436
10
17.8808
20
97.4251
10
16.5189
20
97.6653
10
16.2686
20
97.6696
10
16.0293
20
97.5965
10
15.8242
20
97.4529
10
15.6736
20
97.2530
10
15.5921
20
97.0164
10
15.5672
20
96.8748
10
15.5628
20
96.6245
10
15.6360
20
96.3852
10
15.7795
20
96.1801
10
15.9794
20
96.0295
10
16.2161
20
95.9480
0
LWPOLYLINE
8
COPPER
90
24
70
1
10
6.3482
20
97.1014
10
6.5972
20
97.1261
10
6.8265
20
97.2266
10
7.0135
20
97.3930
10
7.1399
20
97.6090
10
7.1933
20
97.8535
10
7.2017
20
97.9971
10
7.1770
20
98.2461
10
7.0765
20
98.4754
10
6.9101
20
98.6623
10
6.6941
20
98.7888
10
6.4496
20
98.8422
10
5.0689
20
98.9226
10
4.8199
20
98.8979
10
4.5906
20
98.7974
10
4.4036
20
98.6310
10
4.2772
20
98.4150
10
4.2238
20
98.1705
10
4.2154
20
98.0270
10
4.2401
20
97.7779
10
4.3406
20
97.5487
10
4.5070
20
97.3617
10
4.7230
20
97.2353
10
4.9675
20
97.1818
0
LWPOLYLINE
8
COPPER
90
24
70
1
10
-4.9675
20
97.1818
10
-4.7230
20
97.2353
10
-4.5070
20
97.3617
10
-4.3406
20
97.5487
10
-4.2401
20
97.7779
10
-4.2154
20
98.0270
10
-4.2238
20
98.1705
10
-4.2772
20
98.4150
10
-4.4036
20
98.6310
10
-4.5906
20
98.7974
10
-4.8199
20
98.8979
10
-5.0689
20
98.9226
10
-6.4496
20
98.8422
10
-6.6941
20
98.7888
10
-6.9101
20
98.6623
10
-7.0765
20
98.4754
10
-7.1770
20
98.2461
10
-7.2017
20
97.9971
10
-7.1933
20
97.8535
10
-7.1399
20
97.6090
10
-7.0135
20
97.3930
10
-6.8265
20
97.2266
10
-6.5972
20
97.1261
10
-6.3482
20
97.1014
0
LWPOLYLINE
8
COPPER
90
24
70
1
10
-16.2161
20
95.9480
10
-15.9794
20
96.0295
10
-15.7795
20
96.1801
10
-15.6360
20
96.3852
10
-15.5628
20
96.6245
10
-15.5672
20
96.8748
10
-15.5921
20
97.0164
10
-15.6736
20
97.2530
10
-15.8242
20
97.4529
10
-16.0293
20
97.5965
10
-16.2686
20
97.6696
10
-16.5189
20
97.6653
10
-17.8808
20
97.4251
10
-18.1175
20
97.3436
10
-18.3174
20
97.1930
10
-18.4609
20
96.9880
10
-18.5341
20
96.7486
10
-18.5298
20
96.4984
10
-18.5048
20
96.3568
10
-18.4233
20
96.1201
10
-18.2727
20
95.9203
10
-18.0676
20
95.7767
10
-17.8283
20
95.7035
10
-17.5780
20
95.7079
0
LWPOLYLINE
8
COPPER
90
24
70
1
10
-27.2453
20
93.4167
10
-27.0197
20
93.5251
10
-26.8387
20
93.6979
10
-26.7199
20
93.9182
10
-26.6750
20
94.1645
10
-26.7084
20
94.4125
10
-26.7496
20
94.5502
10
-26.8580
20
94.7758
10
-27.0308
20
94.9569
10
-27.2511
20
95.0757
10
-27.4974
20
95.1206
10
-27.7454
20
95.0872
10
-29.0703
20
94.6905
10
-29.2959
20
94.5821
10
-29.4769
20
94.4093
10
-29.5957
20
94.1890
10
-29.6406
20
93.9428
10
-29.6072
20
93.6947
10
-29.5660
20
93.5570
10
-29.4576
20
93.3314
10
-29.2848
20
93.1503
10
-29.0645
20
93.0316
10
-28.8182
20
92.9867
10
-28.5702
20
93.0200
0
LWPOLYLINE
8
COPPER
90
24
70
1
10
-37.9061
20
89.6220
10
-37.6946
20
89.7559
10
-37.5349
20
89.9486
10
-37.4424
20
90.1812
10
-37.4264
20
90.4310
10
-37.4884
20
90.6735
10
-37.5453
20
90.8055
10
-37.6792
20
91.0170
10
-37.8719
20
91.1767
10
-38.1045
20
91.2691
10
-38.3543
20
91.2851
10
-38.5968
20
91.2232
10
-39.8666
20
90.6754
10
-40.0781
20
90.5416
10
-40.2379
20
90.3489
10
-40.3303
20
90.1163
10
-40.3463
20
89.8665
10
-40.2843
20
89.6240
10
-40.2274
20
89.4920
10
-40.0935
20
89.2805
10
-39.9009
20
89.1207
10
-39.6682
20
89.0283
10
-39.4185
20
89.0123
10
-39.1760
20
89.0743
0
LWPOLYLINE
8
COPPER
90
24
70
1
10
-48.0543
20
84.6154
10
-47.8598
20
84.7729
10
-47.7235
20
84.9829
10
-47.6587
20
85.2246
10
-47.6718
20
85.4746
10
-47.7615
20
85.7082
10
-47.8333
20
85.8327
10
-47.9909
20
86.0273
10
-48.2008
20
86.1636
10
-48.4425
20
86.2284
10
-48.6925
20
86.2153
10
-48.9262
20
86.1256
10
-50.1238
20
85.4341
10
-50.3184
20
85.2766
10
-50.4547
20
85.0666
10
-50.5195
20
84.8249
10
-50.5064
20
84.5749
10
-50.4167
20
84.3413
10
-50.3448
20
84.2168
10
-50.1873
20
84.0222
10
-49.9774
20
83.8859
10
-49.7356
20
83.8211
10
-49.4856
20
83.8342
10
-49.2520
20
83.9239
0
LWPOLYLINE
8
COPPER
90
24
70
1
10
-57.5526
20
78.4645
10
-57.3777
20
78.6436
10
-57.2667
20
78.8679
10
-57.2304
20
79.1155
10
-57.2724
20
79.3623
10
-57.3886
20
79.5839
10
-57.4745
20
79.6993
10
-57.6535
20
79.8742
10
-57.8778
20
79.9852
10
-58.1255
20
80.0215
10
-58.3722
20
79.9794
10
-58.5939
20
79.8632
10
-59.7032
20
79.0374
10
-59.8781
20
78.8583
10
-59.9892
20
78.6340
10
-60.0254
20
78.3864
10
-59.9834
20
78.1396
10
-59.8672
20
77.9180
10
-59.7813
20
77.8026
10
-59.6023
20
77.6277
10
-59.3780
20
77.5167
10
-59.1303
20
77.4804
10
-58.8836
20
77.5225
10
-58.6619
20
77.6387
0
LWPOLYLINE
8
COPPER
90
24
70
1
10
-66.2726
20
71.2525
10
-66.1197
20
71.4507
10
-66.0355
20
71.6863
10
-66.0282
20
71.9365
10
-66.0986
20
72.1767
10
-66.2397
20
72.3834
10
-66.3384
20
72.4880
10
-66.5365
20
72.6409
10
-66.7722
20
72.7252
10
-67.0224
20
72.7324
10
-67.2626
20
72.6620
10
-67.4693
20
72.5209
10
-68.4752
20
71.5718
10
-68.6281
20
71.3737
10
-68.7124
20
71.1380
10
-68.7197
20
70.8878
10
-68.6493
20
70.6476
10
-68.5081
20
70.4409
10
-68.4095
20
70.3364
10
-68.2113
20
70.1834
10
-67.9756
20
70.0992
10
-67.7254
20
70.0919
10
-67.4852
20
70.1623
10
-67.2786
20
70.3035
0
LWPOLYLINE
8
COPPER
90
24
70
1
10
-74.0964
20
63.0770
10
-73.9675
20
63.2915
10
-73.9112
20
63.5354
10
-73.9330
20
63.7847
10
-74.0308
20
64.0151
10
-74.1950
20
64.2040
10
-74.3052
20
64.2964
10
-74.5197
20
64.4253
10
-74.7636
20
64.4816
10
-75.0129
20
64.4598
10
-75.2433
20
64.3620
10
-75.4322
20
64.1978
10
-76.3212
20
63.1384
10
-76.4501
20
62.9239
10
-76.5064
20
62.6800
10
-76.4846
20
62.4306
10
-76.3868
20
62.2002
10
-76.2226
20
62.0113
10
-76.1125
20
61.9189
10
-75.8979
20
61.7900
10
-75.6540
20
61.7337
10
-75.4047
20
61.7555
10
-75.1743
20
61.8533
10
-74.9854
20
62.0175
0
LWPOLYLINE
8
COPPER
90
24
70
1
10
-80.9182
20
54.0484
10
-80.8151
20
54.2764
10
-80.7875
20
54.5252
10
-80.8381
20
54.7703
10
-80.9620
20
54.9878
10
-81.1470
20
55.1564
10
-81.2671
20
55.2354
10
-81.4952
20
55.3385
10
-81.7439
20
55.3661
10
-81.9890
20
55.3155
10
-82.2065
20
55.1916
10
-82.3751
20
55.0066
10
-83.1350
20
53.8511
10
-83.2382
20
53.6231
10
-83.2658
20
53.3743
10
-83.2152
20
53.1292
10
-83.0913
20
52.9117
10
-82.9063
20
52.7431
10
-82.7862
20
52.6642
10
-82.5581
20
52.5610
10
-82.3093
20
52.5334
10
-82.0642
20
52.5840
10
-81.8467
20
52.7079
10
-81.6782
20
52.8929
0
LWPOLYLINE
8
COPPER
90
24
70
1
10
-86.6457
20
44.2889
10
-86.5697
20
44.5274
10
-86.5712
20
44.7777
10
-86.6499
20
45.0153
10
-86.7982
20
45.2169
10
-87.0016
20
45.3628
10
-87.1300
20
45.4274
10
-87.3685
20
45.5033
10
-87.6188
20
45.5019
10
-87.8564
20
45.4231
10
-88.0580
20
45.2748
10
-88.2040
20
45.0715
10
-88.8246
20
43.8356
10
-88.9006
20
43.5971
10
-88.8992
20
43.3469
10
-88.8204
20
43.1093
10
-88.6721
20
42.9076
10
-88.4688
20
42.7617
10
-88.3403
20
42.6972
10
-88.1018
20
42.6212
10
-87.8515
20
42.6227
10
-87.6139
20
42.7014
10
-87.4123
20
42.8497
10
-87.2664
20
43.0530
0
LWPOLYLINE
8
COPPER
90
24
70
1
10
-91.2015
20
33.9305
10
-91.1537
20
34.1762
10
-91.1842
20
34.4246
10
-91.2900
20
34.6514
10
-91.4607
20
34.8345
10
-91.6796
20
34.9558
10
-91.8147
20
35.0050
10
-92.0604
20
35.0528
10
-92.3088
20
35.0223
10
-92.5357
20
34.9165
10
-92.7187
20
34.7458
10
-92.8401
20
34.5269
10
-93.3131
20
33.2273
10
-93.3608
20
32.9816
10
-93.3303
20
32.7332
10
-93.2245
20
32.5063
10
-93.0538
20
32.3233
10
-92.8349
20
32.2019
10
-92.6998
20
32.1528
10
-92.4541
20
32.1050
10
-92.2057
20
32.1355
10
-91.9789
20
32.2413
10
-91.7958
20
32.4120
10
-91.6745
20
32.6309
0
LWPOLYLINE
8
COPPER
90
24
70
1
10
-94.5239
20
23.1132
10
-94.5050
20
23.3628
10
-94.5641
20
23.6060
10
-94.6955
20
23.8190
10
-94.8863
20
23.9810
10
-95.1178
20
24.0761
10
-95.2577
20
24.1093
10
-95.5073
20
24.1282
10
-95.7505
20
24.0691
10
-95.9635
20
23.9377
10
-96.1255
20
23.7469
10
-96.2206
20
23.5153
10
-96.5396
20
22.1697
10
-96.5585
20
21.9201
10
-96.4993
20
21.6769
10
-96.3679
20
21.4638
10
-96.1771
20
21.3018
10
-95.9456
20
21.2067
10
-95.8057
20
21.1736
10
-95.5562
20
21.1547
10
-95.3130
20
21.2138
10
-95.0999
20
21.3452
10
-94.9379
20
21.5360
10
-94.8428
20
21.7675
0
LWPOLYLINE
8
COPPER
90
24
70
1
10
-96.5680
20
11.9834
10
-96.5782
20
12.2335
10
-96.6652
20
12.4682
10
-96.8204
20
12.6645
10
-97.0287
20
12.8032
10
-97.2697
20
12.8708
10
-97.4125
20
12.8875
10
-97.6626
20
12.8773
10
-97.8973
20
12.7904
10
-98.0936
20
12.6351
10
-98.2324
20
12.4268
10
-98.3000
20
12.1858
10
-98.4605
20
10.8122
10
-98.4503
20
10.5621
10
-98.3634
20
10.3274
10
-98.2081
20
10.1311
10
-97.9998
20
9.9923
10
-97.7588
20
9.9247
10
-97.6160
20
9.9080
10
-97.3660
20
9.9182
10
-97.1313
20
10.0052
10
-96.9349
20
10.1605
10
-96.7962
20
10.3688
10
-96.7286
20
10.6098
0
LWPOLYLINE
8
COPPER
90
24
70
1
10
-97.3063
20
0.6915
10
-97.3454
20
0.9387
10
-97.4590
20
1.1617
10
-97.6360
20
1.3387
10
-97.8590
20
1.4523
10
-98.1063
20
1.4915
10
-98.2500
20
1.4915
10
-98.4972
20
1.4523
10
-98.7202
20
1.3387
10
-98.8972
20
1.1617
10
-99.0108
20
0.9387
10
-99.0500
20
0.6915
10
-99.0500
20
-0.6915
10
-99.0108
20
-0.9387
10
-98.8972
20
-1.1617
10
-98.7202
20
-1.3387
10
-98.4972
20
-1.4523
10
-98.2500
20
-1.4915
10
-98.1063
20
-1.4915
10
-97.8590
20
-1.4523
10
-97.6360
20
-1.3387
10
-97.4590
20
-1.1617
10
-97.3454
20
-0.9387
10
-97.3063
20
-0.6915
0
LWPOLYLINE
8
COPPER
90
24
70
1
10
-96.7286
20
-10.6098
10
-96.7962
20
-10.3688
10
-96.9349
20
-10.1605
10
-97.1313
20
-10.0052
10
-97.3660
20
-9.9182
10
-97.6160
20
-9.9080
10
-97.7588
20
-9.9247
10
-97.9998
20
-9.9923
10
-98.2081
20
-10.1311
10
-98.3634
20
-10.3274
10
-98.4503
20
-10.5621
10
-98.4605
20
-10.8122
10
-98.3000
20
-12.1858
10
-98.2324
20
-12.4268
10
-98.0936
20
-12.6351
10
-97.8973
20
-12.7904
10
-97.6626
20
-12.8773
10
-97.4125
20
-12.8875
10
-97.2697
20
-12.8708
10
-97.0287
20
-12.8032
10
-96.8204
20
-12.6645
10
-96.6652
20
-12.4682
10
-96.5782
20
-12.2335
10
-96.5680
20
-11.9834
0
LWPOLYLINE
8
COPPER
90
24
70
1
10
-94.8428
20
-21.7675
10
-94.9379
20
-21.5360
10
-95.0999
20
-21.3452
10
-95.3130
20
-21.2138
10
-95.5562
20
-21.1547
10
-95.8057
20
-21.1736
10
-95.9456
20
-21.2067
10
-96.1771
20
-21.3018
10
-96.3679
20
-21.4638
10
-96.4993
20
-21.6769
10
-96.5585
20
-21.9201
10
-96.5396
20
-22.1697
10
-96.2206
20
-23.5153
10
-96.1255
20
-23.7469
10
-95.9635
20
-23.9377
10
-95.7505
20
-24.0691
10
-95.5073
20
-24.1282
10
-95.2577
20
-24.1093
10
-95.1178
20
-24.0761
10
-94.8863
20
-23.9810
10
-94.6955
20
-23.8190
10
-94.5641
20
-23.6060
10
-94.5050
20
-23.3628
10
-94.5239
20
-23.1132
0
LWPOLYLINE
8
COPPER
90
24
70
1
10
-91.6745
20
-32.6309
10
-91.7958
20
-32.4120
10
-91.9789
20
-32.2413
10
-92.2057
20
-32.1355
10
-92.4541
20
-32.1050
10
-92.6998
20
-32.1528
10
-92.8349
20
-32.2019
10
-93.0538
20
-32.3233
10
-93.2245
20
-32.5063
10
-93.3303
20
-32.7332
10
-93.3608
20
-32.9816
10
-93.3131
20
-33.2273
10
-92.8401
20
-34.5269
10
-92.7187
20
-34.7458
10
-92.5357
20
-34.9165
10
-92.3088
20
-35.0223
10
-92.0604
20
-35.0528
10
-91.8147
20
-35.0050
10
-91.6796
20
-34.9558
10
-91.4607
20
-34.8345
10
-91.2900
20
-34.6514
10
-91.1842
20
-34.4246
10
-91.1537
20
-34.1762
10
-91.2015
20
-33.9305
0
LWPOLYLINE
8
COPPER
90
24
70
1
10
-87.2664
20
-43.0530
10
-87.4123
20
-42.8497
10
-87.6139
20
-42.7014
10
-87.8515
20
-42.6227
10
-88.1018
20
-42.6212
10
-88.3403
20
-42.6972
10
-88.4688
20
-42.7617
10
-88.6721
20
-42.9076
10
-88.8204
20
-43.1093
10
-88.8992
20
-43.3469
10
-88.9006
20
-43.5971
10
-88.8246
20
-43.8356
10
-88.2040
20
-45.0715
10
-88.0580
20
-45.2748
10
-87.8564
20
-45.4231
10
-87.6188
20
-45.5019
10
-87.3685
20
-45.5033
10
-87.1300
20
-45.4274
10
-87.0016
20
-45.3628
10
-86.7982
20
-45.2169
10
-86.6499
20
-45.0153
10
-86.5712
20
-44.7777
10
-86.5697
20
-44.5274
10
-86.6457
20
-44.2889
0
LWPOLYLINE
8
COPPER
90
24
70
1
10
-81.6782
20
-52.8929
10
-81.8467
20
-52.7079
10
-82.0642
20
-52.5840
10
-82.3093
20
-52.5334
10
-82.5581
20
-52.5610
10
-82.7862
20
-52.6642
10
-82.9063
20
-52.7431
10
-83.0913
20
-52.9117
10
-83.2152
20
-53.1292
10
-83.2658
20
-53.3743
10
-83.2382
20
-53.6231
10
-83.1350
20
-53.8511
10
-82.3751
20
-55.0066
10
-82.2065
20
-55.1916
10
-81.9890
20
-55.3155
10
-81.7439
20
-55.3661
10
-81.4952
20
-55.3385
10
-81.2671
20
-55.2354
10
-81.1470
20
-55.1564
10
-80.9620
20
-54.9878
10
-80.8381
20
-54.7703
10
-80.7875
20
-54.5252
10
-80.8151
20
-54.2764
10
-80.9182
20
-54.0484
0
LWPOLYLINE
8
COPPER
90
24
70
1
10
-74.9854
20
-62.0175
10
-75.1743
20
-61.8533
10
-75.4047
20
-61.7555
10
-75.6540
20
-61.7337
10
-75.8979
20
-61.7900
10
-76.1125
20
-61.9189
10
-76.2226
20
-62.0113
10
-76.3868
20
-62.2002
10
-76.4846
20
-62.4306
10
-76.5064
20
-62.6800
10
-76.4501
20
-62.9239
10
-76.3212
20
-63.1384
10
-75.4322
20
-64.1978
10
-75.2433
20
-64.3620
10
-75.0129
20
-64.4598
10
-74.7636
20
-64.4816
10
-74.5197
20
-64.4253
10
-74.3052
20
-64.2964
10
-74.1950
20
-64.2040
10
-74.0308
20
-64.0151
10
-73.9330
20
-63.7847
10
-73.9112
20
-63.5354
10
-73.9675
20
-63.2915
10
-74.0964
20
-63.0770
0
LWPOLYLINE
8
COPPER
90
24
70
1
10
-67.2786
20
-70.3035
10
-67.4852
20
-70.1623
10
-67.7254
20
-70.0919
10
-67.9756
20
-70.0992
10
-68.2113
20
-70.1834
10
-68.4095
20
-70.3364
10
-68.5081
20
-70.4409
10
-68.6493
20
-70.6476
10
-68.7197
20
-70.8878
10
-68.7124
20
-71.1380
10
-68.6281
20
-71.3737
10
-68.4752
20
-71.5718
10
-67.4693
20
-72.5209
10
-67.2626
20
-72.6620
10
-67.0224
20
-72.7324
10
-66.7722
20
-72.7252
10
-66.5365
20
-72.6409
10
-66.3384
20
-72.4880
10
-66.2397
20
-72.3834
10
-66.0986
20
-72.1767
10
-66.0282
20
-71.9365
10
-66.0355
20
-71.6863
10
-66.1197
20
-71.4507
10
-66.2726
20
-71.2525
0
LWPOLYLINE
8
COPPER
90
24
70
1
10
-58.6619
20
-77.6387
10
-58.8836
20
-77.5225
10
-59.1303
20
-77.4804
10
-59.3780
20
-77.5167
10
-59.6023
20
-77.6277
10
-59.7813
20
-77.8026
10
-59.8672
20
-77.9180
10
-59.9834
20
-78.1396
10
-60.0254
20
-78.3864
10
-59.9892
20
-78.6340
10
-59.8781
20
-78.8583
10
-59.7032
20
-79.0374
10
-58.5939
20
-79.8632
10
-58.3722
20
-79.9794
10
-58.1255
20
-80.0215
10
-57.8778
20
-79.9852
10
-57.6535
20
-79.8742
10
-57.4745
20
-79.6993
10
-57.3886
20
-79.5839
10
-57.2724
20
-79.3623
10
-57.2304
20
-79.1155
10
-57.2667
20
-78.8679
10
-57.3777
20
-78.6436
10
-57.5526
20
-78.4645
0
LWPOLYLINE
8
COPPER
90
24
70
1
10
-49.2520
20
-83.9239
10
-49.4856
20
-83.8342
10
-49.7356
20
-83.8211
10
-49.9774
20
-83.8859
10
-50.1873
20
-84.0222
10
-50.3448
20
-84.2168
10
-50.4167
20
-84.3413
10
-50.5064
20
-84.5749
10
-50.5195
20
-84.8249
10
-50.4547
20
-85.0666
10
-50.3184
20
-85.2766
10
-50.1238
20
-85.4341
10
-48.9262
20
-86.1256
10
-48.6925
20
-86.2153
10
-48.4425
20
-86.2284
10
-48.2008
20
-86.1636
10
-47.9909
20
-86.0273
10
-47.8333
20
-85.8327
10
-47.7615
20
-85.7082
10
-47.6718
20
-85.4746
10
-47.6587
20
-85.2246
10
-47.7235
20
-84.9829
10
-47.8598
20
-84.7729
10
-48.0543
20
-84.6154
0
LWPOLYLINE
8
COPPER
90
24
70
1
10
-39.1760
20
-89.0743
10
-39.4185
20
-89.0123
10
-39.6682
20
-89.0283
10
-39.9009
20
-89.1207
10
-40.0935
20
-89.2805
10
-40.2274
20
-89.4920
10
-40.2843
20
-89.6240
10
-40.3463
20
-89.8665
10
-40.3303
20
-90.1163
10
-40.2379
20
-90.3489
10
-40.0781
20
-90.5416
10
-39.8666
20
-90.6754
10
-38.5968
20
-91.2232
10
-38.3543
20
-91.2851
10
-38.1045
20
-91.2691
10
-37.8719
20
-91.1767
10
-37.6792
20
-91.0170
10
-37.5453
20
-90.8055
10
-37.4884
20
-90.6735
10
-37.4264
20
-90.4310
10
-37.4424
20
-90.1812
10
-37.5349
20
-89.9486
10
-37.6946
20
-89.7559
10
-37.9061
20
-89.6220
0
LWPOLYLINE
8
COPPER
90
24
70
1
10
-28.5702
20
-93.0200
10
-28.8182
20
-92.9867
10
-29.0645
20
-93.0316
10
-29.2848
20
-93.1503
10
-29.4576
20
-93.3314
10
-29.5660
20
-93.5570
10
-29.6072
20
-93.6947
10
-29.6406
20
-93.9428
10
-29.5957
20
-94.1890
10
-29.4769
20
-94.4093
10
-29.2959
20
-94.5821
10
-29.0703
20
-94.6905
10
-27.7454
20
-95.0872
10
-27.4974
20
-95.1206
10
-27.2511
20
-95.0757
10
-27.0308
20
-94.9569
10
-26.8580
20
-94.7758
10
-26.7496
20
-94.5502
10
-26.7084
20
-94.4125
10
-26.6750
20
-94.1645
10
-26.7199
20
-93.9182
10
-26.8387
20
-93.6979
10
-27.0197
20
-93.5251
10
-27.2453
20
-93.4167
0
LWPOLYLINE
8
COPPER
90
24
70
1
10
-17.5780
20
-95.7079
10
-17.8283
20
-95.7035
10
-18.0676
20
-95.7767
10
-18.2727
20
-95.9203
10
-18.4233
20
-96.1201
10
-18.5048
20
-96.3568
10
-18.5298
20
-96.4984
10
-18.5341
20
-96.7486
10
-18.4609
20
-96.9880
10
-18.3174
20
-97.1930
10
-18.1175
20
-97.3436
10
-17.8808
20
-97.4251
10
-16.5189
20
-97.6653
10
-16.2686
20
-97.6696
10
-16.0293
20
-97.5965
10
-15.8242
20
-97.4529
10
-15.6736
20
-97.2530
10
-15.5921
20
-97.0164
10
-15.5672
20
-96.8748
10
-15.5628
20
-96.6245
10
-15.6360
20
-96.3852
10
-15.7795
20
-96.1801
10
-15.9794
20
-96.0295
10
-16.2161
20
-95.9480
0
LWPOLYLINE
8
COPPER
90
24
70
1
10
-6.3482
20
-97.1014
10
-6.5972
20
-97.1261
10
-6.8265
20
-97.2266
10
-7.0135
20
-97.3930
10
-7.1399
20
-97.6090
10
-7.1933
20
-97.8535
10
-7.2017
20
-97.9971
10
-7.1770
20
-98.2461
10
-7.0765
20
-98.4754
10
-6.9101
20
-98.6623
10
-6.6941
20
-98.7888
10
-6.4496
20
-98.8422
10
-5.0689
20
-98.9226
10
-4.8199
20
-98.8979
10
-4.5906
20
-98.7974
10
-4.4036
20
-98.6310
10
-4.2772
20
-98.4150
10
-4.2238
20
-98.1705
10
-4.2154
20
-98.0270
10
-4.2401
20
-97.7779
10
-4.3406
20
-97.5487
10
-4.5070
20
-97.3617
10
-4.7230
20
-97.2353
10
-4.9675
20
-97.1818
0
LWPOLYLINE
8
COPPER
90
24
70
1
10
4.9675
20
-97.1818
10
4.7230
20
-97.2353
10
4.5070
20
-97.3617
10
4.3406
20
-97.5487
10
4.2401
20
-97.7779
10
4.2154
20
-98.0270
10
4.2238
20
-98.1705
10
4.2772
20
-98.4150
10
4.4036
20
-98.6310
10
4.5906
20
-98.7974
10
4.8199
20
-98.8979
10
5.0689
20
-98.9226
10
6.4496
20
-98.8422
10
6.6941
20
-98.7888
10
6.9101
20
-98.6623
10
7.0765
20
-98.4754
10
7.1770
20
-98.2461
10
7.2017
20
-97.9971
10
7.1933
20
-97.8535
10
7.1399
20
-97.6090
10
7.0135
20
-97.3930
10
6.8265
20
-97.2266
10
6.5972
20
-97.1261
10
6.3482
20
-97.1014
0
LWPOLYLINE
8
COPPER
90
24
70
1
10
16.2161
20
-95.9480
10
15.9794
20
-96.0295
10
15.7795
20
-96.1801
10
15.6360
20
-96.3852
10
15.5628
20
-96.6245
10
15.5672
20
-96.8748
10
15.5921
20
-97.0164
10
15.6736
20
-97.2530
10
15.8242
20
-97.4529
10
16.0293
20
-97.5965
10
16.2686
20
-97.6696
10
16.5189
20
-97.6653
10
17.8808
20
-97.4251
10
18.1175
20
-97.3436
10
18.3174
20
-97.1930
10
18.4609
20
-96.9880
10
18.5341
20
-96.7486
10
18.5298
20
-96.4984
10
18.5048
20
-96.3568
10
18.4233
20
-96.1201
10
18.2727
20
-95.9203
10
18.0676
20
-95.7767
10
17.8283
20
-95.7035
10
17.5780
20
-95.7079
0
LWPOLYLINE
8
COPPER
90
24
70
1
10
27.2453
20
-93.4167
10
27.0197
20
-93.5251
10
26.8387
20
-93.6979
10
26.7199
20
-93.9182
10
26.6750
20
-94.1645
10
26.7084
20
-94.4125
10
26.7496
20
-94.5502
10
26.8580
20
-94.7758
10
27.0308
20
-94.9569
10
27.2511
20
-95.0757
10
27.4974
20
-95.1206
10
27.7454
20
-95.0872
10
29.0703
20
-94.6905
10
29.2959
20
-94.5821
10
29.4769
20
-94.4093
10
29.5957
20
-94.1890
10
29.6406
20
-93.9428
10
29.6072
20
-93.6947
10
29.5660
20
-93.5570
10
29.4576
20
-93.3314
10
29.2848
20
-93.1503
10
29.0645
20
-93.0316
10
28.8182
20
-92.9867
10
28.5702
20
-93.0200
0
LWPOLYLINE
8
COPPER
90
24
70
1
10
37.9061
20
-89.6220
10
37.6946
20
-89.7559
10
37.5349
20
-89.9486
10
37.4424
20
-90.1812
10
37.4264
20
-90.4310
10
37.4884
20
-90.6735
10
37.5453
20
-90.8055
10
37.6792
20
-91.0170
10
37.8719
20
-91.1767
10
38.1045
20
-91.2691
10
38.3543
20
-91.2851
10
38.5968
20
-91.2232
10
39.8666
20
-90.6754
10
40.0781
20
-90.5416
10
40.2379
20
-90.3489
10
40.3303
20
-90.1163
10
40.3463
20
-89.8665
10
40.2843
20
-89.6240
10
40.2274
20
-89.4920
10
40.0935
20
-89.2805
10
39.9009
20
-89.1207
10
39.6682
20
-89.0283
10
39.4185
20
-89.0123
10
39.1760
20
-89.0743
0
LWPOLYLINE
8
COPPER
90
24
70
1
10
48.0543
20
-84.6154
10
47.8598
20
-84.7729
10
47.7235
20
-84.9829
10
47.6587
20
-85.2246
10
47.6718
20
-85.4746
10
47.7615
20
-85.7082
10
47.8333
20
-85.8327
10
47.9909
20
-86.0273
10
48.2008
20
-86.1636
10
48.4425
20
-86.2284
10
48.6925
20
-86.2153
10
48.9262
20
-86.1256
10
50.1238
20
-85.4341
10
50.3184
20
-85.2766
10
50.4547
20
-85.0666
10
50.5195
20
-84.8249
10
50.5064
20
-84.5749
10
50.4167
20
-84.3413
10
50.3448
20
-84.2168
10
50.1873
20
-84.0222
10
49.9774
20
-83.8859
10
49.7356
20
-83.8211
10
49.4856
20
-83.8342
10
49.2520
20
-83.9239
0
LWPOLYLINE
8
COPPER
90
24
70
1
10
57.5526
20
-78.4645
10
57.3777
20
-78.6436
10
57.2667
20
-78.8679
10
57.2304
20
-79.1155
10
57.2724
20
-79.3623
10
57.3886
20
-79.5839
10
57.4745
20
-79.6993
10
57.6535
20
-79.8742
10
57.8778
20
-79.9852
10
58.1255
20
-80.0215
10
58.3722
20
-79.9794
10
58.5939
20
-79.8632
10
59.7032
20
-79.0374
10
59.8781
20
-78.8583
10
59.9892
20
-78.6340
10
60.0254
20
-78.3864
10
59.9834
20
-78.1396
10
59.8672
20
-77.9180
10
59.7813
20
-77.8026
10
59.6023
20
-77.6277
10
59.3780
20
-77.5167
10
59.1303
20
-77.4804
10
58.8836
20
-77.5225
10
58.6619
20
-77.6387
0
LWPOLYLINE
8
COPPER
90
24
70
1
10
66.2726
20
-71.2525
10
66.1197
20
-71.4507
10
66.0355
20
-71.6863
10
66.0282
20
-71.9365
10
66.0986
20
-72.1767
10
66.2397
20
-72.3834
10
66.3384
20
-72.4880
10
66.5365
20
-72.6409
10
66.7722
20
-72.7252
10
67.0224
20
-72.7324
10
67.2626
20
-72.6620
10
67.4693
20
-72.5209
10
68.4752
20
-71.5718
10
68.6281
20
-71.3737
10
68.7124
20
-71.1380
10
68.7197
20
-70.8878
10
68.6493
20
-70.6476
10
68.5081
20
-70.4409
10
68.4095
20
-70.3364
10
68.2113
20
-70.1834
10
67.9756
20
-70.0992
10
67.7254
20
-70.0919
10
67.4852
20
-70.1623
10
67.2786
20
-70.3035
0
LWPOLYLINE
8
COPPER
90
24
70
1
10
74.0964
20
-63.0770
10
73.9675
20
-63.2915
10
73.9112
20
-63.5354
10
73.9330
20
-63.7847
10
74.0308
20
-64.0151
10
74.1950
20
-64.2040
10
74.3052
20
-64.2964
10
74.5197
20
-64.4253
10
74.7636
20
-64.4816
10
75.0129
20
-64.4598
10
75.2433
20
-64.3620
10
75.4322
20
-64.1978
10
76.3212
20
-63.1384
10
76.4501
20
-62.9239
10
76.5064
20
-62.6800
10
76.4846
20
-62.4306
10
76.3868
20
-62.2002
10
76.2226
20
-62.0113
10
76.1125
20
-61.9189
10
75.8979
20
-61.7900
10
75.6540
20
-61.7337
10
75.4047
20
-61.7555
10
75.1743
20
-61.8533
10
74.9854
20
-62.0175
0
LWPOLYLINE
8
COPPER
90
24
70
1
10
80.9182
20
-54.0484
10
80.8151
20
-54.2764
10
80.7875
20
-54.5252
10
80.8381
20
-54.7703
10
80.9620
20
-54.9878
10
81.1470
20
-55.1564
10
81.2671
20
-55.2354
10
81.4952
20
-55.3385
10
81.7439
20
-55.3661
10
81.9890
20
-55.3155
10
82.2065
20
-55.1916
10
82.3751
20
-55.0066
10
83.1350
20
-53.8511
10
83.2382
20
-53.6231
10
83.2658
20
-53.3743
10
83.2152
20
-53.1292
10
83.0913
20
-52.9117
10
82.9063
20
-52.7431
10
82.7862
20
-52.6642
10
82.5581
20
-52.5610
10
82.3093
20
-52.5334
10
82.0642
20
-52.5840
10
81.8467
20
-52.7079
10
81.6782
20
-52.8929
0
LWPOLYLINE
8
COPPER
90
24
70
1
10
86.6457
20
-44.2889
10
86.5697
20
-44.5274
10
86.5712
20
-44.7777
10
86.6499
20
-45.0153
10
86.7982
20
-45.2169
10
87.0016
20
-45.3628
10
87.1300
20
-45.4274
10
87.3685
20
-45.5033
10
87.6188
20
-45.5019
10
87.8564
20
-45.4231
10
88.0580
20
-45.2748
10
88.2040
20
-45.0715
10
88.8246
20
-43.8356
10
88.9006
20
-43.5971
10
88.8992
20
-43.3469
10
88.8204
20
-43.1093
10
88.6721
20
-42.9076
10
88.4688
20
-42.7617
10
88.3403
20
-42.6972
10
88.1018
20
-42.6212
10
87.8515
20
-42.6227
10
87.6139
20
-42.7014
10
87.4123
20
-42.8497
10
87.2664
20
-43.0530
0
LWPOLYLINE
8
COPPER
90
24
70
1
10
91.2015
20
-33.9305
10
91.1537
20
-34.1762
10
91.1842
20
-34.4246
10
91.2900
20
-34.6514
10
91.4607
20
-34.8345
10
91.6796
20
-34.9558
10
91.8147
20
-35.0050
10
92.0604
20
-35.0528
10
92.3088
20
-35.0223
10
92.5357
20
-34.9165
10
92.7187
20
-34.7458
10
92.8401
20
-34.5269
10
93.3131
20
-33.2273
10
93.3608
20
-32.9816
10
93.3303
20
-32.7332
10
93.2245
20
-32.5063
10
93.0538
20
-32.3233
10
92.8349
20
-32.2019
10
92.6998
20
-32.1528
10
92.4541
20
-32.1050
10
92.2057
20
-32.1355
10
91.9789
20
-32.2413
10
91.7958
20
-32.4120
10
91.6745
20
-32.6309
0
LWPOLYLINE
8
COPPER
90
24
70
1
10
94.5239
20
-23.1132
10
94.5050
20
-23.3628
10
94.5641
20
-23.6060
10
94.6955
20
-23.8190
10
94.8863
20
-23.9810
10
95.1178
20
-24.0761
10
95.2577
20
-24.1093
10
95.5073
20
-24.1282
10
95.7505
20
-24.0691
10
95.9635
20
-23.9377
10
96.1255
20
-23.7469
10
96.2206
20
-23.5153
10
96.5396
20
-22.1697
10
96.5585
20
-21.9201
10
96.4993
20
-21.6769
10
96.3679
20
-21.4638
10
96.1771
20
-21.3018
10
95.9456
20
-21.2067
10
95.8057
20
-21.1736
10
95.5562
20
-21.1547
10
95.3130
20
-21.2138
10
95.0999
20
-21.3452
10
94.9379
20
-21.5360
10
94.8428
20
-21.7675
0
LWPOLYLINE
8
COPPER
90
24
70
1
10
96.5680
20
-11.9834
10
96.5782
20
-12.2335
10
96.6652
20
-12.4682
10
96.8204
20
-12.6645
10
97.0287
20
-12.8032
10
97.2697
20
-12.8708
10
97.4125
20
-12.8875
10
97.6626
20
-12.8773
10
97.8973
20
-12.7904
10
98.0936
20
-12.6351
10
98.2324
20
-12.4268
10
98.3000
20
-12.1858
10
98.4605
20
-10.8122
10
98.4503
20
-10.5621
10
98.3634
20
-10.3274
10
98.2081
20
-10.1311
10
97.9998
20
-9.9923
10
97.7588
20
-9.9247
10
97.6160
20
-9.9080
10
97.3660
20
-9.9182
10
97.1313
20
-10.0052
10
96.9349
20
-10.1605
10
96.7962
20
-10.3688
10
96.7286
20
-10.6098
0
CIRCLE
8
SHAFT
10
0.0000
20
0.0000
40
22.5000
0
CIRCLE
8
SHAFT
10
0.0000
20
0.0000
40
7.0000
0
CIRCLE
8
HOUSING
10
0.0000
20
0.0000
40
119.0000
0
CIRCLE
8
HOUSING
10
0.0000
20
0.0000
40
113.0000
0
CIRCLE
8
COOLANT
10
116.0000
20
0.0000
40
2.0000
0
CIRCLE
8
COOLANT
10
100.4589
20
58.0000
40
2.0000
0
CIRCLE
8
COOLANT
10
58.0000
20
100.4589
40
2.0000
0
CIRCLE
8
COOLANT
10
0.0000
20
116.0000
40
2.0000
0
CIRCLE
8
COOLANT
10
-58.0000
20
100.4589
40
2.0000
0
CIRCLE
8
COOLANT
10
-100.4589
20
58.0000
40
2.0000
0
CIRCLE
8
COOLANT
10
-116.0000
20
0.0000
40
2.0000
0
CIRCLE
8
COOLANT
10
-100.4589
20
-58.0000
40
2.0000
0
CIRCLE
8
COOLANT
10
-58.0000
20
-100.4589
40
2.0000
0
CIRCLE
8
COOLANT
10
-0.0000
20
-116.0000
40
2.0000
0
CIRCLE
8
COOLANT
10
58.0000
20
-100.4589
40
2.0000
0
CIRCLE
8
COOLANT
10
100.4589
20
-58.0000
40
2.0000
0
CIRCLE
8
MISC
10
106.0000
20
0.0000
40
3.2500
0
CIRCLE
8
MISC
10
53.0000
20
91.7987
40
3.2500
0
CIRCLE
8
MISC
10
-53.0000
20
91.7987
40
3.2500
0
CIRCLE
8
MISC
10
-106.0000
20
0.0000
40
3.2500
0
CIRCLE
8
MISC
10
-53.0000
20
-91.7987
40
3.2500
0
CIRCLE
8
MISC
10
53.0000
20
-91.7987
40
3.2500
0
LWPOLYLINE
8
MISC
90
4
70
1
10
110.0000
20
-3.0000
10
113.0000
20
-3.0000
10
113.0000
20
3.0000
10
110.0000
20
3.0000
0
LWPOLYLINE
8
MISC
90
4
70
1
10
-110.0000
20
3.0000
10
-113.0000
20
3.0000
10
-113.0000
20
-3.0000
10
-110.0000
20
-3.0000
0
CIRCLE
8
MISC
10
39.6000
20
0.0000
40
2.5000
0
CIRCLE
8
MISC
10
19.8000
20
34.2946
40
2.5000
0
CIRCLE
8
MISC
10
-19.8000
20
34.2946
40
2.5000
0
CIRCLE
8
MISC
10
-39.6000
20
0.0000
40
2.5000
0
CIRCLE
8
MISC
10
-19.8000
20
-34.2946
40
2.5000
0
CIRCLE
8
MISC
10
19.8000
20
-34.2946
40
2.5000
0
LWPOLYLINE
8
MISC
90
4
70
1
10
11.0000
20
-6.0000
10
16.5000
20
-6.0000
10
16.5000
20
6.0000
10
11.0000
20
6.0000
0
CIRCLE
8
MISC
10
0.0000
20
0.0000
40
23.0000
0
CIRCLE
8
MISC
10
0.0000
20
0.0000
40
21.1000
0
CIRCLE
8
HOUSING
10
0.0000
20
0.0000
40
149.0000
0
CIRCLE
8
HOUSING
10
0.0000
20
0.0000
40
113.0000
0
CIRCLE
8
HOUSING
10
0.0000
20
0.0000
40
149.0000
0
CIRCLE
8
HOUSING
10
0.0000
20
0.0000
40
113.0000
0
CIRCLE
8
MISC
10
128.0000
20
0.0000
40
3.5000
0
CIRCLE
8
MISC
10
90.5097
20
90.5097
40
3.5000
0
CIRCLE
8
MISC
10
0.0000
20
128.0000
40
3.5000
0
CIRCLE
8
MISC
10
-90.5097
20
90.5097
40
3.5000
0
CIRCLE
8
MISC
10
-128.0000
20
0.0000
40
3.5000
0
CIRCLE
8
MISC
10
-90.5097
20
-90.5097
40
3.5000
0
CIRCLE
8
MISC
10
-0.0000
20
-128.0000
40
3.5000
0
CIRCLE
8
MISC
10
90.5097
20
-90.5097
40
3.5000
0
CIRCLE
8
MISC
10
128.0000
20
0.0000
40
3.5000
0
CIRCLE
8
MISC
10
90.5097
20
90.5097
40
3.5000
0
CIRCLE
8
MISC
10
0.0000
20
128.0000
40
3.5000
0
CIRCLE
8
MISC
10
-90.5097
20
90.5097
40
3.5000
0
CIRCLE
8
MISC
10
-128.0000
20
0.0000
40
3.5000
0
CIRCLE
8
MISC
10
-90.5097
20
-90.5097
40
3.5000
0
CIRCLE
8
MISC
10
-0.0000
20
-128.0000
40
3.5000
0
CIRCLE
8
MISC
10
90.5097
20
-90.5097
40
3.5000
0
CIRCLE
8
MISC
10
140.6000
20
0.0000
40
5.5000
0
CIRCLE
8
MISC
10
99.4192
20
99.4192
40
5.5000
0
CIRCLE
8
MISC
10
0.0000
20
140.6000
40
5.5000
0
CIRCLE
8
MISC
10
-99.4192
20
99.4192
40
5.5000
0
CIRCLE
8
MISC
10
-140.6000
20
0.0000
40
5.5000
0
CIRCLE
8
MISC
10
-99.4192
20
-99.4192
40
5.5000
0
CIRCLE
8
MISC
10
-0.0000
20
-140.6000
40
5.5000
0
CIRCLE
8
MISC
10
99.4192
20
-99.4192
40
5.5000
0
CIRCLE
8
MISC
10
0.0000
20
0.0000
40
149.0000
0
CIRCLE
8
MISC
10
0.0000
20
0.0000
40
40.0000
0
CIRCLE
8
MISC
10
128.0000
20
0.0000
40
3.5000
0
CIRCLE
8
MISC
10
90.5097
20
90.5097
40
3.5000
0
CIRCLE
8
MISC
10
0.0000
20
128.0000
40
3.5000
0
CIRCLE
8
MISC
10
-90.5097
20
90.5097
40
3.5000
0
CIRCLE
8
MISC
10
-128.0000
20
0.0000
40
3.5000
0
CIRCLE
8
MISC
10
-90.5097
20
-90.5097
40
3.5000
0
CIRCLE
8
MISC
10
-0.0000
20
-128.0000
40
3.5000
0
CIRCLE
8
MISC
10
90.5097
20
-90.5097
40
3.5000
0
CIRCLE
8
MISC
10
0.0000
20
0.0000
40
149.0000
0
CIRCLE
8
MISC
10
0.0000
20
0.0000
40
40.0000
0
CIRCLE
8
MISC
10
128.0000
20
0.0000
40
3.5000
0
CIRCLE
8
MISC
10
90.5097
20
90.5097
40
3.5000
0
CIRCLE
8
MISC
10
0.0000
20
128.0000
40
3.5000
0
CIRCLE
8
MISC
10
-90.5097
20
90.5097
40
3.5000
0
CIRCLE
8
MISC
10
-128.0000
20
0.0000
40
3.5000
0
CIRCLE
8
MISC
10
-90.5097
20
-90.5097
40
3.5000
0
CIRCLE
8
MISC
10
-0.0000
20
-128.0000
40
3.5000
0
CIRCLE
8
MISC
10
90.5097
20
-90.5097
40
3.5000
0
ENDSEC
0
EOF
